post_id,path,date,time,rubric,status,topic,title,tier,timezone,cultural_zone,factcheck_confidence,visual_status
AC-06.01-08-30-Greeting-ThreeKings,2026/01/06/AC-06.01-08-30-Greeting-ThreeKings.md,2026-01-06,08:01,"Greeting, Epiphany, ThreeKings, History, SacredSense, LongRead, LoreSync, HauteCouture",ГОТОВ,GREETING: EPIPHANY. ЯВЛЕНИЕ КОРОЛЕЙ И ЗОЛОТО РЕЙНА.,,,Europe/Riga,,,
AC-06.01-09-00-History-EpiphanyEssence,2026/01/06/AC-06.01-09-00-History-EpiphanyEssence.md,2026-01-06,09:01,"History, Epiphany, Theophany, Theology, Tradition, LongRead, LoreSync, HauteCouture",ГОТОВ,HISTORY: ЕПІФАНІЯ. СУТЬ ПРАЗНИКА ЯВЛЕННЯ ТА ВІЗАНТІЙСЬКЕ КОРІННЯ.,,,Europe/Riga,,,
AC-06.01-11-00-SacredSense-HolyEvening,2026/01/06/AC-06.01-11-00-SacredSense-HolyEvening.md,2026-01-06,11:01,"SacredSense, HolyEvening, EastVsWest, Symbolism, LongRead, LoreSync, HauteCouture",ГОТОВ,SACRED SENSE: СИМВОЛИЗМ СВЯТОГО ВЕЧЕРА. ВОСТОК VS ЗАПАД.,,,Europe/Riga,,,
AC-06.01-12-00-Legend-BethlehemStar,2026/01/06/AC-06.01-12-00-Legend-BethlehemStar.md,2026-01-06,12:01,"Legend, StarOfBethlehem, Astronomy, Kepler, Miracle, LongRead, LoreSync, HauteCouture",ГОТОВ,LEGEND: ВИФЛЕЄМСЬКА ЗІРКА. АСТРОНОМІЯ ЧИ ДИВО?,,,Europe/Riga,,,
AC-06.01-15-00-Symbol-ThreeGifts,2026/01/06/AC-06.01-15-00-Symbol-ThreeGifts.md,2026-01-06,15:01,"Symbol, Gifts, Gold, Frankincense, Myrrh, Alchemy, Medicine, LongRead, LoreSync, HauteCouture",ГОТОВ,"SYMBOL: ЗОЛОТО, ЛАДАН, СМИРНА. АЛХИМИЯ ДАРОВ.",,,Europe/Riga,,,
AC-06.01-18-00-Space-CologneCathedral,2026/01/06/AC-06.01-18-00-Space-CologneCathedral.md,2026-01-06,18:01,"SacredSpace, CologneCathedral, Magi, Reliquary, Gothic, Architecture, History, LongRead, LoreSync, HauteCouture",ГОТОВ,SACRED SPACE: КЕЛЬНСЬКИЙ СОБОР. УСИПАЛЬНИЦЯ ВОЛХВІВ.,,,Europe/Riga,,,
AC-06.01-21-00-Night-TwelfthNight,2026/01/06/AC-06.01-21-00-Night-TwelfthNight.md,2026-01-06,21:01,"Night, TwelfthNight, Yule, EpiphanyEve, Folklore, Perchta, WildHunt, LongRead, LoreSync, HauteCouture",ГОТОВ,NIGHT: ДВЕНАДЦАТАЯ НОЧЬ. ЗАВЕРШЕНИЕ ЙОЛЯ И ДИКАЯ ОХОТА.,,,Europe/Riga,,,
NB-06.01-08-30-Bestiary-Befana,2026/01/06/NB-06.01-08-30-Bestiary-Befana.md,2026-01-06,08:01,"Bestiary, Befana, Italy, Tradition, Ethnography, LongRead, LoreSync, Documentary",ГОТОВ,BESTIARY: БЕФАНА. ЭТНОГРАФИЯ ИТАЛЬЯНСКОЙ ВЕДЬМЫ.,,,Europe/Riga,,,
NB-06.01-09-00-Tradition-CabalgataSpain,2026/01/06/NB-06.01-09-00-Tradition-CabalgataSpain.md,2026-01-06,09:01,"Tradition, CabalgataDeReyes, Spain, Alcoy, ThreeKings, StreetFestival, Folklore, LongRead, LoreSync, HauteCouture",ГОТОВ,TRADITION: КАВАЛЬКАДА ВОЛХВІВ В ІСПАНІЇ. ДОЩ ІЗ ЦУКЕРОК ТА КОРОЛІ НА ВЕРБЛЮДАХ.,,,Europe/Riga,,,
NB-06.01-11-00-Bestiary-Kallikantzaroi,2026/01/06/NB-06.01-11-00-Bestiary-Kallikantzaroi.md,2026-01-06,11:01,"Bestiary, Kallikantzaroi, Greece, Mythology, WorldTree, Folklore, LongRead, LoreSync, HauteCouture",ГОТОВ,BESTIARY: КАЛЛИКАНТЗАРОСЫ. ГРЕЧЕСКИЕ ГОБЛИНЫ И ФИНАЛ БИТВЫ ЗА МИРОВОЕ ДРЕВО.,,,Europe/Riga,,,
NB-06.01-12-00-EthnoEast-HolyEveUA,2026/01/06/NB-06.01-12-00-EthnoEast-HolyEveUA.md,2026-01-06,12:01,"EthnoEast, HolyEve, Ukraine, Tradition, Didukh, 12Dishes, LongRead, LoreSync, HauteCouture",ГОТОВ,"ETHNO_EAST: СВЯТВЕЧІР В УКРАЇНІ. ТРАДИЦІЇ, ДІДУХ ТА МАГІЯ 12 СТРАВ.",,,Europe/Riga,,,
NB-06.01-15-00-Tradition-WomensChristmas,2026/01/06/NB-06.01-15-00-Tradition-WomensChristmas.md,2026-01-06,15:01,"Tradition, WomensChristmas, NollaigNamBan, Ireland, Epiphany, Folklore, SocialHistory, LongRead, LoreSync, HauteCouture",ГОТОВ,TRADITION: ЖЕНСКОЕ РОЖДЕСТВО В ИРЛАНДИИ. ДЕНЬ ОТДЫХА И МАГИЯ 12 СВЕЧЕЙ.,,,Europe/Riga,,,
NB-06.01-18-00-Costume-Vertep,2026/01/06/NB-06.01-18-00-Costume-Vertep.md,2026-01-06,18:01,"Costume, Vertep, Ukraine, Zvezdar, Caroling, Masks, Ethnography, LongRead, LoreSync, HauteCouture",ГОТОВ,COSTUME: КОСТЮМИ ЗВІЗДАРІВ ТА ВЕРТЕП. САКРАЛЬНИЙ ТЕАТР УКРАЇНИ.,,,Europe/Riga,,,
NB-06.01-21-00-Global-FirstStar,2026/01/06/NB-06.01-21-00-Global-FirstStar.md,2026-01-06,21:01,"Global, FirstStar, EpiphanyEve, Traditions, Folklore, Astronomy, LongRead, LoreSync, HauteCouture",ГОТОВ,GLOBAL: КАК МИР ЖДЕТ ПЕРВУЮ ЗВЕЗДУ. ГЕОГРАФИЯ НАДЕЖДЫ.,,,Europe/Riga,,,
SW-06.01-09-30-Greeting-ShortbreadDay,2026/01/06/SW-06.01-09-30-Greeting-ShortbreadDay.md,2026-01-06,09:01,"Greeting, Shortbread, Scotland, MaryStuart, Butter, LongRead, LoreSync, HauteCouture",ГОТОВ,GREETING: ДЕНЬ ШОРТБРЕДА. КОРОЛІВСЬКЕ ПЕЧИВО ШОТЛАНДІЇ.,,,Europe/Riga,,,
SW-06.01-10-30-Taste-GaletteDesRois,2026/01/06/SW-06.01-10-30-Taste-GaletteDesRois.md,2026-01-06,10:01,"Taste, GaletteDesRois, France, Epiphany, Frangipane, Feve, Tradition, LongRead, LoreSync, HauteCouture",ГОТОВ,TASTE: GALETTE DES ROIS. ФРАНЦУЗЬКИЙ ПИРІГ З БОБОМ ТА КОРОНОЮ.,,,Europe/Riga,,,
SW-06.01-12-30-Recipe-RichKutia,2026/01/06/SW-06.01-12-30-Recipe-RichKutia.md,2026-01-06,12:01,"Recipe, Kutia, Ukraine, ChristmasEve, Wheat, Honey, PoppySeeds, Symbolism, LongRead, LoreSync, HauteCouture",ГОТОВ,RECIPE: БОГАТАЯ КУТЬЯ. СИМВОЛИЗМ ИНГРЕДИЕНТОВ И РЕЦЕПТ ВЕЧНОСТИ.,,,Europe/Riga,,,
SW-06.01-15-30-History-RosconDeReyes,2026/01/06/SW-06.01-15-30-History-RosconDeReyes.md,2026-01-06,15:01,"History, RosconDeReyes, Spain, Epiphany, Brioche, Tradition, LongRead, LoreSync, HauteCouture",ГОТОВ,HISTORY: РОСКОН ДЕ РЕЙЄС. ІСПАНСЬКИЙ ВІНОК КОРОЛІВ ТА ТАЄМНИЦЯ БОБУ.,,,Europe/Riga,,,
SW-06.01-18-30-Menu-TwelveDishes,2026/01/06/SW-06.01-18-30-Menu-TwelveDishes.md,2026-01-06,18:01,"Menu, TwelveDishes, ChristmasEve, Ukraine, Aesthetics, Varenyky, Holubtsi, LongRead, LoreSync, HauteCouture",ГОТОВ,MENU: 12 ПОСТНЫХ БЛЮД. ВИЗУАЛЬНАЯ ЭСТЕТИКА СВЯТОГО ВЕЧЕРА.,,,Europe/Riga,,,
SW-06.01-21-30-Treat-Uzvar,2026/01/06/SW-06.01-21-30-Treat-Uzvar.md,2026-01-06,21:01,"Treat, Uzvar, DriedFruits, Ukraine, ChristmasEve, Symbolism, LoreSync, HauteCouture",ГОТОВ,TREAT: УЗВАР ТА СУХОФРУКТИ. ЖИВА ВОДА РІЗДВА ТА СЕРЦЕ СВЯТОГО ВЕЧЕРА.,,,Europe/Riga,,,
AC-07.01-08-30-Greeting-ChristmasJulian,2026/01/07/AC-07.01-08-30-Greeting-ChristmasJulian.md,2026-01-07,08:01,"Greeting, Christmas, JulianCalendar, Nativity, History, Light, LongRead, LoreSync, HauteCouture",ГОТОВ,GREETING: РІЗДВО ХРИСТОВЕ. НАРОДЖЕННЯ СВІТЛА ТА МАГІЯ ЮЛІАНСЬКОЇ ТРАДИЦІЇ.,,,Europe/Riga,,,
AC-07.01-10-00-MythOrigin-DivineChild,2026/01/07/AC-07.01-10-00-MythOrigin-DivineChild.md,2026-01-07,10:01,"MythOrigin, DivineChild, Archetype, Jung, Horus, Krishna, Christ, PuerAeternus, LongRead, LoreSync, HauteCouture",ГОТОВ,MYTH ORIGIN: АРХЕТИП БОЖЕСТВЕННОГО МЛАДЕНЦА. СИМВОЛ ВЕЧНОГО ОБНОВЛЕНИЯ.,,,Europe/Riga,,,
AC-07.01-12-00-SacredSense-PaxRomana,2026/01/07/AC-07.01-12-00-SacredSense-PaxRomana.md,2026-01-07,12:01,"SacredSense, PaxRomana, ChristmasTruce, Peace, Augustus, History, LongRead, LoreSync, HauteCouture",ГОТОВ,SACRED SENSE: PAX ROMANA І РІЗДВЯНИЙ МИР. ВІД АВГУСТА ДО РІЗДВЯНОГО ПЕРЕМИР'Я.,,,Europe/Riga,,,
AC-07.01-13-30-Oracle-Runes,2026/01/07/AC-07.01-13-30-Oracle-Runes.md,2026-01-07,13:01,"Oracle, Runes, Odin, Yggdrasil, Futhark, Divination, StoneTexture, LongRead, LoreSync, HauteCouture",ГОТОВ,ORACLE: РУНЫ. МАГИЯ КАМНЯ И ШЕПОТ СЕВЕРНЫХ БОГОВ.,,,Europe/Riga,,,
AC-07.01-15-00-VisualArchetype-NativityIconography,2026/01/07/AC-07.01-15-00-VisualArchetype-NativityIconography.md,2026-01-07,15:01,"VisualArchetype, ArtHistory, Nativity, Iconography, Giotto, Botticelli, LaTour, LongRead, LoreSync, HauteCouture",ГОТОВ,VISUAL ARCHETYPE: ІКОНОГРАФІЯ РІЗДВА. ВІД ЗОЛОТА ВІЗАНТІЇ ДО ТІНЕЙ БАРОКО.,,,Europe/Riga,,,
AC-07.01-16-30-RitualFeast-TableHistory,2026/01/07/AC-07.01-16-30-RitualFeast-TableHistory.md,2026-01-07,16:01,"RitualFeast, Gastronomy, History, Goose, TableSetting, HauteCouture, Hasselblad",ГОТОВ,RITUAL FEAST: ПРАЗДНИЧНЫЙ СТОЛ. ИСТОРИЯ РОСКОШИ И САКРАЛЬНАЯ ГАСТРОНОМИЯ.,,,Europe/Riga,,,
AC-07.01-18-00-ZenPractice-ChristmasChorales,2026/01/07/AC-07.01-18-00-ZenPractice-ChristmasChorales.md,2026-01-07,18:01,"ZenPractice, SacredSound, Chorales, Bach, Handel, Acoustics, Meditation, LongRead, LoreSync, HauteCouture, Leica",ГОТОВ,ZEN PRACTICE: ГАРМОНІЯ ЗВУКУ. РІЗДВЯНІ ХОРАЛИ ТА АРХІТЕКТУРА ТИШІ.,,,Europe/Riga,,,
NB-07.01-09-00-PlanetaryMyth-ThreeKingsSwitzerland,2026/01/07/NB-07.01-09-00-PlanetaryMyth-ThreeKingsSwitzerland.md,2026-01-07,09:01,"PlanetaryMyth, Switzerland, ThreeKings, Dreikönigskuchen, Alps, Traditions, Dictionary, LongRead, LoreSync, HauteCouture, CanonEOSR5",ГОТОВ,PLANETARY MYTH: ШВЕЙЦАРІЯ. КОРОЛІВСЬКИЙ ПИРІГ І ЗОЛОТО ЦЮРИХА.,,,Europe/Riga,,,
NB-07.01-10-30-TasteOfBeing-GaletteDesRois,2026/01/07/NB-07.01-10-30-TasteOfBeing-GaletteDesRois.md,2026-01-07,10:01,"TasteOfBeing, France, GaletteDesRois, Epiphany, Frangipane, Traditions, Dictionary, LongRead, LoreSync, HauteCouture, Leica",ГОТОВ,TASTE OF BEING: ФРАНЦИЯ. ГАЛЕТ ДЕ РУА. ПИРОГ-РУЛЕТКА.,,,Europe/Riga,,,
NB-07.01-12-30-NationCode-FrenchBeret,2026/01/07/NB-07.01-12-30-NationCode-FrenchBeret.md,2026-01-07,12:01,"NationCode, France, Beret, FashionHistory, BohoChic, Stereotypes, Dictionary, LongRead, LoreSync, HauteCouture, FujifilmGFX",ГОТОВ,"NATION CODE: ФРАНЦУЗЬКИЙ БЕРЕТ. МІФ, КЛІШЕ ТА СИМВОЛ БОГЕМИ.",,,Europe/Riga,,,
NB-07.01-14-00-GlobalTrend-ViennaCoffee,2026/01/07/NB-07.01-14-00-GlobalTrend-ViennaCoffee.md,2026-01-07,14:01,"GlobalTrend, Vienna, CoffeeCulture, Melange, Sachertorte, Traditions, Dictionary, LongRead, LoreSync, HauteCouture, PhaseOne",ГОТОВ,GLOBAL TREND: ВЕНСКИЙ КОФЕ. МЕЛАНЖ И ФИЛОСОФИЯ КОФЕЙНИ.,,,Europe/Riga,,,
NB-07.01-16-00-BedtimeTale-LittlePrince,2026/01/07/NB-07.01-16-00-BedtimeTale-LittlePrince.md,2026-01-07,16:01,"BedtimeTale, Exupery, LittlePrince, Philosophy, Childhood, Dictionary, LongRead, LoreSync, HauteCouture, Hasselblad",ГОТОВ,BEDTIME TALE: МАЛЕНЬКИЙ ПРИНЦ. ФІЛОСОФІЯ ДЛЯ ДОРОСЛИХ.,,,Europe/Riga,,,
SW-07.01-09-30-Greeting-ChristmasSweet,2026/01/07/SW-07.01-09-30-Greeting-ChristmasSweet.md,2026-01-07,09:01,"Greeting, Christmas, SugarArt, Texture, SensoryExperience, LongRead, LoreSync, HauteCouture, Hasselblad",ГОТОВ,GREETING: С РОЖДЕСТВОМ! СЛАДКАЯ ВЕСТЬ И МАГИЯ САХАРНОГО ИНЕЯ.,,,Europe/Riga,,,
SW-07.01-11-00-SacredSugar-Stollen,2026/01/07/SW-07.01-11-00-SacredSugar-Stollen.md,2026-01-07,11:01,"SacredSugar, Stollen, Christmas, History, ButterLetter, Symbolism, LongRead, LoreSync, HauteCouture, PhaseOne",ГОТОВ,"SACRED SUGAR: ШТОЛЕН. ХЛІБ, ЩО СТАВ СИМВОЛОМ.",,,Europe/Riga,,,
SW-07.01-13-00-FlavorHorizon-CinnamonHoney,2026/01/07/SW-07.01-13-00-FlavorHorizon-CinnamonHoney.md,2026-01-07,13:01,"FlavorHorizon, Cinnamon, Honey, SpiceTrade, History, Alchemy, LongRead, LoreSync, HauteCouture, PhaseOne",ГОТОВ,FLAVOR HORIZON: КОРИЦА И МЕД. ЗОЛОТО И ОГОНЬ ДРЕВНЕГО МИРА.,,,Europe/Riga,,,
SW-07.01-15-30-SweetRitual-CoffeeFireplace,2026/01/07/SW-07.01-15-30-SweetRitual-CoffeeFireplace.md,2026-01-07,15:01,"SweetRitual, Coffee, Fireplace, Hygge, WinterComfort, Cinnamon, LongRead, LoreSync, HauteCouture, Hasselblad",ГОТОВ,SWEET RITUAL: КАВА БІЛЯ КАМІНА. МАГІЯ ЖИВОГО ВОГНЮ.,,,Europe/Riga,,,
SW-07.01-17-00-VintageBake-ChristmasPudding,2026/01/07/SW-07.01-17-00-VintageBake-ChristmasPudding.md,2026-01-07,17:01,"VintageBake, ChristmasPudding, BritishTradition, Flambe, History, StirUpSunday, LongRead, LoreSync, HauteCouture, PhaseOne",ГОТОВ,VINTAGE BAKE: РОЖДЕСТВЕНСКИЙ ПУДИНГ. ТЕАТР ОГНЯ И ВИКТОРИАНСКИЙ ДУХ.,,,Europe/Riga,,,
SW-07.01-18-30-ChocolateDepth-Truffles,2026/01/07/SW-07.01-18-30-ChocolateDepth-Truffles.md,2026-01-07,18:01,"ChocolateDepth, Truffles, Ganache, Escoffier, History, Texture, SensoryExperience, LongRead, LoreSync, HauteCouture, FujifilmGFX",ГОТОВ,CHOCOLATE DEPTH: ТРЮФЕЛІ. ЧОРНИЙ ДІАМАНТ ТА АЛХІМІЯ ГАНАШУ.,,,Europe/Riga,,,
AC-08.01-09-00-HolidayHistory-MothersDay,2026/01/08/AC-08.01-09-00-HolidayHistory-MothersDay.md,2026-01-08,09:01,"HolidayHistory, Theotokos, Motherhood, SacredFeminine, History, LongRead, LoreSync, HauteCouture, Hasselblad",ГОТОВ,HOLIDAY HISTORY: СОБОР ПРЕСВЯТОЙ БОГОРОДИЦЫ. ИСТОКИ МАТЕРИНСКОЙ СИЛЫ.,,,Europe/Riga,,,
AC-08.01-12-00-Legend-FateSpinners,2026/01/08/AC-08.01-12-00-Legend-FateSpinners.md,2026-01-08,12:01,"LegendOfDay, FateSpinners, Moirai, Norns, Makosh, DistaffDay, Symbolism, LongRead, LoreSync, HauteCouture, PhaseOne",ГОТОВ,LEGEND OF DAY: БОГИНІ-ПРЯХИ ТА НИТКИ ДОЛІ. АРХІТЕКТУРА БУТТЯ.,,,Europe/Riga,,,
AC-08.01-15-00-SacredSpace-MotherTemples,2026/01/08/AC-08.01-15-00-SacredSpace-MotherTemples.md,2026-01-08,15:01,"SacredSpace, Architecture, NotreDame, HagiaSophia, Guadalupe, Archetype, LongRead, LoreSync, HauteCouture, Leica",ГОТОВ,SACRED SPACE: ХРАМЫ МАТЕРИ МИРА. ГЕОМЕТРИЯ ПРИНЯТИЯ И КАМЕННАЯ НЕЖНОСТЬ.,,,Europe/Riga,,,
AC-08.01-18-00-Symbolism-CrownOfMary,2026/01/08/AC-08.01-18-00-Symbolism-CrownOfMary.md,2026-01-08,18:01,"Symbolism, CrownOfMary, QueenOfHeaven, Iconography, Gold, Stars, LongRead, LoreSync, HauteCouture, Hasselblad",ГОТОВ,SYMBOLISM: КОРОНА МАРІЇ. САКРАЛЬНІ ЗНАКИ ВЛАДИ ТА МИЛОСЕРДЯ.,,,Europe/Riga,,,
AC-08.01-21-00-NightReflection-SacredFeminine,2026/01/08/AC-08.01-21-00-NightReflection-SacredFeminine.md,2026-01-08,21:01,"NightReflection, SacredFeminine, Archetype, Yin, Creation, Silence, LongRead, LoreSync, HauteCouture, PhaseOne",ГОТОВ,NIGHT REFLECTION: ЖЕНСКОЕ НАЧАЛО МИРА. МАГИЯ СОЗИДАТЕЛЬНОЙ ТИШИНЫ.,,,Europe/Riga,,,
NB-08.01-09-30-WorldTradition-Gynaecocracy,2026/01/08/NB-08.01-09-30-WorldTradition-Gynaecocracy.md,2026-01-08,09:01,"WorldTradition, Greece, Gynaecocracy, Matriarchy, Traditions, Dictionary, LongRead, LoreSync, HauteCouture, PhaseOne",ГОТОВ,WORLD TRADITION: ГРЕЦИЯ. ГИНЕКОКРАТИЯ - ДЕНЬ ВЛАСТИ ЖЕНЩИН.,,,Europe/Riga,,,
NB-08.01-12-30-EthnoEast-BabynyPolissya,2026/01/08/NB-08.01-12-30-EthnoEast-BabynyPolissya.md,2026-01-08,12:01,"EthnoEast, Babyny, Polissya, Midwives, Traditions, BabynaKasha, Dictionary, LongRead, LoreSync, HauteCouture, PhaseOne",ГОТОВ,ETHNO EAST: БАБИНИ. ОБРЯДИ ПОЛІССЯ ТА ВШАНУВАННЯ ПОВИТУХ. САКРАЛЬНА ЖІНОЧА ЕКСПЕРТИЗА.,,,Europe/Riga,,,
NB-08.01-15-30-FolkBestiary-Laima,2026/01/08/NB-08.01-15-30-FolkBestiary-Laima.md,2026-01-08,15:01,"FolkBestiary, Laima, BalticMythology, Latvia, Lithuania, Destiny, Folklore, Dictionary, LongRead, LoreSync, HauteCouture, PhaseOne",ГОТОВ,FOLK BESTIARY: ЛАЙМА. БОГИНЯ СУДЬБЫ И ПОРОГ ЖИЗНИ. САКРАЛЬНЫЙ БАЛТИЙСКИЙ КОД.,,,Europe/Riga,,,
NB-08.01-18-30-CostumeCode-Namitka,2026/01/08/NB-08.01-18-30-CostumeCode-Namitka.md,2026-01-08,18:01,"CostumeCode, Namitka, Ukraine, Ethnography, Symbolism, Textile, LongRead, LoreSync, HauteCouture, Hasselblad",ГОТОВ,COSTUME CODE: НАМІТКА. БІЛЕ ПОЛОТНО ДОЛІ ТА МАГІЯ ПОКРОВУ.,,,Europe/Riga,,,
NB-08.01-21-30-GlobalView-Weaving,2026/01/08/NB-08.01-21-30-GlobalView-Weaving.md,2026-01-08,21:01,"GlobalView, Weaving, Crafts, Peru, Guatemala, Navajo, Traditions, Dictionary, LongRead, LoreSync, HauteCouture, PhaseOne",ГОТОВ,GLOBAL VIEW: ЖЕНСКИЕ РЕМЕСЛА МИРА. ТКАЧЕСТВО КАК МОЛИТВА И ЯЗЫК.,,,Europe/Riga,,,
SW-08.01-08-30-Greeting-MidwivesDay,2026/01/08/SW-08.01-08-30-Greeting-MidwivesDay.md,2026-01-08,08:01,"Greeting, MidwivesDay, Traditions, Honey, Warmth, SensoryExperience, LongRead, LoreSync, HauteCouture, Leica",ГОТОВ,GREETING: СОЛОДКА ВДЯЧНІСТЬ. ДЕНЬ ПОВИТУХ ТА МАГІЯ НАРОДЖЕННЯ.,,,Europe/Riga,,,
SW-08.01-10-30-HolidayTaste-PumpkinCheesecake,2026/01/08/SW-08.01-10-30-HolidayTaste-PumpkinCheesecake.md,2026-01-08,10:01,"HolidayTaste, PumpkinCheesecake, NewYorkStyle, Spices, Texture, Recipe, LongRead, LoreSync, HauteCouture, PhaseOne",ГОТОВ,HOLIDAY TASTE: ТЫКВЕННЫЙ ЧИЗКЕЙК. БАРХАТНАЯ ТЕКСТУРА И ПРЯНОЕ ЗОЛОТО.,,,Europe/Riga,,,
SW-08.01-13-30-TraditionRecipe-HoneyGingerbread,2026/01/08/SW-08.01-13-30-TraditionRecipe-HoneyGingerbread.md,2026-01-08,13:01,"TraditionRecipe, Gingerbread, Honey, Spices, MidwivesDay, History, Recipe, LongRead, LoreSync, HauteCouture, Hasselblad",ГОТОВ,TRADITION RECIPE: МЕДОВІ ПРЯНИКИ. СОЛОДКИЙ ОБЕРІГ ДЛЯ ПОРОДІЛЬ.,,,Europe/Riga,,,
SW-08.01-16-30-SweetHistory-Toffee,2026/01/08/SW-08.01-16-30-SweetHistory-Toffee.md,2026-01-08,16:01,"SweetHistory, Toffee, Caramel, England, History, Texture, MaillardReaction, LongRead, LoreSync, HauteCouture, PhaseOne",ГОТОВ,SWEET HISTORY: АНГЛИЙСКИЙ ИРИС (TOFFEE). ИСКУССТВО ЖЖЕНОГО САХАРА.,,,Europe/Riga,,,
SW-08.01-19-30-NightTreat-Honeycomb,2026/01/08/SW-08.01-19-30-NightTreat-Honeycomb.md,2026-01-08,19:01,"NightTreat, Honeycomb, CinderToffee, Chemistry, Texture, Recipe, LongRead, LoreSync, HauteCouture, Leica",ГОТОВ,NIGHT TREAT: МЕДОВІ СТІЛЬНИКИ (HONEYCOMB). ХІМІЯ ЦУКРУ ТА ПОВІТРЯ.,,,Europe/Riga,,,
SW-08.01-22-00-SweetRitual-Gluhwein,2026/01/08/SW-08.01-22-00-SweetRitual-Gluhwein.md,2026-01-08,22:01,"SweetRitual, Gluhwein, Cinnamon, WinterWarmth, Recipe, LongRead, LoreSync, HauteCouture, Hasselblad",ГОТОВ,SWEET RITUAL: ГЛИНТВЕЙН С КОРИЦЕЙ. РЕЦЕПТ ЖИДКОГО ДЕСЕРТА.,,,Europe/Riga,,,
AC-09.01-09-00-HolidayHistory-Stephan,2026/01/09/AC-09.01-09-00-HolidayHistory-Stephan.md,2026-01-09,09:01,"HolidayHistory, SaintStephen, Martyrdom, History, Symbolism, LongRead, LoreSync, HauteCouture, PhaseOne",ГОТОВ,HOLIDAY HISTORY: ПЕРШОМУЧЕНИК СТЕФАН. ІСТОРІЯ ВІРИ ТА СИМВОЛ КРОВІ.,,,Europe/Riga,,,
AC-09.01-12-00-Legend-AnimalPatrons,2026/01/09/AC-09.01-12-00-Legend-AnimalPatrons.md,2026-01-09,12:01,"LegendOfDay, SaintStephen, PatronSaints, AnimalSpirit, Folklore, History, LongRead, LoreSync, HauteCouture, PhaseOne",ГОТОВ,LEGEND OF DAY: СВЯТЫЕ - ПОКРОВИТЕЛИ ЖИВОТНЫХ. ТАЙНАЯ СВЯЗЬ И ПОКРОВ ПРИРОДЫ.,,,Europe/Riga,,,
AC-09.01-15-00-SacredMeaning-Chains,2026/01/09/AC-09.01-15-00-SacredMeaning-Chains.md,2026-01-09,15:01,"SacredMeaning, Chains, SaintPeter, Fetters, Asceticism, Freedom, Symbolism, LongRead, LoreSync, HauteCouture, Leica",ГОТОВ,SACRED MEANING: ВЕРИГИ ТА КАЙДАНИ. СИМВОЛ ВІРИ ЧИ ПОКАРАННЯ?,,,Europe/Riga,,,
AC-09.01-16-30-AlmanacGuide-FaithMovies,2026/01/09/AC-09.01-16-30-AlmanacGuide-FaithMovies.md,2026-01-09,16:01,"AlmanacGuide, Cinema, Faith, Tarkovsky, Bergman, Scorsese, Religion, Philosophy, LongRead, LoreSync, HauteCouture, CanonEOSR5",ГОТОВ,ALMANAC GUIDE: КІНО ПРО СИЛУ ВІРИ. ВІД БЕРГМАНА ДО СКОРСЕЗЕ.,,,Europe/Riga,,,
AC-09.01-18-00-Symbolism-StoneAndCrown,2026/01/09/AC-09.01-18-00-Symbolism-StoneAndCrown.md,2026-01-09,18:01,"Symbolism, Stone, Crown, Stephanos, Martyrdom, Etymology, History, LongRead, LoreSync, HauteCouture, Hasselblad",ГОТОВ,SYMBOLISM: КАМЕНЬ И ВЕНЕЦ. СТЕФАНОС - ИМЯ КАК СУДЬБА.,,,Europe/Riga,,,
AC-09.01-21-00-NightReflection-Sacrifice,2026/01/09/AC-09.01-21-00-NightReflection-Sacrifice.md,2026-01-09,21:01,"NightReflection, Sacrifice, Martyrdom, Values, Philosophy, SaintStephen, Light, LongRead, LoreSync, HauteCouture, PhaseOne",ГОТОВ,NIGHT REFLECTION: ЖЕРТОВНІСТЬ. ЦІНА ПЕРЕКОНАНЬ І СВІТЛО В ТЕМРЯВІ.,,,Europe/Riga,,,
NB-09.01-09-30-WorldTradition-BlackNazarene,2026/01/09/NB-09.01-09-30-WorldTradition-BlackNazarene.md,2026-01-09,09:01,"WorldTradition, Philippines, BlackNazarene, Traslacion, Quiapo, Folklore, Dictionary, LongRead, LoreSync, HauteCouture, PhaseOne",ГОТОВ,WORLD TRADITION: ФІЛІППІНИ. ХОДА ЧОРНОГО НАЗАРЯНИНА. ОКЕАН ВІРИ ТА КАРНАВАЛ СТРАЖДАНЬ.,,,Europe/Riga,,,
NB-09.01-12-30-EthnoEast-HorseWatering,2026/01/09/NB-09.01-12-30-EthnoEast-HorseWatering.md,2026-01-09,12:01,"EthnoEast, SaintStephen, Horses, Folklore, SilverMagic, Ritual, Dictionary, LongRead, LoreSync, HauteCouture, PhaseOne",ГОТОВ,ETHNO EAST: ВОДОПІЙ КОНЕЙ. МАГІЯ СРІБНОЇ ВОДИ ТА КІНСЬКЕ СВЯТО.,,,Europe/Riga,,,
NB-09.01-15-30-FolkBestiary-IndrikBeast,2026/01/09/NB-09.01-15-30-FolkBestiary-IndrikBeast.md,2026-01-09,15:01,"FolkBestiary, IndrikBeast, Unicorn, SlavicMythology, DoveBook, History, Dictionary, LongRead, LoreSync, HauteCouture, PhaseOne",ГОТОВ,FOLK BESTIARY: ИНДРИК-ЗВЕРЬ. ЕДИНОРОГ ПОДЗЕМНОГО ЦАРСТВА.,,,Europe/Riga,,,
NB-09.01-18-30-CostumeCode-Footwear,2026/01/09/NB-09.01-18-30-CostumeCode-Footwear.md,2026-01-09,18:01,"CostumeCode, Footwear, Lapti, Sabot, BastShoes, Clogs, History, Ethnography, LongRead, LoreSync, HauteCouture, Hasselblad",ГОТОВ,COSTUME CODE: ТРАДИЦІЙНЕ ВЗУТТЯ. ЛИЧАКИ VS САБО. ДЕРЕВО І КОРА.,,,Europe/Riga,,,
NB-09.01-21-30-GlobalView-Dolls,2026/01/09/NB-09.01-21-30-GlobalView-Dolls.md,2026-01-09,21:01,"GlobalView, Dolls, Amulets, Motanka, Kokeshi, Kachina, Traditions, Dictionary, LongRead, LoreSync, HauteCouture, PhaseOne",ГОТОВ,GLOBAL VIEW: КУКЛЫ-ОБЕРЕГИ НАРОДОВ МИРА. МАЛЕНЬКИЕ ХРАНИТЕЛИ БОЛЬШОЙ ДУШИ.,,,Europe/Riga,,,
SW-09.01-09-30-Greeting-ApricotMorning,2026/01/09/SW-09.01-09-30-Greeting-ApricotMorning.md,2026-01-09,09:01,"Greeting, ApricotDay, Texture, SensoryExperience, LongRead, LoreSync, HauteCouture, Leica",ГОТОВ,GREETING: АБРИКОСОВИЙ РАНОК. ОКСАМИТОВЕ ТЕПЛО ТА ЯНТАРНЕ СВІТЛО.,,,Europe/Riga,,,
SW-09.01-10-30-HolidayTaste-ApricotTarteTatin,2026/01/09/SW-09.01-10-30-HolidayTaste-ApricotTarteTatin.md,2026-01-09,10:01,"HolidayTaste, TarteTatin, Apricot, FrenchPastry, Caramel, History, Recipe, LongRead, LoreSync, HauteCouture, PhaseOne",ГОТОВ,HOLIDAY TASTE: АБРИКОСОВЫЙ ТАРТ ТАТЕН. ПЕРЕВЕРНУТАЯ ЛОГИКА ФРАНЦУЗСКОГО ВКУСА.,,,Europe/Riga,,,
SW-09.01-13-30-TraditionRecipe-Rugelach,2026/01/09/SW-09.01-13-30-TraditionRecipe-Rugelach.md,2026-01-09,13:01,"TraditionRecipe, Rugelach, Rogalyky, PlumJam, Povydlo, History, Recipe, LongRead, LoreSync, HauteCouture, Hasselblad",ГОТОВ,TRADITION RECIPE: РОГАЛИКИ З ПОВИДЛОМ. АРХІТЕКТУРА ДОМАШНЬОГО ЗАТИШКУ.,,,Europe/Riga,,,
SW-09.01-15-00-AlmanacGuide-ApricotDesserts,2026/01/09/SW-09.01-15-00-AlmanacGuide-ApricotDesserts.md,2026-01-09,15:01,"AlmanacGuide, Apricot, Desserts, Sacher, Marillenknodel, Pastry, Guide, LongRead, LoreSync, HauteCouture, PhaseOne",ГОТОВ,ALMANAC GUIDE: ТОП-5 ДЕСЕРТОВ С АБРИКОСОМ. СОЛНЕЧНЫЙ РЕЙТИНГ.,,,Europe/Riga,,,
SW-09.01-16-30-SweetHistory-Karavai,2026/01/09/SW-09.01-16-30-SweetHistory-Karavai.md,2026-01-09,16:01,"SweetHistory, Karavai, SlavicBaking, Traditions, CandiedFruit, Recipe, LongRead, LoreSync, HauteCouture, Hasselblad",ГОТОВ,SWEET HISTORY: СЛАДКИЙ КАРАВАЙ С ЦУКАТАМИ. СОЛНЕЧНЫЙ ХЛЕБ В ЗИМНЕМ ОБРАМЛЕНИИ.,,,Europe/Riga,,,
SW-09.01-19-30-NightTreat-AppleCrumble,2026/01/09/SW-09.01-19-30-NightTreat-AppleCrumble.md,2026-01-09,19:01,"NightTreat, AppleCrumble, BritishDessert, ComfortFood, Recipe, Texture, Cinnamon, LongRead, LoreSync, HauteCouture, PhaseOne",ГОТОВ,NIGHT TREAT: ЯБЛУЧНИЙ КРАМБЛ. НАЙШВИДШИЙ ДЕСЕРТ СВІТУ.,,,Europe/Riga,,,
AC-10.01-09-00-HolidayHistory-AncestorsCult,2026/01/10/AC-10.01-09-00-HolidayHistory-AncestorsCult.md,2026-01-10,09:01,"HolidayHistory, Lary, Penates, Domovoy, Ancestors, SacredSpace, Home, History, LongRead, LoreSync, HauteCouture, Hasselblad",ГОТОВ,HOLIDAY HISTORY: КУЛЬТ ДОМА И ПРЕДКОВ. ТАЙНАЯ СТРАЖА ОЧАГА.,,,Europe/Riga,,,
AC-10.01-12-30-Legend-HearthGuardians,2026/01/10/AC-10.01-12-30-Legend-HearthGuardians.md,2026-01-10,12:01,"LegendOfDay, HearthGuardians, Hestia, Vesta, Gabija, Folklore, Mythology, SacredFire, LongRead, LoreSync, HauteCouture, PhaseOne",ГОТОВ,LEGEND OF DAY: ОХОРОНЦІ ВОГНИЩА. ВІД ГЕСТІЇ ДО ДОМОВОГО.,,,Europe/Riga,,,
AC-10.01-15-30-SacredMeaning-SacredGeography,2026/01/10/AC-10.01-15-30-SacredMeaning-SacredGeography.md,2026-01-10,15:01,"SacredMeaning, SacredGeography, Home, Threshold, Corner, Table, Symbolism, LongRead, LoreSync, HauteCouture, PhaseOne",ГОТОВ,SACRED MEANING: САКРАЛЬНАЯ ГЕОГРАФИЯ ДОМА. КАРТА НЕВИДИМОГО МИРА.,,,Europe/Riga,,,
AC-10.01-18-00-Symbolism-KeyThreshold,2026/01/10/AC-10.01-18-00-Symbolism-KeyThreshold.md,2026-01-10,18:01,"Symbolism, Key, Threshold, Home, Protection, Transition, History, LongRead, LoreSync, HauteCouture, Hasselblad",ГОТОВ,SYMBOLISM: КЛЮЧ І ПОРІГ. МАГІЯ ДОСТУПУ ТА ЗАХИСТУ.,,,Europe/Riga,,,
AC-10.01-21-00-NightReflection-HomeCastle,2026/01/10/AC-10.01-21-00-NightReflection-HomeCastle.md,2026-01-10,21:01,"NightReflection, Home, Safety, Values, Philosophy, SacredSpace, LongRead, LoreSync, HauteCouture, PhaseOne",ГОТОВ,NIGHT REFLECTION: МОЙ ДОМ - МОЯ КРЕПОСТЬ. ГЕОМЕТРИЯ СОЗИДАТЕЛЬНОЙ ТИШИНЫ.,,,Europe/Riga,,,
NB-10.01-10-00-WorldTradition-VoodooBenin,2026/01/10/NB-10.01-10-00-WorldTradition-VoodooBenin.md,2026-01-10,10:01,"WorldTradition, Benin, Voodoo, Ouidah, Egungun, Zangbeto, Spirits, History, LongRead, LoreSync, HauteCouture, PhaseOne",ГОТОВ,WORLD TRADITION: ФЕСТИВАЛЬ ВУДУ. БЕНИН. ТАНЕЦ ДУХОВ И ЖИВЫЕ ПРЕДКИ.,,,Europe/Riga,,,
NB-10.01-13-00-EthnoEast-HouseholdersDay,2026/01/10/NB-10.01-13-00-EthnoEast-HouseholdersDay.md,2026-01-10,13:01,"EthnoEast, HouseholdersDay, FamilyRituals, Domovoy, Slavic, Traditions, Dictionary, LongRead, LoreSync, HauteCouture, PhaseOne",ГОТОВ,ETHNO EAST: ДОМОЧАДЦІВ ДЕНЬ. РОДИННІ ОБРЯДИ ТА ВЕЧЕРЯ ПРИМИРЕННЯ.,,,Europe/Riga,,,
NB-10.01-16-00-FolkBestiary-ZombieMyth,2026/01/10/NB-10.01-16-00-FolkBestiary-ZombieMyth.md,2026-01-10,16:01,"FolkBestiary, Zombie, Voodoo, Benin, Haiti, Bokor, Mythology, History, LongRead, LoreSync, HauteCouture, PhaseOne",ГОТОВ,FOLK BESTIARY: ЗОМБИ. РЕАЛЬНАЯ МИФОЛОГИЯ ВУДУ ИЛИ ГОЛЛИВУДСКИЙ МИФ?,,,Europe/Riga,,,
NB-10.01-18-30-CostumeCode-AfricanMasks,2026/01/10/NB-10.01-18-30-CostumeCode-AfricanMasks.md,2026-01-10,18:01,"CostumeCode, AfricanMasks, Benin, Nigeria, Dogon, Ritual, Spirit, History, LongRead, LoreSync, HauteCouture, Hasselblad",ГОТОВ,COSTUME CODE: РИТУАЛЬНІ МАСКИ АФРИКИ. ОБЛИЧЧЯ ДУХІВ.,,,Europe/Riga,,,
NB-10.01-21-30-GlobalView-SaltRituals,2026/01/10/NB-10.01-21-30-GlobalView-SaltRituals.md,2026-01-10,21:01,"GlobalView, Salt, Rituals, Protection, Sumo, BreadAndSalt, History, Dictionary, LongRead, LoreSync, HauteCouture, PhaseOne",ГОТОВ,GLOBAL VIEW: СОЛЬ В РИТУАЛАХ МИРА. БЕЛЫЙ КРИСТАЛЛ ЗАЩИТЫ И СОЮЗА.,,,Europe/Riga,,,
SW-10.01-09-30-Greeting-BittersweetChocolate,2026/01/10/SW-10.01-09-30-Greeting-BittersweetChocolate.md,2026-01-10,09:01,"Greeting, BittersweetChocolateDay, DarkChocolate, Cocoa, History, Aztecs, Texture, LongRead, LoreSync, HauteCouture, PhaseOne",ГОТОВ,GREETING: ДЕНЬ ГОРЬКОГО ШОКОЛАДА. ЧЕРНАЯ МАГИЯ И ИСТИНА КАКАО.,,,Europe/Riga,,,
SW-10.01-10-30-HolidayTaste-SacherTorte,2026/01/10/SW-10.01-10-30-HolidayTaste-SacherTorte.md,2026-01-10,10:01,"HolidayTaste, Sacher, Vienna, Austria, FranzSacher, ChocolateCake, ApricotJam, History, Recipe, LongRead, LoreSync, HauteCouture, PhaseOne",ГОТОВ,HOLIDAY TASTE: ТОРТ ЗАХЕР. ВЕНСКИЙ КОРОЛЬ И СЕКРЕТ АБРИКОСОВОГО СЛОЯ.,,,Europe/Riga,,,
SW-10.01-13-30-TraditionRecipe-Fondant,2026/01/10/SW-10.01-13-30-TraditionRecipe-Fondant.md,2026-01-10,13:01,"TraditionRecipe, Fondant, LavaCake, Chocolate, MichelBras, Recipe, Texture, LongRead, LoreSync, HauteCouture, Hasselblad",ГОТОВ,"TRADITION RECIPE: ШОКОЛАДНИЙ ФОНДАН. ВУЛКАН, ЩО ТАНЕ.",,,Europe/Riga,,,
SW-10.01-16-30-SweetHistory-ChocolateBar,2026/01/10/SW-10.01-16-30-SweetHistory-ChocolateBar.md,2026-01-10,16:01,"SweetHistory, ChocolateBar, FryAndSons, Cadbury, Nestle, Conching, History, Texture, LongRead, LoreSync, HauteCouture, PhaseOne",ГОТОВ,SWEET HISTORY: ПЛИТКА ШОКОЛАДА. ИНЖЕНЕРНОЕ ЧУДО XIX ВЕКА.,,,Europe/Riga,,,
SW-10.01-19-30-NightTreat-Tiramisu,2026/01/10/SW-10.01-19-30-NightTreat-Tiramisu.md,2026-01-10,19:01,"NightTreat, Tiramisu, Italy, Mascarpone, Savoiardi, History, Recipe, LongRead, LoreSync, HauteCouture, Leica",ГОТОВ,NIGHT TREAT: ТІРАМІСУ. ПІДНІМИ МЕНЕ ДО ХМАР.,,,Europe/Riga,,,
AC-11.01-09-00-Greeting-ThankYouDay,2026/01/11/AC-11.01-09-00-Greeting-ThankYouDay.md,2026-01-11,09:01,"Greeting, ThankYouDay, Gratitude, Philosophy, Etymology, History, LongRead, LoreSync, HauteCouture, PhaseOne",ГОТОВ,"GREETING: ВСЕСВІТНІЙ ДЕНЬ ""ДЯКУЮ"". МАГІЯ ВИЗНАННЯ ТА СИЛА СЛОВА.",,,Europe/Riga,,,
AC-11.01-10-00-HolidayHistory-GratitudeEtiquette,2026/01/11/AC-11.01-10-00-HolidayHistory-GratitudeEtiquette.md,2026-01-11,10:01,"HolidayHistory, Gratitude, Etiquette, History, SocialCode, Philosophy, LongRead, LoreSync, HauteCouture, PhaseOne",ГОТОВ,HOLIDAY HISTORY: ЭТИКЕТ БЛАГОДАРНОСТИ. ОТ РИТУАЛА ДО ЦИФРОВОГО ЖЕСТА.,,,Europe/Riga,,,
AC-11.01-12-30-Legend-ThreeGraces,2026/01/11/AC-11.01-12-30-Legend-ThreeGraces.md,2026-01-11,12:01,"LegendOfDay, ThreeGraces, Charites, GreekMythology, Gratitude, ArtHistory, Botticelli, Symbolism, LongRead, LoreSync, HauteCouture, PhaseOne",ГОТОВ,LEGEND OF DAY: ТРИ ГРАЦІЇ. БОГИНІ ДАРІВ ТА ГАРМОНІЇ ОБМІНУ.,,,Europe/Riga,,,
AC-11.01-15-30-SacredMeaning-EnergyExchange,2026/01/11/AC-11.01-15-30-SacredMeaning-EnergyExchange.md,2026-01-11,15:01,"SacredMeaning, EnergyExchange, Reciprocity, Gratitude, MarcelMauss, Potlatch, Psychology, Philosophy, LongRead, LoreSync, HauteCouture, Hasselblad",ГОТОВ,SACRED MEANING: ЗАКОН ОБМЕНА ЭНЕРГИЕЙ. ГИРЯ БЛАГОДАРНОСТИ.,,,Europe/Riga,,,
AC-11.01-18-00-Symbolism-Cornucopia,2026/01/11/AC-11.01-18-00-Symbolism-Cornucopia.md,2026-01-11,18:01,"Symbolism, Cornucopia, Abundance, Amalthea, GreekMythology, Gratitude, History, LongRead, LoreSync, HauteCouture, PhaseOne",ГОТОВ,SYMBOLISM: РІГ ДОСТАТКУ. АНТИЧНИЙ КОД БАГАТСТВА.,,,Europe/Riga,,,
AC-11.01-21-00-NightReflection-GratitudePrayer,2026/01/11/AC-11.01-21-00-NightReflection-GratitudePrayer.md,2026-01-11,21:01,"NightReflection, Gratitude, Prayer, MeisterEckhart, Philosophy, SpiritualPractice, Silence, LongRead, LoreSync, HauteCouture, PhaseOne",ГОТОВ,NIGHT REFLECTION: БЛАГОДАРНОСТЬ КАК МОЛИТВА. ДИАЛОГ С ВЕЧНОСТЬЮ.,,,Europe/Riga,,,
NB-11.01-09-30-WorldTradition-KagamiBiraki,2026/01/11/NB-11.01-09-30-WorldTradition-KagamiBiraki.md,2026-01-11,09:01,"WorldTradition, Japan, KagamiBiraki, KagamiMochi, Samurai, Ritual, Food, History, Dictionary, LongRead, LoreSync, HauteCouture, PhaseOne",ГОТОВ,WORLD TRADITION: ЯПОНІЯ. КАГАМІ БІРАКІ. ВІДКРИТТЯ ДЗЕРКАЛА ТА СМАК НОВОГО ПОЧАТКУ.,,,Europe/Riga,,,
NB-11.01-13-00-EthnoEast-ScaryDay,2026/01/11/NB-11.01-13-00-EthnoEast-ScaryDay.md,2026-01-11,13:01,"EthnoEast, ScaryDay, Carpathians, Legends, EvilSpirits, Protection, Ritual, History, LongRead, LoreSync, HauteCouture, PhaseOne",ГОТОВ,ETHNO EAST: СТРАШНЫЙ ДЕНЬ. КАРПАТСКИЕ ЛЕГЕНДЫ И ЗАЩИТА ОТ НЕЧИСТИ.,,,Europe/Riga,,,
NB-11.01-16-00-FolkBestiary-UpirVurdalak,2026/01/11/NB-11.01-16-00-FolkBestiary-UpirVurdalak.md,2026-01-11,16:01,"FolkBestiary, Upir, Vurdalak, Balkans, Mythology, Folklore, History, Dictionary, LongRead, LoreSync, HauteCouture, CanonEOSR6",ГОТОВ,FOLK BESTIARY: УПИР ТА ВУРДАЛАК. БАЛКАНСЬКЕ КОРІННЯ ЛЕГЕНДИ.,,,Europe/Riga,,,
NB-11.01-18-30-CostumeCode-Keikogi,2026/01/11/NB-11.01-18-30-CostumeCode-Keikogi.md,2026-01-11,18:01,"CostumeCode, Japan, Keikogi, Kimono, MartialArts, Samurai, History, Dictionary, LongRead, LoreSync, HauteCouture, CanonEOSR6",ГОТОВ,COSTUME CODE: ЯПОНИЯ. КЭЙКОГИ. ОДЕЖДА ДЛЯ ШЛЯХУ ВОИНА.,,,Europe/Riga,,,
NB-11.01-21-30-GlobalView-WarriorRituals,2026/01/11/NB-11.01-21-30-GlobalView-WarriorRituals.md,2026-01-11,21:01,"GlobalView, WarriorRituals, Haka, Bushido, Chivalry, History, Ethnography, LongRead, LoreSync, HauteCouture, CanonEOSR6",ГОТОВ,GLOBAL VIEW: ВОЇНСЬКІ РИТУАЛИ. КОДЕКСИ ЧЕСТІ ТА САКАРАЛЬНА МАГІЯ СИЛИ.,,,Europe/Riga,,,
SW-11.01-09-30-Greeting-MilkRivers,2026/01/11/SW-11.01-09-30-Greeting-MilkRivers.md,2026-01-11,09:01,"Greeting, MilkDay, Milk, Dairy, History, Cleopatra, Texture, LongRead, LoreSync, HauteCouture, PhaseOne",ГОТОВ,GREETING: ДЕНЬ МОЛОКА. БІЛИЙ КОД ЖИТТЯ.,,,Europe/Riga,,,
SW-11.01-10-30-HolidayTaste-TresLeches,2026/01/11/SW-11.01-10-30-HolidayTaste-TresLeches.md,2026-01-11,10:01,"HolidayTaste, TresLeches, Mexico, Nicaragua, MilkDay, Patisserie, History, Recipe, LongRead, LoreSync, HauteCouture, PhaseOne",ГОТОВ,HOLIDAY TASTE: ТОРТ ТРЕС ЛЕЧЕС. ТРИ СТЕПЕНИ МОЛОЧНОГО БЛАЖЕНСТВА.,,,Europe/Riga,,,
SW-11.01-13-30-TraditionRecipe-CaramelApples,2026/01/11/SW-11.01-13-30-TraditionRecipe-CaramelApples.md,2026-01-11,13:01,"TraditionRecipe, CaramelApples, MilkDay, Recipe, History, Texture, LongRead, LoreSync, HauteCouture, PhaseOne",ГОТОВ,TRADITION RECIPE: ЯБЛУКА В МОЛОЧНІЙ КАРАМЕЛІ. СМАК ОСЕНІ ВЗИМКУ.,,,Europe/Riga,,,
SW-11.01-16-30-SweetHistory-NYCheesecake,2026/01/11/SW-11.01-16-30-SweetHistory-NYCheesecake.md,2026-01-11,16:01,"SweetHistory, NYCheesecake, CreamCheese, ArnoldReuben, Lindys, History, Recipe, Texture, LongRead, LoreSync, HauteCouture, PhaseOne",ГОТОВ,"SWEET HISTORY: ЧИЗКЕЙК НЬЮ-ЙОРК. ОШИБКА, СТАВШАЯ ЛЕГЕНДОЙ.",,,Europe/Riga,,,
SW-11.01-19-30-NightTreat-BirdsMilk,2026/01/11/SW-11.01-19-30-NightTreat-BirdsMilk.md,2026-01-11,19:01,"NightTreat, BirdsMilk, Souffle, AgarAgar, History, SovietDessert, Texture, Recipe, LongRead, LoreSync, HauteCouture, PhaseOne",ГОТОВ,NIGHT TREAT: ПТАШИНЕ МОЛОКО. СМАК МРІЇ ТА СЕКРЕТ АГАРУ.,,,Europe/Riga,,,
AC-12.01-09-00-AncientMemory-PloughMonday,2026/01/12/AC-12.01-09-00-AncientMemory-PloughMonday.md,2026-01-12,09:01,"AncientMemory, PloughMonday, Work, Ritual, Agriculture, History, England, LongRead, LoreSync, HauteCouture, PhaseOne",ГОТОВ,ANCIENT MEMORY: ПЕРШИЙ РОБОЧИЙ ПОНЕДІЛОК. PLOUGH MONDAY І САКРАЛЬНИЙ СТАРТ.,,,Europe/Riga,,,
AC-12.01-12-00-MythOrigin-Hephaestus,2026/01/12/AC-12.01-12-00-MythOrigin-Hephaestus.md,2026-01-12,12:01,"MythOrigin, Hephaestus, Vulcan, Fire, Smithing, Craftsmanship, Mythology, Archetype, LongRead, LoreSync, HauteCouture, Hasselblad",ГОТОВ,MYTH ORIGIN: ГЕФЕСТ. БОГ-КУЗНЕЦ И МАГИЯ ОГНЯ.,,,Europe/Riga,,,
AC-12.01-15-00-SacredSense-OpusMagnum,2026/01/12/AC-12.01-15-00-SacredSense-OpusMagnum.md,2026-01-12,15:01,"SacredSense, Work, OpusMagnum, Alchemy, Philosophy, Creation, Meaning, LongRead, LoreSync, HauteCouture, PhaseOne",ГОТОВ,SACRED SENSE: ПРАЦЯ ЯК ТВОРЕННЯ. OPUS MAGNUM.,,,Europe/Riga,,,
AC-12.01-16-30-AlmanacGuide-GingerKiss,2026/01/12/AC-12.01-16-30-AlmanacGuide-GingerKiss.md,2026-01-12,16:01,"AlmanacGuide, Redhead, GingerKissDay, ArtHistory, Botticelli, PreRaphaelites, Rossetti, ColorSymbolism, LongRead, LoreSync, HauteCouture, PhaseOne",ГОТОВ,ALMANAC GUIDE: РЫЖИЙ ЦВЕТ В ИСКУССТВЕ. ОТ БОТТИЧЕЛЛИ ДО ПРЕРАФАЭЛИТОВ.,,,Europe/Riga,,,
AC-12.01-18-00-VisualArchetype-FireAndGold,2026/01/12/AC-12.01-18-00-VisualArchetype-FireAndGold.md,2026-01-12,18:01,"VisualArchetype, Fire, Gold, Red, ColorSymbolism, Archetype, History, Art, LongRead, LoreSync, HauteCouture, PhaseOne",ГОТОВ,VISUAL ARCHETYPE: ВОГОНЬ ТА РУДЕ ЗОЛОТО. КОЛІР ПРИСТРАСТІ ТА ВЛАДИ.,,,Europe/Riga,,,
AC-12.01-21-00-NightReflection-Mastery,2026/01/12/AC-12.01-21-00-NightReflection-Mastery.md,2026-01-12,21:01,"NightReflection, Mastery, Patience, Work, Philosophy, DaVinci, Michelangelo, Silence, LongRead, LoreSync, HauteCouture, PhaseOne",ГОТОВ,NIGHT REFLECTION: МАСТЕРСТВО И ТЕРПЕНИЕ. УРОКИ ПЕРВОГО ПОНЕДЕЛЬНИКА.,,,Europe/Riga,,,
NB-12.01-09-30-WorldTradition-SeijinNoHi,2026/01/12/NB-12.01-09-30-WorldTradition-SeijinNoHi.md,2026-01-12,09:01,"WorldTradition, Japan, SeijinNoHi, ComingOfAge, Kimono, Furisode, Ritual, History, Dictionary, LongRead, LoreSync, HauteCouture, PhaseOne",ГОТОВ,WORLD TRADITION: ЯПОНИЯ. СЕЙДЗИН-НО ХИ. ДЕНЬ СОВЕРШЕННОЛЕТИЯ.,,,Europe/Riga,,,
NB-12.01-13-00-PlanetaryMyth-Yennayer,2026/01/12/NB-12.01-13-00-PlanetaryMyth-Yennayer.md,2026-01-12,13:01,"PlanetaryMyth, Yennayer, Berbers, Amazigh, Algeria, Morocco, NewYear, Calendar, History, LongRead, LoreSync, HauteCouture, CanonEOSR6",ГОТОВ,PLANETARY MYTH: ЙЕННАЙЄР. БЕРБЕРСЬКИЙ НОВИЙ РІК І КАЛЕНДАР ЗЕМЛІ.,,,Europe/Riga,,,
NB-12.01-16-00-FolkBestiary-Kitsune,2026/01/12/NB-12.01-16-00-FolkBestiary-Kitsune.md,2026-01-12,16:01,"FolkBestiary, Kitsune, Japan, Fox, Yokai, Inari, Mythology, Spirit, LongRead, LoreSync, HauteCouture, CanonEOSR6",ГОТОВ,FOLK BESTIARY: КИЦУНЭ. ЛИСЫ-ОБОРОТНИ. МУДРОСТЬ С ДЕВЯТЬЮ ХВОСТАМИ.,,,Europe/Riga,,,
NB-12.01-18-30-CostumeCode-Furisode,2026/01/12/NB-12.01-18-30-CostumeCode-Furisode.md,2026-01-12,18:01,"CostumeCode, Japan, Furisode, Kimono, SeijinNoHi, ComingOfAge, Silk, History, Dictionary, LongRead, LoreSync, HauteCouture, CanonEOSR6",ГОТОВ,COSTUME CODE: ЯПОНІЯ. ФУРІСОДЕ. ШОВКОВИЙ ШЛЯХ ДОРОСЛІШАННЯ.,,,Europe/Riga,,,
NB-12.01-21-30-GlobalView-DesertFestivals,2026/01/12/NB-12.01-21-30-GlobalView-DesertFestivals.md,2026-01-12,21:01,"GlobalView, DesertFestivals, Sahara, Thar, Nevada, Tuareg, BurningMan, History, Ethnography, LongRead, LoreSync, HauteCouture, CanonEOSR6",ГОТОВ,GLOBAL_VIEW: ПРАЗДНИКИ В ПУСТЫНЕ. МАГИЯ ВЫЖИВАНИЯ И ТАНЦЫ НА ПЕСКЕ.,,,Europe/Riga,,,
SW-12.01-09-30-Greeting-MarzipanDay,2026/01/12/SW-12.01-09-30-Greeting-MarzipanDay.md,2026-01-12,09:01,"Greeting, MarzipanDay, Almond, History, Lubeck, Toledo, Texture, LongRead, LoreSync, HauteCouture, PhaseOne",ГОТОВ,GREETING: ДЕНЬ МАРЦИПАНА. МИНДАЛЬНАЯ АЛХИМИЯ И ВКУС АРИСТОКРАТИИ.,,,Europe/Riga,,,
SW-12.01-10-30-HolidayTaste-Mozartkugeln,2026/01/12/SW-12.01-10-30-HolidayTaste-Mozartkugeln.md,2026-01-12,10:01,"HolidayTaste, Mozartkugeln, MarzipanDay, Salzburg, Austria, PaulFurst, Confectionery, History, LongRead, LoreSync, HauteCouture, PhaseOne",ГОТОВ,HOLIDAY TASTE: ЦУКЕРКИ МОЦАРТ. СИМФОНІЯ ЗАЛЬЦБУРГА ТА ФІСТАШКОВЕ СЕРЦЕ.,,,Europe/Riga,,,
SW-12.01-12-30-TextureSync-CitrusAlmond,2026/01/12/SW-12.01-12-30-TextureSync-CitrusAlmond.md,2026-01-12,12:01,"TextureSync, Citrus, Almond, MarzipanDay, Gastronomy, FlavorPairing, Sensory, LongRead, LoreSync, HauteCouture, PhaseOne",ГОТОВ,TEXTURE SYNC: ЦИТРУС И МИНДАЛЬ. СИМБИОЗ ТЕПЛА И ХОЛОДА.,,,Europe/Riga,,,
SW-12.01-13-30-TraditionRecipe-Simit,2026/01/12/SW-12.01-13-30-TraditionRecipe-Simit.md,2026-01-12,13:01,"TraditionRecipe, Simit, Turkey, Sesame, Honey, History, Recipe, Texture, StreetFood, LongRead, LoreSync, HauteCouture, PhaseOne",ГОТОВ,TRADITION RECIPE: СИМІТ. ЗОЛОТЕ КОЛО ТУРЕЧЧИНИ З МЕДОМ І КУНЖУТОМ.,,,Europe/Riga,,,
SW-12.01-16-30-SweetHistory-CandiedFruit,2026/01/12/SW-12.01-16-30-SweetHistory-CandiedFruit.md,2026-01-12,16:01,"SweetHistory, CandiedFruit, Orangettes, DarkChocolate, History, Confectionery, Pharmacy, LongRead, LoreSync, HauteCouture, PhaseOne",ГОТОВ,SWEET HISTORY: ЦУКАТЫ В ШОКОЛАДЕ. ОТ АПТЕЧНОГО КОНСЕРВАНТА ДО ВЫСОКОЙ КУХНИ.,,,Europe/Riga,,,
SW-12.01-19-30-NightTreat-MatchaCake,2026/01/12/SW-12.01-19-30-NightTreat-MatchaCake.md,2026-01-12,19:01,"NightTreat, Matcha, Japan, Patisserie, Zen, GreenTea, Architecture, History, LongRead, LoreSync, HauteCouture, PhaseOne",ГОТОВ,NIGHT TREAT: МАТЧА-ТОРТ. СМАК СПОКОЮ ТА АРХІТЕКТУРА ЗЕЛЕНОГО ЧАЮ.,,,Europe/Riga,,,
AC-13.01-09-00-VisualArchetype-Malanka,2026/01/13/AC-13.01-09-00-VisualArchetype-Malanka.md,2026-01-13,09:01,"VisualArchetype, Malanka, Carnival, Mask, Ukraine, Folklore, Ritual, History, LongRead, LoreSync, HauteCouture, PhaseOne",ГОТОВ,VISUAL ARCHETYPE: МАЛАНКА. УКРАИНСКИЙ КАРНАВАЛ И МАСКА СМЕРТИ-ВОЗРОЖДЕНИЯ.,,,Europe/Riga,,,
AC-13.01-12-00-Legend-StKnutsDay,2026/01/13/AC-13.01-12-00-Legend-StKnutsDay.md,2026-01-13,12:01,"Legend, StKnutsDay, Christmas, Scandinavia, Sweden, Finland, Folklore, Tradition, History, LongRead, LoreSync, HauteCouture, PhaseOne",ГОТОВ,LEGEND: СВЯТИЙ КНУТ. ВИГНАННЯ РІЗДВА ТА КІНЕЦЬ СВЯТКОВОГО ЦИКЛУ.,,,Europe/Riga,,,
AC-13.01-15-00-SacredSense-CycleChange,2026/01/13/AC-13.01-15-00-SacredSense-CycleChange.md,2026-01-13,15:01,"SacredSense, OldNewYear, Cycle, Time, Janus, Malanka, Philosophy, History, LongRead, LoreSync, HauteCouture, Hasselblad",ГОТОВ,SACRED SENSE: СМЕНА ЦИКЛОВ. СТАРЫЙ НОВЫЙ ГОД КАК ВРЕМЕННОЙ ПАРАДОКС.,,,Europe/Riga,,,
AC-13.01-18-00-MythOrigin-MaskAndFace,2026/01/13/AC-13.01-18-00-MythOrigin-MaskAndFace.md,2026-01-13,18:01,"MythOrigin, Mask, Persona, Malanka, Jung, Philosophy, Ritual, History, LongRead, LoreSync, HauteCouture, PhaseOne",ГОТОВ,MYTH ORIGIN: МАСКА ТА ЛИК. ТАЄМНИЦЯ ПЕРЕВТІЛЕННЯ ТА ВТРАТИ СЕБЕ.,,,Europe/Riga,,,
AC-13.01-21-00-NightReflection-GenerousEve,2026/01/13/AC-13.01-21-00-NightReflection-GenerousEve.md,2026-01-13,21:01,"NightReflection, GenerousEve, Abundance, Malanka, OldNewYear, Philosophy, Gratitude, Silence, LongRead, LoreSync, HauteCouture, PhaseOne",ГОТОВ,NIGHT REFLECTION: ЩЕДРЫЙ ВЕЧЕР. ИЗОБИЛИЕ КАК СОСТОЯНИЕ ДУХА.,,,Europe/Riga,,,
NB-13.01-09-00-WorldTradition-StKnut,2026/01/13/NB-13.01-09-00-WorldTradition-StKnut.md,2026-01-13,09:01,"WorldTradition, Sweden, Finland, StKnut, TjugondagKnut, ChristmasEnd, Ritual, History, Dictionary, LongRead, LoreSync, HauteCouture, CanonEOSR6",ГОТОВ,ШВЕЦІЯ: ДЕНЬ СВЯТОГО КНУТА. УРОЧИСТЕ ВИКИДАННЯ ЯЛИНКИ ТА ТАНЦІ ПІСЛЯ СВЯТ.,,,Europe/Riga,,,
NB-13.01-12-00-EthnoEast-MalankaNight,2026/01/13/NB-13.01-12-00-EthnoEast-MalankaNight.md,2026-01-13,12:01,"EthnoEast, Malanka, Ukraine, Carnival, Traditions, Folklore, History, Dictionary, LongRead, LoreSync, HauteCouture, CanonEOSR6",ГОТОВ,УКРАИНА: МАЛАНКА. КАРНАВАЛЬНАЯ НОЧЬ И МАГИЯ ПЕРЕОДЕВАНИЯ.,,,Europe/Riga,,,
NB-13.01-15-00-FolkBestiary-MalankaGoat,2026/01/13/NB-13.01-15-00-FolkBestiary-MalankaGoat.md,2026-01-13,15:01,"FolkBestiary, Goat, Ukraine, Malanka, Totem, Resurrection, Ritual, Folklore, History, LongRead, LoreSync, HauteCouture, CanonEOSR6",ГОТОВ,УКРАЇНА: КОЗА. ТОТЕМ МАЛАНКИ ТА СИМВОЛ ВІДРОДЖЕННЯ.,,,Europe/Riga,,,
NB-13.01-18-00-GlobalView-MasksComparison,2026/01/13/NB-13.01-18-00-GlobalView-MasksComparison.md,2026-01-13,18:01,"GlobalView, Masks, Malanka, Venice, Carnival, Comparison, Tradition, History, Ethnography, LongRead, LoreSync, HauteCouture, CanonEOSR6",ГОТОВ,МИР: МАСКИ МАЛАНКИ VS ВЕНЕЦИЯ. ДИКАЯ СИЛА ПРОТИВ УТОНЧЕННОЙ ЭСТЕТИКИ.,,,Europe/Riga,,,
NB-13.01-21-00-GlobalView-WinterCarnivals,2026/01/13/NB-13.01-21-00-GlobalView-WinterCarnivals.md,2026-01-13,21:01,"GlobalView, WinterCarnivals, Quebec, Venice, Basel, Rio, Malanka, History, Travel, LongRead, LoreSync, HauteCouture, CanonEOSR6",ГОТОВ,СВІТ: ЗИМОВІ КАРНАВАЛИ ПЛАНЕТИ. ВІД КВЕБЕКУ ДО ВЕНЕЦІЇ.,,,Europe/Riga,,,
SW-13.01-10-00-Greeting-GenerousEve,2026/01/13/SW-13.01-10-00-Greeting-GenerousEve.md,2026-01-13,10:01,"Greeting, GenerousEve, Malanka, Ukraine, Tradition, Food, Abundance, LongRead, LoreSync, HauteCouture, PhaseOne",ГОТОВ,GREETING: ЩЕДРИЙ ВЕЧІР. СВЯТО ТРАДИЦІЇ ТА СМАКУ.,,,Europe/Riga,,,
SW-13.01-11-00-HolidayTaste-SweetVarenyky,2026/01/13/SW-13.01-11-00-HolidayTaste-SweetVarenyky.md,2026-01-13,11:01,"HolidayTaste, Varenyky, Cherry, Dumplings, Ukraine, GenerousEve, History, Recipe, LongRead, LoreSync, HauteCouture, PhaseOne",ГОТОВ,HOLIDAY TASTE: СЛАДКИЕ ВАРЕНИКИ С ВИШНЕЙ. СИМВОЛ ПОЛНОЙ ЛУНЫ И УДОВОЛЬСТВИЯ.,,,Europe/Riga,,,
SW-13.01-13-00-FlavorHorizon-PoppyHoney,2026/01/13/SW-13.01-13-00-FlavorHorizon-PoppyHoney.md,2026-01-13,13:01,"FlavorHorizon, PoppySeeds, Honey, Kutia, Ukraine, Tradition, Taste, History, LongRead, LoreSync, HauteCouture, PhaseOne",ГОТОВ,FLAVOR HORIZON: МАК І МЕД. САКРАЛЬНИЙ ДУЕТ УКРАЇНСЬКОЇ КУХНІ.,,,Europe/Riga,,,
SW-13.01-14-00-TraditionRecipe-ChocolateSalami,2026/01/13/SW-13.01-14-00-TraditionRecipe-ChocolateSalami.md,2026-01-13,14:01,"TraditionRecipe, ChocolateSalami, SalameAlCioccolato, Nostalgia, Recipe, Dessert, Texture, LongRead, LoreSync, HauteCouture, PhaseOne",ГОТОВ,TRADITION RECIPE: ШОКОЛАДНАЯ КОЛБАСА. НОСТАЛЬГИЧЕСКИЙ ДЕСЕРТ И ИТАЛЬЯНСКИЕ КОРНИ.,,,Europe/Riga,,,
SW-13.01-17-00-SweetHistory-Nalysnyky,2026/01/13/SW-13.01-17-00-SweetHistory-Nalysnyky.md,2026-01-13,17:01,SweetHistory,ГОТОВ,SWEET HISTORY: НАЛИСНИКИ З ТВОРОГОМ. ШОВКОВА ТРАДИЦІЯ ЩЕДРОГО ВЕЧОРА.,,,Europe/Riga,,,
SW-13.01-20-00-NightTreat-BabaAuRhum,2026/01/13/SW-13.01-20-00-NightTreat-BabaAuRhum.md,2026-01-13,20:01,"NightTreat, BabaAuRhum, Rum, History, StanislasLeszczynski, Patisserie, Texture, LongRead, LoreSync, HauteCouture, PhaseOne",ГОТОВ,NIGHT TREAT: РОМОВАЯ БАБА. ОПЬЯНЯЮЩАЯ ИСТОРИЯ КОРОЛЕВСКОГО ДЕСЕРТА.,,,Europe/Riga,,,
AC-14.01-09-00-Greeting-OldNewYear,2026/01/14/AC-14.01-09-00-Greeting-OldNewYear.md,2026-01-14,09:01,"Greeting, OldNewYear, StBasilDay, Time, Traditions, History, LongRead, LoreSync, HauteCouture, CanonEOSR5",ГОТОВ,GREETING: СТАРИЙ НОВИЙ РІК. МАГІЯ ПОДВІЙНОГО ПОЧАТКУ ТА ДРУГИЙ ШАНС.,,,Europe/Riga,,,
AC-14.01-10-00-HolidayHistory-LogicDay,2026/01/14/AC-14.01-10-00-HolidayHistory-LogicDay.md,2026-01-14,10:01,"HolidayHistory, LogicDay, UNESCO, Philosophy, Godel, Tarski, Aristotle, AI, LongRead, LoreSync, HauteCouture, PhaseOne",ГОТОВ,HOLIDAY HISTORY: ВСЕМИРНЫЙ ДЕНЬ ЛОГИКИ. ФУНДАМЕНТ РАЗУМА И ЗАЩИТА ОТ ХАОСА.,,,Europe/Riga,,,
AC-14.01-12-00-MythOrigin-Aristotle,2026/01/14/AC-14.01-12-00-MythOrigin-Aristotle.md,2026-01-14,12:01,"MythOrigin, Aristotle, Logic, Philosophy, AlexanderTheGreat, Lyceum, History, LongRead, LoreSync, HauteCouture, PhaseOne",ГОТОВ,MYTH ORIGIN: АРИСТОТЕЛЬ. БАТЬКО ЛОГІКИ І ВЧИТЕЛЬ ОЛЕКСАНДРА.,,,Europe/Riga,,,
AC-14.01-15-00-SacredSense-TimeParadox,2026/01/14/AC-14.01-15-00-SacredSense-TimeParadox.md,2026-01-14,15:01,"SacredSense, TimeParadox, LogicDay, Philosophy, Zeno, Einstein, QuantumPhysics, LewisCarroll, Theseus, LongRead, LoreSync, HauteCouture, Hasselblad",ГОТОВ,SACRED SENSE: ПАРАДОКСЫ ВРЕМЕНИ И РАЗУМА. КОГДА ЛОГИКА ЛОМАЕТ РЕАЛЬНОСТЬ.,,,Europe/Riga,,,
AC-14.01-18-00-Symbolism-ThemisScales,2026/01/14/AC-14.01-18-00-Symbolism-ThemisScales.md,2026-01-14,18:01,"Symbolism, Themis, Justice, Maat, LogicDay, Philosophy, History, LongRead, LoreSync, HauteCouture, PhaseOne",ГОТОВ,SYMBOLISM: ТЕРЕЗИ ФЕМІДИ. ВАГА ІСТИНИ ТА БАЛАНС РОЗУМУ.,,,Europe/Riga,,,
AC-14.01-21-00-NightReflection-RationalIrrational,2026/01/14/AC-14.01-21-00-NightReflection-RationalIrrational.md,2026-01-14,21:01,"NightReflection, Rational, Irrational, LogicDay, OldNewYear, Philosophy, Freud, Jung, Balance, LongRead, LoreSync, HauteCouture, PhaseOne",ГОТОВ,NIGHT REFLECTION: РАЦИОНАЛЬНОЕ И ИРРАЦИОНАЛЬНОЕ. ДВЕ СТОРОНЫ ОДНОЙ ЛУНЫ.,,,Europe/Riga,,,
NB-14.01-09-30-WorldTradition-Pongal,2026/01/14/NB-14.01-09-30-WorldTradition-Pongal.md,2026-01-14,09:01,"WorldTradition, Pongal, India, TamilNadu, Harvest, Rice, Sun, Ritual, History, Dictionary, LongRead, LoreSync, HauteCouture, CanonEOSR6",ГОТОВ,WORLD TRADITION: ИНДИЯ. ПОНГГАЛ. ПРАЗДНИК УРОЖАЯ И КИПЯЩЕГО МОЛОКА.,,,Europe/Riga,,,
NB-14.01-12-30-EthnoEast-Posivannya,2026/01/14/NB-14.01-12-30-EthnoEast-Posivannya.md,2026-01-14,12:01,"EthnoEast, Posivannya, Ukraine, StBasilDay, OldNewYear, Ritual, Grain, Folklore, History, LongRead, LoreSync, HauteCouture, CanonEOSR6",ГОТОВ,ETHNO EAST: ПОСІВАННЯ. МАГІЯ ПЕРШОГО КРОКУ І ЗЕРНА.,,,Europe/Riga,,,
NB-14.01-15-30-FolkBestiary-Nandi,2026/01/14/NB-14.01-15-30-FolkBestiary-Nandi.md,2026-01-14,15:01,"FolkBestiary, Nandi, India, Cow, Bull, Shiva, Mythology, Pongal, LongRead, LoreSync, HauteCouture, CanonEOSR6",ГОТОВ,FOLK BESTIARY: ИНДИЯ. СВЯЩЕННАЯ КОРОВА НАНДИ. СИМВОЛ ИСТИНЫ И ПОКОЯ.,,,Europe/Riga,,,
NB-14.01-18-30-CostumeCode-BilePoBilomu,2026/01/14/NB-14.01-18-30-CostumeCode-BilePoBilomu.md,2026-01-14,18:01,"CostumeCode, Ukraine, Poltava, Embroidery, WhiteOnWhite, Traditions, History, Dictionary, LongRead, LoreSync, HauteCouture, CanonEOSR6",ГОТОВ,"COSTUME CODE: УКРАЇНА. ВИШИВАНКА ""БІЛИМ ПО БІЛОМУ"". АРИСТОКРАТИЗМ СВІТЛА.",,,Europe/Riga,,,
NB-14.01-21-30-GlobalView-AgrarianMagic,2026/01/14/NB-14.01-21-30-GlobalView-AgrarianMagic.md,2026-01-14,21:01,"GlobalView, AgrarianMagic, Harvest, Fertility, Rituals, India, Ukraine, Japan, History, Ethnography, LongRead, LoreSync, HauteCouture, CanonEOSR6",ГОТОВ,GLOBAL VIEW: АГРАРНАЯ МАГИЯ НАРОДОВ МИРА. ОТ УРОЖАЯ ДО ВЫЖИВАНИЯ.,,,Europe/Riga,,,
SW-14.01-10-00-Greeting-OldNewYear,2026/01/14/SW-14.01-10-00-Greeting-OldNewYear.md,2026-01-14,10:01,"Greeting, OldNewYear, StBasilDay, Ukraine, Tradition, Food, Honey, LongRead, LoreSync, HauteCouture, PhaseOne",ГОТОВ,GREETING: СТАРИЙ НОВИЙ РІК. ДЕНЬ ВАСИЛЯ ТА СОЛОДКИЙ ПОЧАТОК.,,,Europe/Riga,,,
SW-14.01-11-00-HolidayTaste-Kartoshka,2026/01/14/SW-14.01-11-00-HolidayTaste-Kartoshka.md,2026-01-14,11:01,"HolidayTaste, Kartoshka, Nostalgia, Recipe, Dessert, History, LongRead, LoreSync, HauteCouture, PhaseOne",ГОТОВ,HOLIDAY TASTE: ПИРОЖНОЕ КАРТОШКА. ВКУС ДЕТСТВА И ГЕНИАЛЬНОЙ ЭКОНОМИИ.,,,Europe/Riga,,,
SW-14.01-13-00-TextureSync-BiscuitCream,2026/01/14/SW-14.01-13-00-TextureSync-BiscuitCream.md,2026-01-14,13:01,"TextureSync, Biscuit, Cream, Patisserie, PhysicsOfFood, Sensory, History, LongRead, LoreSync, HauteCouture, PhaseOne",ГОТОВ,TEXTURE SYNC: БІСКВІТ ТА КРЕМ. АРХІТЕКТУРА ПОВІТРЯ ТА ШОВКОВА НІЖНІСТЬ.,,,Europe/Riga,,,
SW-14.01-14-00-TraditionRecipe-Vasilopita,2026/01/14/SW-14.01-14-00-TraditionRecipe-Vasilopita.md,2026-01-14,14:01,"TraditionRecipe, Vasilopita, Greece, StBasilDay, NewYear, Coin, History, Recipe, LongRead, LoreSync, HauteCouture, PhaseOne",ГОТОВ,TRADITION RECIPE: ВАСИЛОПИТА. ГРЕЧЕСКИЙ КЕКС СВЯТОГО ВАСИЛИЯ И ЗОЛОТАЯ МОНЕТА.,,,Europe/Riga,,,
SW-14.01-17-00-SweetHistory-RahatLokum,2026/01/14/SW-14.01-17-00-SweetHistory-RahatLokum.md,2026-01-14,17:01,"SweetHistory, RahatLokum, TurkishDelight, HaciBekir, Istanbul, History, Texture, LongRead, LoreSync, HauteCouture, PhaseOne",ГОТОВ,SWEET HISTORY: РАХАТ-ЛУКУМ. ВІД КУХНІ СУЛТАНА ДО ЛЕГЕНДИ НАРНІЇ.,,,Europe/Riga,,,
SW-14.01-20-00-NightTreat-ChampagneJelly,2026/01/14/SW-14.01-20-00-NightTreat-ChampagneJelly.md,2026-01-14,20:01,"NightTreat, ChampagneJelly, Luxury, Celebration, Texture, History, Recipe, LongRead, LoreSync, HauteCouture, PhaseOne",ГОТОВ,NIGHT TREAT: ЖЕЛЕ ИЗ ШАМПАНСКОГО. ЗОЛОТЫЕ ИСКРЫ В ПРОЗРАЧНОМ ПЛЕНУ.,,,Europe/Riga,,,
AC-15.01-09-00-Greeting-WikipediaDay,2026/01/15/AC-15.01-09-00-Greeting-WikipediaDay.md,2026-01-15,09:01,"Greeting, WikipediaDay, Knowledge, History, Philosophy, Internet, Diderot, LongRead, LoreSync, HauteCouture, Hasselblad",ГОТОВ,GREETING: ДЕНЬ ВІКІПЕДІЇ. ЦИФРОВА ОЛЕКСАНДРІЯ ТА КОЛЕКТИВНИЙ ЛОГОС ЦИВІЛІЗАЦІЇ.,,,Europe/Riga,,,
AC-15.01-10-00-AncientMemory-AlexandriaLibrary,2026/01/15/AC-15.01-10-00-AncientMemory-AlexandriaLibrary.md,2026-01-15,10:01,"AncientMemory, AlexandriaLibrary, Knowledge, History, Ptolemy, Hypatia, Scrolls, Fire, LongRead, LoreSync, HauteCouture, PhaseOne",ГОТОВ,ANCIENT MEMORY: АЛЕКСАНДРИЙСКАЯ БИБЛИОТЕКА. ВЕЛИКАЯ МЕЧТА О ВСЕЗНАНИИ И ЕЁ ГИБЕЛЬ.,,,Europe/Riga,,,
AC-15.01-12-00-Legend-ThothAndHermes,2026/01/15/AC-15.01-12-00-Legend-ThothAndHermes.md,2026-01-15,12:01,"Legend, Thoth, Hermes, HermesTrismegistus, Egypt, Greece, Writing, Knowledge, Mythology, LongRead, LoreSync, HauteCouture, PhaseOne",ГОТОВ,LEGEND: ТОТ І ГЕРМЕС. БОГИ-ПИСЦІ ТА АРХЕТИП ЗНАННЯ. ВІД ЄГИПТУ ДО АЛХІМІЇ.,,,Europe/Riga,,,
AC-15.01-15-00-SacredSense-KnowledgeAsReligion,2026/01/15/AC-15.01-15-00-SacredSense-KnowledgeAsReligion.md,2026-01-15,15:01,"SacredSense, Knowledge, Gnosis, Religion, Dataism, Harari, Philosophy, History, LongRead, LoreSync, HauteCouture, Hasselblad",ГОТОВ,SACRED SENSE: ЗНАНИЕ КАК РЕЛИГИЯ. ОТ ГНОЗИСА ДО DATAIZMA.,,,Europe/Riga,,,
AC-15.01-18-00-Symbolism-BookOfFates,2026/01/15/AC-15.01-18-00-Symbolism-BookOfFates.md,2026-01-15,18:01,"Symbolism, BookOfFates, Destiny, Writing, Mythology, AkashicRecords, History, LongRead, LoreSync, HauteCouture, PhaseOne",ГОТОВ,SYMBOLISM: КНИГА ДОЛЬ. МЕТАФОРА ЖИТТЯ ЯК ТЕКСТУ.,,,Europe/Riga,,,
AC-15.01-21-00-NightReflection-CollectiveMind,2026/01/15/AC-15.01-21-00-NightReflection-CollectiveMind.md,2026-01-15,21:01,"NightReflection, CollectiveMind, Noosphere, Vernadsky, WikipediaDay, Internet, Philosophy, Connection, LongRead, LoreSync, HauteCouture, Hasselblad",ГОТОВ,NIGHT REFLECTION: КОЛЛЕКТИВНЫЙ РАЗУМ. ОТ МУРАВЕЙНИКА ДО НООСФЕРЫ.,,,Europe/Riga,,,
NB-15.01-09-30-WorldTradition-MakarSankranti,2026/01/15/NB-15.01-09-30-WorldTradition-MakarSankranti.md,2026-01-15,09:01,"WorldTradition, MakarSankranti, India, Kites, Sun, Ganges, Ritual, History, Dictionary, LongRead, LoreSync, HauteCouture, CanonEOSR6",ГОТОВ,WORLD TRADITION: ІНДІЯ. МАКАРА САНКРАНТІ. ФЕСТИВАЛЬ СОНЦЯ ТА ПОВІТРЯНИХ ЗМІЇВ.,,,Europe/Riga,,,
NB-15.01-12-30-EthnoEast-Sylvester,2026/01/15/NB-15.01-12-30-EthnoEast-Sylvester.md,2026-01-15,12:01,"EthnoEast, SylvesterDay, ChickenHoliday, Kikimora, ChickenGod, SlavicTradition, Folklore, Magic, LongRead, LoreSync, HauteCouture, CanonEOSR6",ГОТОВ,ETHNO EAST: СИЛЬВЕСТРОВ ДЕНЬ. КУРИНЫЙ ПРАЗДНИК И ЗАЩИТА ОТ КИКИМОРЫ.,,,Europe/Riga,,,
NB-15.01-15-30-FolkBestiary-Basilisk,2026/01/15/NB-15.01-15-30-FolkBestiary-Basilisk.md,2026-01-15,15:01,"FolkBestiary, Basilisk, KingOfSerpents, RoosterEgg, Toad, Folklore, Mythology, MedievalBestiary, LongRead, LoreSync, HauteCouture, CanonEOSR6",ГОТОВ,FOLK BESTIARY: ВАСИЛІСК. КОРОЛЬ ЗМІЇВ ТА СМЕРТЕЛЬНИЙ ПОГЛЯД.,,,Europe/Riga,,,
NB-15.01-18-30-CostumeCode-GujaratSari,2026/01/15/NB-15.01-18-30-CostumeCode-GujaratSari.md,2026-01-15,18:01,"CostumeCode, India, Gujarat, Sari, Patola, Bandhani, Traditions, History, Dictionary, LongRead, LoreSync, HauteCouture, CanonEOSR6",ГОТОВ,COSTUME CODE: ИНДИЯ. САРИ ГУДЖАРАТА. ТКАНИ НЕБА И УЗЕЛКИ СУДЬБЫ.,,,Europe/Riga,,,
NB-15.01-21-30-GlobalView-WindGames,2026/01/15/NB-15.01-21-30-GlobalView-WindGames.md,2026-01-15,21:01,"GlobalView, WindGames, Kites, India, Japan, Afghanistan, China, Ritual, History, Ethnography, LongRead, LoreSync, HauteCouture, CanonEOSR6",ГОТОВ,GLOBAL VIEW: ІГРИ З ВІТРОМ. ПОВІТРЯНІ ЗМІЇ ЯК МОЛИТВА І ЗБРОЯ.,,,Europe/Riga,,,
SW-15.01-10-00-Greeting-SweetIndia,2026/01/15/SW-15.01-10-00-Greeting-SweetIndia.md,2026-01-15,10:01,"Greeting, India, Pongal, MakarSankranti, Jaggery, Sugar, Tradition, Food, LongRead, LoreSync, HauteCouture, PhaseOne",ГОТОВ,GREETING: СОЛОДКА ІНДІЯ. МАГІЯ ДЖАГГЕРІ ТА РИТУАЛ ПЕРЕХОДУ СОНЦЯ.,,,Europe/Riga,,,
SW-15.01-11-00-HolidayTaste-SweetPongal,2026/01/15/SW-15.01-11-00-HolidayTaste-SweetPongal.md,2026-01-15,11:01,"HolidayTaste, Pongal, SweetRice, India, Jaggery, Cardamom, Cashews, Recipe, History, LongRead, LoreSync, HauteCouture, PhaseOne",ГОТОВ,HOLIDAY TASTE: СЛАДКИЙ ПОНГГАЛ. САКРАЛЬНЫЙ РИС И МОЛОКО БЛАГОДАРНОСТИ.,,,Europe/Riga,,,
SW-15.01-13-00-FlavorHorizon-CoconutCardamom,2026/01/15/SW-15.01-13-00-FlavorHorizon-CoconutCardamom.md,2026-01-15,13:01,"FlavorHorizon, Coconut, Cardamom, India, Pongal, FlavorPairing, Sensory, History, LongRead, LoreSync, HauteCouture, PhaseOne",ГОТОВ,FLAVOR HORIZON: КОКОС ТА КАРДАМОН. ВЕРШКОВА ЕКЗОТИКА ІНДІЙСЬКОГО СВЯТА.,,,Europe/Riga,,,
SW-15.01-14-00-TraditionRecipe-MangoLassi,2026/01/15/SW-15.01-14-00-TraditionRecipe-MangoLassi.md,2026-01-15,14:01,"TraditionRecipe, MangoLassi, India, Yogurt, Cardamom, Ayurveda, Recipe, Drink, LongRead, LoreSync, HauteCouture, PhaseOne",ГОТОВ,"TRADITION RECIPE: МАНГОВОЕ ЛАССИ. НАПИТОК, ОХЛАЖДАЮЩИЙ ДУШУ.",,,Europe/Riga,,,
SW-15.01-17-00-SweetHistory-Jalebi,2026/01/15/SW-15.01-17-00-SweetHistory-Jalebi.md,2026-01-15,17:01,"SweetHistory, Jalebi, Zalabiya, India, Persia, History, StreetFood, Texture, LongRead, LoreSync, HauteCouture, PhaseOne",ГОТОВ,SWEET HISTORY: ДЖАЛЕБІ. ЗОЛОТІ СПІРАЛІ СХОДУ ТА АЛХІМІЯ ЦУКРУ.,,,Europe/Riga,,,
SW-15.01-20-00-NightTreat-GulabJamun,2026/01/15/SW-15.01-20-00-NightTreat-GulabJamun.md,2026-01-15,20:01,"NightTreat, GulabJamun, India, Dessert, RoseWater, MilkSolids, Khoa, History, Recipe, LongRead, LoreSync, HauteCouture, PhaseOne",ГОТОВ,NIGHT TREAT: ГУЛАБ ДЖАМУН. РОЗОВАЯ ЯГОДА В САХАРНОМ ОКЕАНЕ.,,,Europe/Riga,,,
AC-16.01-09-00-Greeting-NothingDay,2026/01/16/AC-16.01-09-00-Greeting-NothingDay.md,2026-01-16,09:01,"Greeting, NothingDay, Niksen, Philosophy, HaroldCoffin, Silence, Minimalism, LongRead, LoreSync, HauteCouture, PhaseOne",ГОТОВ,GREETING: ДЕНЬ НІЧОГО. САФАРІ В ПОРОЖНЕЧУ ТА МИСТЕЦТВО ПАУЗИ.,,,Europe/Riga,,,
AC-16.01-10-00-Philosophy-Niksen,2026/01/16/AC-16.01-10-00-Philosophy-Niksen.md,2026-01-16,10:01,"Philosophy, Niksen, Netherlands, Mindfulness, Burnout, SlowLife, Productivity, LongRead, LoreSync, HauteCouture, PhaseOne",ГОТОВ,"PHILOSOPHY: ИСКУССТВО NIKSEN. ПОЧЕМУ ГОЛЛАНДСКОЕ ""НИЧЕГОНЕДЕЛАНИЕ"" СПАСЕТ МИР.",,,Europe/Riga,,,
AC-16.01-12-00-ZenPractice-Shunyata,2026/01/16/AC-16.01-12-00-ZenPractice-Shunyata.md,2026-01-16,12:01,"ZenPractice, Shunyata, Emptiness, Buddhism, Philosophy, Meditation, NothingDay, LongRead, LoreSync, HauteCouture, Hasselblad",ГОТОВ,ZEN PRACTICE: ШУНЬЯТА. САКРАЛЬНА ПОРОЖНЕЧА ЯК ДЖЕРЕЛО ВСЬОГО.,,,Europe/Riga,,,
AC-16.01-15-00-SacredSense-MusicOfSilence,2026/01/16/AC-16.01-15-00-SacredSense-MusicOfSilence.md,2026-01-16,15:01,"SacredSense, Silence, Music, Pause, JohnCage, 433, Philosophy, Sound, Neurobiology, LongRead, LoreSync, HauteCouture, Hasselblad",ГОТОВ,SACRED SENSE: МУЗЫКА ТИШИНЫ. КОГДА ОТСУТСТВИЕ ЗВУКА ГРОМЧЕ СИМФОНИИ.,,,Europe/Riga,,,
AC-16.01-16-30-AlmanacGuide-SlowLife,2026/01/16/AC-16.01-16-30-AlmanacGuide-SlowLife.md,2026-01-16,16:01,"AlmanacGuide, SlowLife, Niksen, Mindfulness, Philosophy, Productivity, Guide, LongRead, LoreSync, HauteCouture, Hasselblad",ГОТОВ,ALMANAC GUIDE: SLOW LIFE. МИСТЕЦТВО УПОВІЛЬНЕННЯ В ЕПОХУ ШВИДКОСТЕЙ.,,,Europe/Riga,,,
AC-16.01-18-00-VisualArchetype-WhiteSquare,2026/01/16/AC-16.01-18-00-VisualArchetype-WhiteSquare.md,2026-01-16,18:01,"VisualArchetype, WhiteSquare, TabulaRasa, Malevich, Minimalism, Philosophy, Art, History, Japan, Ma, LongRead, LoreSync, HauteCouture, Hasselblad",ГОТОВ,"VISUAL ARCHETYPE: БЕЛЫЙ ЛИСТ. ТАБУЛА РАСА, МАЛЕВИЧ И ЯПОНСКАЯ ПУСТОТА.",,,Europe/Riga,,,
AC-16.01-21-00-NightReflection-Silence,2026/01/16/AC-16.01-21-00-NightReflection-Silence.md,2026-01-16,21:01,"NightReflection, Silence, NoisePollution, Mindfulness, DesertFathers, Philosophy, Rest, Mauna, Hippocampus, LongRead, LoreSync, HauteCouture, Hasselblad",ГОТОВ,NIGHT REFLECTION: ТИША. НАЙГУЧНІШИЙ ЗВУК СВІТУ ТА ШЛЯХ ДО СЕБЕ.,,,Europe/Riga,,,
NB-16.01-09-30-WorldTradition-SanAnton,2026/01/16/NB-16.01-09-30-WorldTradition-SanAnton.md,2026-01-16,09:01,"WorldTradition, SanAnton, LasLuminarias, Spain, Fire, Horses, Purification, StAnthony, History, Ethnography, LongRead, LoreSync, HauteCouture, CanonEOSR6",ГОТОВ,WORLD TRADITION: ОГНИ САН-АНТОНА. ИСПАНСКИЕ ВСАДНИКИ СКВОЗЬ ПЛАМЯ.,,,Europe/Riga,,,
NB-16.01-12-30-EthnoEast-TheodoricDay,2026/01/16/NB-16.01-12-30-EthnoEast-TheodoricDay.md,2026-01-16,12:01,"EthnoEast, TheodoricDay, Lithuania, Fire, Ancestors, Paganism, Romuva, Gabija, Krive, History, LongRead, LoreSync, HauteCouture, CanonEOSR6",ГОТОВ,ETHNO EAST: ЛИТВА. ДЕНЬ ТЕОДОРІХА. ВІЧНИЙ ВОГОНЬ РОМУВИ ТА ТІНІ ПРЕДКІВ.,,,Europe/Riga,,,
NB-16.01-15-30-FolkBestiary-Salamander,2026/01/16/NB-16.01-15-30-FolkBestiary-Salamander.md,2026-01-16,15:01,"FolkBestiary, Salamander, Fire, Alchemy, Paracelsus, FrancisI, Asbestos, Mythology, History, LongRead, LoreSync, HauteCouture, CanonEOSR6",ГОТОВ,FOLK BESTIARY: САЛАМАНДРА. АЛХИМИЧЕСКИЙ ДУХ ОГНЯ И ТАЙНА АСБЕСТА.,,,Europe/Riga,,,
NB-16.01-17-00-AlmanacGuide-FireFestivals,2026/01/16/NB-16.01-17-00-AlmanacGuide-FireFestivals.md,2026-01-16,17:01,"AlmanacGuide, FireFestivals, Europe, Spain, Scotland, Bulgaria, UpHellyAa, LasFallas, Surva, History, Travel, LongRead, LoreSync, HauteCouture, CanonEOSR6",ГОТОВ,ALMANAC GUIDE: СВЯТА ВОГНЮ. ЯК ЄВРОПА ПАЛИТЬ ЗИМУ.,,,Europe/Riga,,,
NB-16.01-18-30-CostumeCode-WoolenShawls,2026/01/16/NB-16.01-18-30-CostumeCode-WoolenShawls.md,2026-01-16,18:01,"CostumeCode, Shawl, Wool, PavlovoPosad, Orenburg, Tartan, History, Fashion, Tradition, LongRead, LoreSync, HauteCouture, CanonEOSR6",ГОТОВ,COSTUME CODE: ШЕРСТЯНЫЕ ПЛАТКИ. ОТ ПАВЛОВОПОСАДСКИХ РОЗ ДО ШОТЛАНДСКОЙ КЛЕТКИ.,,,Europe/Riga,,,
NB-16.01-21-30-GlobalView-FirePurification,2026/01/16/NB-16.01-21-30-GlobalView-FirePurification.md,2026-01-16,21:01,"GlobalView, FirePurification, Bonfire, Ritual, SanAnton, Nowruz, Kupala, Beltane, History, Ethnography, LongRead, LoreSync, HauteCouture, CanonEOSR6",ГОТОВ,GLOBAL VIEW: ОЧИЩЕННЯ ВОГНЕМ. ЧОМУ ЛЮДСТВО СТРИБАЄ ЧЕРЕЗ БАГАТТЯ.,,,Europe/Riga,,,
SW-16.01-10-00-Greeting-SweetNothing,2026/01/16/SW-16.01-10-00-Greeting-SweetNothing.md,2026-01-16,10:01,"Greeting, NothingDay, Niksen, Minimalism, TeaTime, Peace, History, LongRead, LoreSync, HauteCouture, PhaseOne",ГОТОВ,GREETING: СОЛОДКА ПАУЗА. МИСТЕЦТВО НІЧОГОНЕРОБЛЕННЯ В КОНДИТЕРСЬКІЙ.,,,Europe/Riga,,,
SW-16.01-11-00-HolidayTaste-PureChocolate,2026/01/16/SW-16.01-11-00-HolidayTaste-PureChocolate.md,2026-01-16,11:01,"HolidayTaste, DarkChocolate, Minimalism, BeanToBar, Cacao, Texture, History, LongRead, LoreSync, HauteCouture, PhaseOne",ГОТОВ,HOLIDAY TASTE: ЧИСТЫЙ ШОКОЛАД. АНАТОМИЯ ТЕРПКОСТИ И МАГИЯ МОНО-ВКУСА.,,,Europe/Riga,,,
SW-16.01-13-00-TextureSync-MilkAndCookies,2026/01/16/SW-16.01-13-00-TextureSync-MilkAndCookies.md,2026-01-16,13:01,"TextureSync, MilkAndCookies, Niksen, Childhood, Physics, Dunking, ComfortFood, LongRead, LoreSync, HauteCouture, PhaseOne",ГОТОВ,TEXTURE SYNC: МОЛОКО ТА ПЕЧИВО. АЛХІМІЯ ЗАНУРЕННЯ ТА МАГІЯ ДИТИНСТВА.,,,Europe/Riga,,,
SW-16.01-14-00-TraditionRecipe-ToastAndJam,2026/01/16/SW-16.01-14-00-TraditionRecipe-ToastAndJam.md,2026-01-16,14:01,"TraditionRecipe, Toast, Jam, Bread, MaillardReaction, Breakfast, ComfortFood, History, LongRead, LoreSync, HauteCouture, PhaseOne",ГОТОВ,TRADITION RECIPE: ТОСТ С ДЖЕМОМ. АРХЕТИП УЮТА И МАГИЯ ХРУСТА.,,,Europe/Riga,,,
SW-16.01-15-00-AlmanacGuide-DessertMinimalism,2026/01/16/SW-16.01-15-00-AlmanacGuide-DessertMinimalism.md,2026-01-16,15:01,"AlmanacGuide, Minimalism, Wagashi, CedricGrolet, AmauryGuichon, PastryArt, Philosophy, Guide, LongRead, LoreSync, HauteCouture, PhaseOne",ГОТОВ,ALMANAC GUIDE: МІНІМАЛІЗМ У ДЕСЕРТАХ. ЯПОНСЬКА ЕСТЕТИКА ТА ФРАНЦУЗЬКИЙ РЕАЛІЗМ.,,,Europe/Riga,,,
SW-16.01-17-00-SweetHistory-SugarCube,2026/01/16/SW-16.01-17-00-SweetHistory-SugarCube.md,2026-01-16,17:01,"SweetHistory, SugarCube, RefinedSugar, JakubKrystofRad, History, IndustrialRevolution, TeaCulture, LongRead, LoreSync, HauteCouture, PhaseOne",ГОТОВ,"SWEET HISTORY: САХАР-РАФИНАД. КУБИК, КОТОРЫЙ ИЗМЕНИЛ МИР.",,,Europe/Riga,,,
SW-16.01-20-00-NightTreat-HerbalTea,2026/01/16/SW-16.01-20-00-NightTreat-HerbalTea.md,2026-01-16,20:01,"NightTreat, HerbalTea, Tisane, Chamomile, Mint, Lavender, SleepRitual, History, LongRead, LoreSync, HauteCouture, PhaseOne",ГОТОВ,NIGHT TREAT: ТРАВ'ЯНИЙ ЧАЙ. МАГІЯ ТИСАНУ ТА ВЕЧІРНЯ АЛХІМІЯ.,,,Europe/Riga,,,
AC-17.01-09-00-Greeting-StAnthony,2026/01/17/AC-17.01-09-00-Greeting-StAnthony.md,2026-01-17,09:01,"Greeting, StAnthony, Monasticism, DesertFathers, Animals, Fire, History, Religion, LongRead, LoreSync, HauteCouture, Hasselblad",ГОТОВ,GREETING: ДЕНЬ СВЯТОГО АНТОНИЯ. ОТЕЦ МОНАШЕСТВА И ПОКРОВИТЕЛЬ ЖИВОТНЫХ.,,,Europe/Riga,,,
AC-17.01-10-00-MythOrigin-StAnthonysPig,2026/01/17/AC-17.01-10-00-MythOrigin-StAnthonysPig.md,2026-01-17,10:01,"MythOrigin, StAnthony, Pig, TantonyPig, Ergotism, OrderOfStAnthony, Symbolism, History, LongRead, LoreSync, HauteCouture, PhaseOne",ГОТОВ,MYTH ORIGIN: СВИНЯ СВЯТОГО АНТОНІЯ. ЧОМУ АСКЕТ ХОДИТЬ З КАБАНОМ.,,,Europe/Riga,,,
AC-17.01-12-00-SacredSense-Asceticism,2026/01/17/AC-17.01-12-00-SacredSense-Asceticism.md,2026-01-17,12:01,"SacredSense, Asceticism, StAnthony, DopamineDetox, Stoicism, Philosophy, SelfControl, Biohacking, LongRead, LoreSync, HauteCouture, Hasselblad",ГОТОВ,SACRED SENSE: АСКЕЗА ЯК ШЛЯХ. ВІД ПУСТЕЛІ ДО БІОХАКІНГУ.,,,Europe/Riga,,,
AC-17.01-15-00-VisualArchetype-DesertDemons,2026/01/17/AC-17.01-15-00-VisualArchetype-DesertDemons.md,2026-01-17,15:01,"VisualArchetype, Bosch, Dali, StAnthony, Temptation, Art, Surrealism, Psychoanalysis, LongRead, LoreSync, HauteCouture, Hasselblad",ГОТОВ,"VISUAL ARCHETYPE: ДЕМОНИ ПУСТЕЛІ. ІЄРОНІМ БОСХ, ДАЛІ ТА ПСИХОАНАЛІЗ.",,,Europe/Riga,,,
AC-17.01-18-00-Legend-AnthonyAndPaul,2026/01/17/AC-17.01-18-00-Legend-AnthonyAndPaul.md,2026-01-17,18:01,"Legend, StAnthony, StPaulTheHermit, Raven, Lions, Bread, DesertFathers, History, Religion, LongRead, LoreSync, HauteCouture, Hasselblad",ГОТОВ,LEGEND: АНТОНИЙ И ПАВЕЛ. ВСТРЕЧА ДВУХ ЛЬВОВ В ПУСТЫНЕ.,,,Europe/Riga,,,
AC-17.01-21-00-NightReflection-Loneliness,2026/01/17/AC-17.01-21-00-NightReflection-Loneliness.md,2026-01-17,21:01,"NightReflection, Loneliness, Solitude, StAnthony, Philosophy, Kierkegaard, Psychology, SelfSufficiency, LongRead, LoreSync, HauteCouture, Hasselblad",ГОТОВ,NIGHT REFLECTION: САМОТНІСТЬ. ПРОКЛЯТТЯ ЧИ ПРИВІЛЕЙ?,,,Europe/Riga,,,
NB-17.01-09-30-WorldTradition-AnimalBlessing,2026/01/17/NB-17.01-09-30-WorldTradition-AnimalBlessing.md,2026-01-17,09:01,"WorldTradition, AnimalBlessing, StAnthony, Spain, Madrid, Vatican, TresVueltas, History, Ritual, LongRead, LoreSync, HauteCouture, CanonEOSR6",ГОТОВ,"WORLD TRADITION: БЛАГОСЛОВЕНИЕ ЖИВОТНЫХ. СВЯТОЙ АНТОНИЙ И ЕГО ""КОВЧЕГ"".",,,Europe/Riga,,,
NB-17.01-12-30-EthnoEast-TheoktistDay,2026/01/17/NB-17.01-12-30-EthnoEast-TheoktistDay.md,2026-01-17,12:01,"EthnoEast, TheoktistDay, Exorcism, Devil, SlavicTradition, Folklore, Magic, Thistle, LongRead, LoreSync, HauteCouture, CanonEOSR6",ГОТОВ,ETHNO EAST: ФЕОКТИСТІВ ДЕНЬ. ВИГНАННЯ ЧОРТА ТА ЗАВЕРШЕННЯ СВЯТОК.,,,Europe/Riga,,,
NB-17.01-15-30-FolkBestiary-TantonyPig,2026/01/17/NB-17.01-15-30-FolkBestiary-TantonyPig.md,2026-01-17,15:01,"FolkBestiary, TantonyPig, StAnthony, Pig, Folklore, Idiom, History, Religion, LongRead, LoreSync, HauteCouture, CanonEOSR6",ГОТОВ,FOLK BESTIARY: ТАНТАЛОВА СВИНЬЯ. САМЫЙ МИЛЫЙ СПУТНИК АСКЕТА.,,,Europe/Riga,,,
NB-17.01-18-30-CostumeCode-MonasticHabit,2026/01/17/NB-17.01-18-30-CostumeCode-MonasticHabit.md,2026-01-17,18:01,"CostumeCode, MonasticHabit, StAnthony, Minimalism, Fashion, Balenciaga, RickOwens, History, Religion, LongRead, LoreSync, HauteCouture, CanonEOSR6",ГОТОВ,COSTUME CODE: ЧЕРНЕЧА РЯСА. ЕСТЕТИКА ПРОСТОТИ ТА МОДА АСКЕТИЗМУ.,,,Europe/Riga,,,
NB-17.01-21-30-GlobalView-Hermits,2026/01/17/NB-17.01-21-30-GlobalView-Hermits.md,2026-01-17,21:01,"GlobalView, Hermits, Asceticism, StAnthony, Hinduism, Sadhu, Buddhism, Yamabushi, History, Ethnography, LongRead, LoreSync, HauteCouture, CanonEOSR6",ГОТОВ,GLOBAL VIEW: ОТШЕЛЬНИЧЕСТВО. ПОБЕГ ОТ МИРА РАДИ СПАСЕНИЯ МИРА.,,,Europe/Riga,,,
SW-17.01-10-00-Greeting-AsceticBreakfast,2026/01/17/SW-17.01-10-00-Greeting-AsceticBreakfast.md,2026-01-17,10:01,"Greeting, AsceticBreakfast, Porridge, Oatmeal, StAnthony, Minimalism, HealthyFood, History, LongRead, LoreSync, HauteCouture, PhaseOne",ГОТОВ,GREETING: АСКЕТИЧНЫЙ ЗАВТРАК. ПРОСТАЯ ЕДА КАК ВЫСШАЯ ФОРМА ГЕДОНИЗМА.,,,Europe/Riga,,,
SW-17.01-11-00-HolidayTaste-PanDeSanAnton,2026/01/17/SW-17.01-11-00-HolidayTaste-PanDeSanAnton.md,2026-01-17,11:01,"HolidayTaste, PanDeSanAnton, StAnthony, Spain, Madrid, Ritual, Bread, History, LongRead, LoreSync, HauteCouture, PhaseOne",ГОТОВ,"HOLIDAY TASTE: PAN DE SAN ANTÓN. МАГІЧНИЙ ХЛІБ, ЩО ЗБЕРІГАЄТЬСЯ РІК.",,,Europe/Riga,,,
SW-17.01-13-00-FlavorHorizon-AniseAndZest,2026/01/17/SW-17.01-13-00-FlavorHorizon-AniseAndZest.md,2026-01-17,13:01,"FlavorHorizon, Anise, LemonZest, OrangeZest, SpicePairing, Chemistry, Mediterranean, History, LongRead, LoreSync, HauteCouture, PhaseOne",ГОТОВ,FLAVOR HORIZON: АНИС И ЦЕДРА. СОЮЗ ХОЛОДНОЙ ПРЯНОСТИ И СОЛНЕЧНОЙ КИСЛОТЫ.,,,Europe/Riga,,,
SW-17.01-14-00-TraditionRecipe-Knofliky,2026/01/17/SW-17.01-14-00-TraditionRecipe-Knofliky.md,2026-01-17,14:01,"TraditionRecipe, Knofliky, Dumplings, CzechRepublic, Bacon, Lard, WinterFood, ComfortFood, History, LongRead, LoreSync, HauteCouture, PhaseOne",ГОТОВ,TRADITION RECIPE: КНЕДЛИКИ З САЛОМ. ЧЕСЬКА ВІДПОВІДЬ НА ЗИМОВИЙ ХОЛОД.,,,Europe/Riga,,,
SW-17.01-17-00-SweetHistory-LentenBaking,2026/01/17/SW-17.01-17-00-SweetHistory-LentenBaking.md,2026-01-17,17:01,"SweetHistory, LentenBaking, Fasting, Vegan, Aquafaba, AlmondMilk, History, Religion, Creativity, LongRead, LoreSync, HauteCouture, PhaseOne",ГОТОВ,SWEET HISTORY: ИСТОРИЯ ПОСТНОЙ ВЫПЕЧКИ. КАК ЗАПРЕТЫ ПОРОДИЛИ ШЕДЕВРЫ.,,,Europe/Riga,,,
SW-17.01-20-00-NightTreat-BakedApple,2026/01/17/SW-17.01-20-00-NightTreat-BakedApple.md,2026-01-17,20:01,"NightTreat, BakedApple, Cinnamon, ComfortFood, HealthyDessert, History, Pectin, LongRead, LoreSync, HauteCouture, PhaseOne",ГОТОВ,NIGHT TREAT: ПЕЧЕНЕ ЯБЛУКО. НАЙДАВНІШИЙ ДЕСЕРТ ЛЮДСТВА.,,,Europe/Riga,,,
AC-18.01-09-00-Greeting-NewMoon,2026/01/18/AC-18.01-09-00-Greeting-NewMoon.md,2026-01-18,09:01,"Greeting, NewMoon, LunarCycle, Hecate, Reset, Intention, DarkMoon, History, Astrology, LongRead, LoreSync, HauteCouture, Hasselblad",ГОТОВ,GREETING: НОВОЛУНИЕ. ТОЧКА НОЛЬ И ЭНЕРГИЯ СКРЫТОГО ПОТЕНЦИАЛА.,,,Europe/Riga,,,
AC-18.01-10-00-RitualFeast-EpiphanyEve,2026/01/18/AC-18.01-10-00-RitualFeast-EpiphanyEve.md,2026-01-18,10:01,"RitualFeast, EpiphanyEve, HungryKutia, Water, Purification, Fasting, SlavicTradition, History, Religion, LongRead, LoreSync, HauteCouture, Hasselblad",ГОТОВ,"RITUAL FEAST: НАВЕЧІР'Я БОГОЯВЛЕННЯ. ГОЛОДНА КУТЯ І ВОДА, ЩО ЗМІНЮЄ СТРУКТУРУ.",,,Europe/Riga,,,
AC-18.01-12-00-MythOrigin-Hecate,2026/01/18/AC-18.01-12-00-MythOrigin-Hecate.md,2026-01-18,12:01,"MythOrigin, Hecate, Crossroad, DarkMoon, TripleGoddess, Key, Dog, Magic, History, Mythology, LongRead, LoreSync, HauteCouture, Hasselblad",ГОТОВ,MYTH ORIGIN: ГЕКАТА. БОГИНЯ ПЕРЕКРЕСТКОВ И ТЕМНОЙ ЛУНЫ.,,,Europe/Riga,,,
AC-18.01-15-00-SacredSense-DarkNightOfTheSoul,2026/01/18/AC-18.01-15-00-SacredSense-DarkNightOfTheSoul.md,2026-01-18,15:01,"SacredSense, DarkNightOfTheSoul, StJohnOfTheCross, Mysticism, Transformation, Psychology, Depression, Light, History, LongRead, LoreSync, HauteCouture, Hasselblad",ГОТОВ,SACRED SENSE: ТЕМНА НІЧ ДУШІ. КРИЗА ЯК ЕТАП ТРАНСФОРМАЦІЇ.,,,Europe/Riga,,,
AC-18.01-18-00-Symbolism-BlackMoon,2026/01/18/AC-18.01-18-00-Symbolism-BlackMoon.md,2026-01-18,18:01,"Symbolism, BlackMoon, Lilith, Astrology, ShadowArchetype, Feminity, Freedom, Mythology, LongRead, LoreSync, HauteCouture, Hasselblad",ГОТОВ,SYMBOLISM: ЧЕРНАЯ ЛУНА. ЛИЛИТ И ТЕНЬ ЖЕНСТВЕННОСТИ.,,,Europe/Riga,,,
AC-18.01-21-00-NightReflection-Reboot,2026/01/18/AC-18.01-21-00-NightReflection-Reboot.md,2026-01-18,21:01,"NightReflection, Reboot, NewMoon, Reset, Psychology, Philosophy, TabulaRasa, Future, LongRead, LoreSync, HauteCouture, Hasselblad",ГОТОВ,NIGHT REFLECTION: ПЕРЕЗАВАНТАЖЕННЯ. ЯК ПОЧАТИ З НУЛЯ БЕЗ СТРАХУ.,,,Europe/Riga,,,
NB-18.01-09-30-WorldTradition-Sinulog,2026/01/18/NB-18.01-09-30-WorldTradition-Sinulog.md,2026-01-18,09:01,"WorldTradition, Sinulog, Philippines, Cebu, SantoNino, Dance, Water, History, Festival, LongRead, LoreSync, HauteCouture, CanonEOSR6",ГОТОВ,WORLD TRADITION: СІНУЛОГ. ТАНЕЦЬ ВОДИ І ВОГНЮ НА ФІЛІППІНАХ.,,,Europe/Riga,,,
NB-18.01-12-30-EthnoEast-SecondChristmasEve,2026/01/18/NB-18.01-12-30-EthnoEast-SecondChristmasEve.md,2026-01-18,12:01,"EthnoEast, SecondChristmasEve, HungryKutia, EpiphanyEve, SlavicTradition, Exorcism, Water, History, Ritual, LongRead, LoreSync, HauteCouture, CanonEOSR6",ГОТОВ,ETHNO EAST: ВТОРОЙ СОЧЕЛЬНИК. ГОЛОДНАЯ КУТЬЯ И ИЗГНАНИЕ ЗИМЫ.,,,Europe/Riga,,,
NB-18.01-15-30-FolkBestiary-Naga,2026/01/18/NB-18.01-15-30-FolkBestiary-Naga.md,2026-01-18,15:01,"FolkBestiary, Naga, Snake, Water, Buddhism, Hinduism, Thailand, Mythology, Mekong, Fireballs, LongRead, LoreSync, HauteCouture, CanonEOSR6",ГОТОВ,"FOLK BESTIARY: НАГА. ВОДЯНИЙ ЗМІЙ, ЩО ТРИМАЄ СВІТ.",,,Europe/Riga,,,
NB-18.01-18-30-CostumeCode-SinulogCostumes,2026/01/18/NB-18.01-18-30-CostumeCode-SinulogCostumes.md,2026-01-18,18:01,"CostumeCode, SinulogCostumes, Philippines, Cebu, FestivalFashion, Headdress, Baroque, Tribal, History, LongRead, LoreSync, HauteCouture, CanonEOSR6",ГОТОВ,"COSTUME CODE: КОСТЮМЫ ФЕСТИВАЛЯ СИНУЛОГ. ПЕРЬЯ, ЗОЛОТО И ИСТОРИЯ.",,,Europe/Riga,,,
NB-18.01-21-30-GlobalView-PhilippineFaith,2026/01/18/NB-18.01-21-30-GlobalView-PhilippineFaith.md,2026-01-18,21:01,"GlobalView, Philippines, Faith, Catholicism, Animism, Syncretism, BlackNazarene, Crucifixion, History, Religion, LongRead, LoreSync, HauteCouture, CanonEOSR6",ГОТОВ,GLOBAL VIEW: ФІЛІППІНСЬКА ВІРА. КАТОЛИЦИЗМ ЗІ СМАКОМ МАНГО.,,,Europe/Riga,,,
SW-18.01-10-00-Greeting-DarkSweetness,2026/01/18/SW-18.01-10-00-Greeting-DarkSweetness.md,2026-01-18,10:01,"Greeting, DarkSweetness, BlackFood, NewMoon, Charcoal, Blackberry, Licorice, History, Aesthetics, LongRead, LoreSync, HauteCouture, PhaseOne",ГОТОВ,GREETING: ТЕМНАЯ СЛАДОСТЬ. ЭСТЕТИКА ЧЕРНОГО ДЕСЕРТА В НОВОЛУНИЕ.,,,Europe/Riga,,,
SW-18.01-11-00-HolidayTaste-BlackTruffle,2026/01/18/SW-18.01-11-00-HolidayTaste-BlackTruffle.md,2026-01-18,11:01,"HolidayTaste, BlackTruffle, ChocolateTruffle, Fungus, Umami, Luxury, History, France, LongRead, LoreSync, HauteCouture, PhaseOne",ГОТОВ,HOLIDAY TASTE: ЧОРНИЙ ТРЮФЕЛЬ. ДІАМАНТ КУХНІ ТА АРОМАТ ТЕМРЯВИ.,,,Europe/Riga,,,
SW-18.01-13-00-TextureSync-CoffeeAndChocolate,2026/01/18/SW-18.01-13-00-TextureSync-CoffeeAndChocolate.md,2026-01-18,13:01,"TextureSync, Coffee, Chocolate, Pairing, MeltingPoint, Caffeine, Theobromine, History, Ritual, LongRead, LoreSync, HauteCouture, PhaseOne",ГОТОВ,TEXTURE SYNC: КОФЕ И ШОКОЛАД. ЧЕРНОЕ НА ЧЕРНОМ.,,,Europe/Riga,,,
SW-18.01-14-00-TraditionRecipe-CharcoalCookies,2026/01/18/SW-18.01-14-00-TraditionRecipe-CharcoalCookies.md,2026-01-18,14:01,"TraditionRecipe, CharcoalCookies, Coal, ActivatedCharcoal, Miners, Epiphany, History, Detox, Recipe, LongRead, LoreSync, HauteCouture, PhaseOne",ГОТОВ,TRADITION RECIPE: ВУГІЛЬНЕ ПЕЧИВО. ЧОРНЕ ЗОЛОТО ШАХТАРІВ І ТРЕНД XXI СТОЛІТТЯ.,,,Europe/Riga,,,
SW-18.01-17-00-SweetHistory-Licorice,2026/01/18/SW-18.01-17-00-SweetHistory-Licorice.md,2026-01-18,17:01,"SweetHistory, Licorice, Salmiak, Scandinavia, Root, Medicine, Candy, History, Taste, LongRead, LoreSync, HauteCouture, PhaseOne",ГОТОВ,SWEET HISTORY: ЛАКРИЦА. ЧЕРНОЕ ЗОЛОТО СКАНДИНАВИИ ИЛИ ВКУСОВОЙ ШОК.,,,Europe/Riga,,,
SW-18.01-20-00-NightTreat-BlackberryChocolate,2026/01/18/SW-18.01-20-00-NightTreat-BlackberryChocolate.md,2026-01-18,20:01,"NightTreat, Blackberry, DarkChocolate, PurpleFood, Antioxidants, Ritual, Taste, History, LongRead, LoreSync, HauteCouture, PhaseOne",ГОТОВ,NIGHT TREAT: ОЖИНА В ШОКОЛАДІ. КОРОЛІВСЬКИЙ ПУРПУР І НІЧНА СВІЖІСТЬ.,,,Europe/Riga,,,
AC-19.01-09-00-Greeting-BlueMonday,2026/01/19/AC-19.01-09-00-Greeting-BlueMonday.md,2026-01-19,09:01,"Greeting, BlueMonday, Sadness, Melancholy, Psychology, ColorBlue, WinterBlues, History, LongRead, LoreSync, HauteCouture, Hasselblad",ГОТОВ,GREETING: СИНИЙ ПОНЕДЕЛЬНИК. САМЫЙ ГРУСТНЫЙ ДЕНЬ В ГОДУ ИЛИ PR-ХОД?,,,Europe/Riga,,,
AC-19.01-10-00-AncientMemory-EdgarAllanPoe,2026/01/19/AC-19.01-10-00-AncientMemory-EdgarAllanPoe.md,2026-01-19,10:01,"AncientMemory, EdgarAllanPoe, Birthday, Raven, Gothic, Horror, Detective, Literature, History, LongRead, LoreSync, HauteCouture, Hasselblad",ГОТОВ,ANCIENT MEMORY: ЕДГАР АЛЛАН ПО. АРХІТЕКТОР ЖАХУ І БАТЬКО ДЕТЕКТИВУ.,,,Europe/Riga,,,
AC-19.01-12-00-VisualArchetype-BlueColor,2026/01/19/AC-19.01-12-00-VisualArchetype-BlueColor.md,2026-01-19,12:01,"VisualArchetype, BlueColor, ArtHistory, Ultramarine, YvesKlein, Picasso, VanGogh, Psychology, LongRead, LoreSync, HauteCouture, Hasselblad",ГОТОВ,VISUAL ARCHETYPE: СИНИЙ ЦВЕТ В ИСКУССТВЕ. ОТ УЛЬТРАМАРИНА ДО ЭЛЕКТРИКА.,,,Europe/Riga,,,
AC-19.01-15-00-SacredSense-PurificationByTears,2026/01/19/AC-19.01-15-00-SacredSense-PurificationByTears.md,2026-01-19,15:01,"SacredSense, Tears, Purification, Catharsis, Psychology, Biology, BlueMonday, Melancholy, History, LongRead, LoreSync, HauteCouture, Hasselblad",ГОТОВ,SACRED SENSE: ОЧИЩЕННЯ СЛЬОЗАМИ. КАТАРСИС І БІОХІМІЯ ПОЛЕГШЕННЯ.,,,Europe/Riga,,,
AC-19.01-18-00-Symbolism-Raven,2026/01/19/AC-19.01-18-00-Symbolism-Raven.md,2026-01-19,18:01,"Symbolism, Raven, Crow, EdgarAllanPoe, Odin, HuginAndMunin, Alchemy, Death, Wisdom, History, Mythology, LongRead, LoreSync, HauteCouture, Hasselblad",ГОТОВ,"SYMBOLISM: ВОРОН. МУДРОСТЬ, ПАМЯТЬ И ПОСРЕДНИК МЕЖДУ МИРАМИ.",,,Europe/Riga,,,
AC-19.01-21-00-NightReflection-BeautyOfSadness,2026/01/19/AC-19.01-21-00-NightReflection-BeautyOfSadness.md,2026-01-19,21:01,"NightReflection, Sadness, Beauty, Melancholy, MonoNoAware, BlueMonday, Psychology, Art, Philosophy, LongRead, LoreSync, HauteCouture, Hasselblad",ГОТОВ,NIGHT REFLECTION: КРАСА СМУТКУ. ЧОМУ МИ ЛЮБИМО СУМНІ ПІСНІ.,,,Europe/Riga,,,
NB-19.01-09-30-WorldTradition-Timkat,2026/01/19/NB-19.01-09-30-WorldTradition-Timkat.md,2026-01-19,09:01,"WorldTradition, Timkat, Ethiopia, Epiphany, ArkOfTheCovenant, Tabot, Gondar, Lalibela, History, Religion, LongRead, LoreSync, HauteCouture, CanonEOSR6",ГОТОВ,WORLD TRADITION: ТИМКАТ. ЭФИОПСКОЕ КРЕЩЕНИЕ И КОВЧЕГ ЗАВЕТА.,,,Europe/Riga,,,
NB-19.01-12-30-EthnoEast-Epiphany,2026/01/19/NB-19.01-12-30-EthnoEast-Epiphany.md,2026-01-19,12:01,"EthnoEast, Epiphany, Vodokhreshcha, Jordan, IceCross, Water, Purification, SlavicTradition, History, Religion, LongRead, LoreSync, HauteCouture, CanonEOSR6",ГОТОВ,ETHNO EAST: ВОДОХРЕЩА. ЙОРДАНСЬКА ВОДА І КРИЖАНИЙ ВОГОНЬ.,,,Europe/Riga,,,
NB-19.01-15-30-FolkBestiary-Vodyanoy,2026/01/19/NB-19.01-15-30-FolkBestiary-Vodyanoy.md,2026-01-19,15:01,"FolkBestiary, Vodyanoy, Rusalka, SlavicMythology, WaterSpirits, Epiphany, Winter, Folklore, LongRead, LoreSync, HauteCouture, CanonEOSR6",ГОТОВ,FOLK BESTIARY: ВОДЯНОЙ И РУСАЛКИ. ХОЗЯЕВА ЗИМНЕЙ РЕКИ.,,,Europe/Riga,,,
NB-19.01-18-30-CostumeCode-PilgrimWhite,2026/01/19/NB-19.01-18-30-CostumeCode-PilgrimWhite.md,2026-01-19,18:01,"CostumeCode, PilgrimWhite, Shamma, Ethiopia, Timkat, WhiteColor, Cotton, History, Religion, Fashion, LongRead, LoreSync, HauteCouture, CanonEOSR6",ГОТОВ,COSTUME CODE: БІЛИЙ ОДЯГ ПАЛОМНИКІВ. ЕФІОПСЬКА ШАММА І КОД ЧИСТОТИ.,,,Europe/Riga,,,
NB-19.01-21-30-GlobalView-WaterSacred,2026/01/19/NB-19.01-21-30-GlobalView-WaterSacred.md,2026-01-19,21:01,"GlobalView, Water, SacredWater, Ganges, Jordan, Onsen, Baptism, History, Religion, Ecology, LongRead, LoreSync, HauteCouture, CanonEOSR6",ГОТОВ,"GLOBAL VIEW: ВОДА КАК СВЯТЫНЯ. ГАНГ, ИОРДАН И МИРОВОЙ ОКЕАН.",,,Europe/Riga,,,
SW-19.01-10-00-Greeting-BlueBreakfast,2026/01/19/SW-19.01-10-00-Greeting-BlueBreakfast.md,2026-01-19,10:01,"Greeting, BlueBreakfast, BlueMajik, Spirulina, Anchan, ButterflyPea, SmoothieBowl, Health, Color, LongRead, LoreSync, HauteCouture, PhaseOne",ГОТОВ,"GREETING: ГОЛУБОЙ ЗАВТРАК. СПИРУЛИНА, АНЧАН И НЕБЕСНЫЙ ЦВЕТ.",,,Europe/Riga,,,
SW-19.01-11-00-HolidayTaste-BlueberryPie,2026/01/19/SW-19.01-11-00-HolidayTaste-BlueberryPie.md,2026-01-19,11:01,"HolidayTaste, BlueberryPie, TwinPeaks, Pie, Berries, Baking, ComfortFood, Cinema, LongRead, LoreSync, HauteCouture, PhaseOne",ГОТОВ,"HOLIDAY TASTE: ЧОРНИЧНИЙ ПИРІГ. КЛАСИКА З ""ТВІН ПІКС"" І СМАК ЛІСУ.",,,Europe/Riga,,,
SW-19.01-13-00-FlavorHorizon-BlueCheeseAndHoney,2026/01/19/SW-19.01-13-00-FlavorHorizon-BlueCheeseAndHoney.md,2026-01-19,13:01,"FlavorHorizon, BlueCheese, Honey, Gorgonzola, Roquefort, Pairing, Umami, Mold, History, LongRead, LoreSync, HauteCouture, PhaseOne",ГОТОВ,FLAVOR HORIZON: ГОЛУБОЙ СЫР И МЕД. БОРЬБА СОЛЕНОГО И СЛАДКОГО.,,,Europe/Riga,,,
SW-19.01-14-00-TraditionRecipe-EthiopianCoffee,2026/01/19/SW-19.01-14-00-TraditionRecipe-EthiopianCoffee.md,2026-01-19,14:01,"TraditionRecipe, EthiopianCoffee, Buna, Jebena, Timkat, Popcorn, CoffeeCeremony, History, Ritual, LongRead, LoreSync, HauteCouture, PhaseOne",ГОТОВ,TRADITION RECIPE: ЕФІОПСЬКА КАВА. НАРОДЖЕННЯ НАПОЮ ТА РИТУАЛ ДЖЕБЕНИ.,,,Europe/Riga,,,
SW-19.01-17-00-SweetHistory-SmoothieBlueMajik,2026/01/19/SW-19.01-17-00-SweetHistory-SmoothieBlueMajik.md,2026-01-19,17:01,"SweetHistory, Smoothie, BlueMajik, Spirulina, HealthTrend, California, History, Superfoods, LongRead, LoreSync, HauteCouture, PhaseOne",ГОТОВ,SWEET HISTORY: ИСТОРИЯ СМУЗИ И РЕВОЛЮЦИЯ BLUE MAJIK.,,,Europe/Riga,,,
SW-19.01-20-00-NightTreat-LavenderMilk,2026/01/19/SW-19.01-20-00-NightTreat-LavenderMilk.md,2026-01-19,20:01,"NightTreat, LavenderMilk, MoonMilk, Sleep, Ritual, Relax, Provence, Recipe, LongRead, LoreSync, HauteCouture, PhaseOne",ГОТОВ,NIGHT TREAT: ЛАВАНДОВЕ МОЛОКО. МІСЯЧНИЙ НАПІЙ ДЛЯ ГЛИБОКОГО СНУ.,,,Europe/Riga,,,
AC-20.01-09-00-Greeting-ChunjiePrep,2026/01/20/AC-20.01-09-00-Greeting-ChunjiePrep.md,2026-01-20,09:01,"Greeting, Chunjie, ChineseNewYear, RedColor, Cleaning, Luck, Nian, Tradition, History, LongRead, LoreSync, HauteCouture, Hasselblad",ГОТОВ,GREETING: ПОДГОТОВКА К ЧУНЬЦЗЕ. КРАСНЫЙ ЦВЕТ И УБОРКА УДАЧИ.,,,Europe/Riga,,,
AC-20.01-10-00-MythOrigin-Nian,2026/01/20/AC-20.01-10-00-MythOrigin-Nian.md,2026-01-20,10:01,"MythOrigin, Nian, ChineseNewYear, Monster, RedColor, Firecrackers, SpringFestival, Mythology, History, LongRead, LoreSync, HauteCouture, Hasselblad",ГОТОВ,"MYTH ORIGIN: НЯНЬ. ЧУДОВИСЬКО, ЩО БОЇТЬСЯ ЧЕРВОНОГО.",,,Europe/Riga,,,
AC-20.01-12-00-VisualArchetype-ChineseRed,2026/01/20/AC-20.01-12-00-VisualArchetype-ChineseRed.md,2026-01-20,12:01,"VisualArchetype, ChineseRed, Vermilion, Cinnabar, ColorPsychology, Luck, Chunjie, ForbiddenCity, History, Art, LongRead, LoreSync, HauteCouture, Hasselblad",ГОТОВ,"VISUAL ARCHETYPE: КИТАЙСКИЙ КРАСНЫЙ. ЦВЕТ УДАЧИ, КРОВИ И ИМПЕРИИ.",,,Europe/Riga,,,
AC-20.01-15-00-SacredSpace-TempleOfHeaven,2026/01/20/AC-20.01-15-00-SacredSpace-TempleOfHeaven.md,2026-01-20,15:01,"SacredSpace, TempleOfHeaven, Beijing, China, Architecture, Ritual, FengShui, Geometry, History, Religion, LongRead, LoreSync, HauteCouture, Hasselblad",ГОТОВ,SACRED SPACE: ХРАМ НЕБА. АРХІТЕКТУРА ДІАЛОГУ З КОСМОСОМ.,,,Europe/Riga,,,
AC-20.01-18-00-Symbolism-Dragon,2026/01/20/AC-20.01-18-00-Symbolism-Dragon.md,2026-01-20,18:01,"Symbolism, Dragon, ChineseDragon, Lung, Emperor, Water, Power, Mythology, History, LongRead, LoreSync, HauteCouture, Hasselblad",ГОТОВ,SYMBOLISM: ДРАКОН. ПОВЕЛИТЕЛЬ ВОДЫ И СИМВОЛ ИМПЕРАТОРА.,,,Europe/Riga,,,
AC-20.01-21-00-NightReflection-CyclicalTime,2026/01/20/AC-20.01-21-00-NightReflection-CyclicalTime.md,2026-01-20,21:01,"NightReflection, CyclicalTime, ChineseNewYear, Zodiac, WheelOfTime, Philosophy, Seasons, Eternity, LongRead, LoreSync, HauteCouture, Hasselblad",ГОТОВ,NIGHT REFLECTION: ЦИКЛІЧНІСТЬ ЧАСУ. КОЛЕСО ЗАМІСТЬ СТРІЛИ.,,,Europe/Riga,,,
NB-20.01-09-30-WorldTradition-ChunjieEve,2026/01/20/NB-20.01-09-30-WorldTradition-ChunjieEve.md,2026-01-20,09:01,"WorldTradition, Chunjie, ChineseNewYear, Eve, ReunionDinner, RedEnvelope, History, Tradition, Family, LongRead, LoreSync, HauteCouture, CanonEOSR6",ГОТОВ,WORLD TRADITION: ЧУНЬЦЗЕ. НАПЕРЕДОДНІ СВЯТА ВЕСНИ.,,,Europe/Riga,,,
NB-20.01-12-30-WorldTradition-Tamborrada,2026/01/20/NB-20.01-12-30-WorldTradition-Tamborrada.md,2026-01-20,12:01,"WorldTradition, Tamborrada, SanSebastian, Spain, Drums, Napoleon, Cook, Soldier, History, Festival, LongRead, LoreSync, HauteCouture, CanonEOSR6",ГОТОВ,WORLD TRADITION: ТАМБОРРАДА. 24 ЧАСА БАРАБАННОГО БОЯ В САН-СЕБАСТЬЯНЕ.,,,Europe/Riga,,,
NB-20.01-15-30-FolkBestiary-NianMonster,2026/01/20/NB-20.01-15-30-FolkBestiary-NianMonster.md,2026-01-20,15:01,"FolkBestiary, Nian, Monster, ChineseNewYear, LionDance, Mythology, Folklore, Psychology, LongRead, LoreSync, HauteCouture, CanonEOSR6",ГОТОВ,FOLK BESTIARY: НЯНЬ. АРХЕТИП СТРАХУ ТА ЙОГО ПЕРЕТВОРЕННЯ НА СВЯТО.,,,Europe/Riga,,,
NB-20.01-18-30-CostumeCode-TamborradaUniforms,2026/01/20/NB-20.01-18-30-CostumeCode-TamborradaUniforms.md,2026-01-20,18:01,"CostumeCode, TamborradaUniforms, SanSebastian, Napoleon, MilitaryFashion, Chefs, Hats, History, Irony, LongRead, LoreSync, HauteCouture, CanonEOSR6",ГОТОВ,COSTUME CODE: МУНДИРЫ БАРАБАНЩИКОВ. ИРОНИЯ ВОЕННОЙ МОДЫ.,,,Europe/Riga,,,
NB-20.01-21-30-GlobalView-LanternFestival,2026/01/20/NB-20.01-21-30-GlobalView-LanternFestival.md,2026-01-20,21:01,"GlobalView, LanternFestival, YuanXiaoJie, China, Vietnam, Thailand, Light, Hope, History, Tradition, LongRead, LoreSync, HauteCouture, CanonEOSR6",ГОТОВ,"GLOBAL VIEW: ФЕСТИВАЛЬ ЛІХТАРІВ. СВІТЛО, ЩО ВКАЗУЄ ШЛЯХ ДОДОМУ.",,,Europe/Riga,,,
SW-20.01-10-00-Greeting-ChineseSweets,2026/01/20/SW-20.01-10-00-Greeting-ChineseSweets.md,2026-01-20,10:01,"Greeting, ChineseSweets, Chunjie, RedBeanPaste, StickyRice, Texture, Symbolism, History, LongRead, LoreSync, HauteCouture, PhaseOne",ГОТОВ,GREETING: КИТАЙСКИЕ СЛАДОСТИ. ДРУГАЯ ФИЛОСОФИЯ САХАРА.,,,Europe/Riga,,,
SW-20.01-11-00-HolidayTaste-Mooncake,2026/01/20/SW-20.01-11-00-HolidayTaste-Mooncake.md,2026-01-20,11:01,"HolidayTaste, Mooncake, Yuebing, MidAutumnFestival, SaltedEggYolk, History, Revolution, Recipe, LongRead, LoreSync, HauteCouture, PhaseOne",ГОТОВ,HOLIDAY TASTE: МІСЯЧНИЙ ПРЯНИК (ЮЕБІН). СИМВОЛ ПОВНОТИ ТА ТАЄМНІ ПОСЛАННЯ.,,,Europe/Riga,,,
SW-20.01-13-00-TextureSync-GreenTeaRedBean,2026/01/20/SW-20.01-13-00-TextureSync-GreenTeaRedBean.md,2026-01-20,13:01,"TextureSync, GreenTea, Matcha, RedBean, Adzuki, Pairing, JapaneseDessert, Wagashi, Texture, History, LongRead, LoreSync, HauteCouture, PhaseOne",ГОТОВ,TEXTURE SYNC: ЗЕЛЕНЫЙ ЧАЙ И КРАСНЫЕ БОБЫ. ГОРЕЧЬ И СЛАДОСТЬ ВОСТОКА.,,,Europe/Riga,,,
SW-20.01-14-00-TraditionRecipe-MandarinCake,2026/01/20/SW-20.01-14-00-TraditionRecipe-MandarinCake.md,2026-01-20,14:01,"TraditionRecipe, MandarinCake, OrangeCake, ChineseNewYear, Gold, Luck, Recipe, Citrus, WinterBaking, LongRead, LoreSync, HauteCouture, PhaseOne",ГОТОВ,TRADITION RECIPE: МАНДАРИНОВИЙ КЕКС. СИМВОЛ ЗОЛОТА ТА ЩАСТЯ НА СТОЛІ.,,,Europe/Riga,,,
SW-20.01-17-00-SweetHistory-Tangyuan,2026/01/20/SW-20.01-17-00-SweetHistory-Tangyuan.md,2026-01-20,17:01,"SweetHistory, Tangyuan, RiceBalls, LanternFestival, Chunjie, Reunion, Sesame, History, Tradition, LongRead, LoreSync, HauteCouture, PhaseOne",ГОТОВ,SWEET HISTORY: ТАНЪЮАНЬ. СЛАДКИЙ СУП ВОССОЕДИНЕНИЯ.,,,Europe/Riga,,,
SW-20.01-20-00-NightTreat-EggTart,2026/01/20/SW-20.01-20-00-NightTreat-EggTart.md,2026-01-20,20:01,"NightTreat, EggTart, DanTa, PortugueseEggTart, HongKong, Macau, Custard, History, Fusion, LongRead, LoreSync, HauteCouture, PhaseOne",ГОТОВ,NIGHT TREAT: ЯЄЧНИЙ ТАРТ (DAN TA). ПОРТУГАЛЬСЬКИЙ СПАДОК У ГОНКОНЗІ.,,,Europe/Riga,,,
AC-21.01-09-00-Greeting-HuggingDay,2026/01/21/AC-21.01-09-00-Greeting-HuggingDay.md,2026-01-21,09:01,"Greeting, HuggingDay, Oxytocin, Touch, Psychology, Health, History, TactileHunger, Connection, LongRead, LoreSync, HauteCouture, Hasselblad",ГОТОВ,GREETING: ДЕНЬ ОБЪЯТИЙ. ОКСИТОЦИНОВАЯ РЕВОЛЮЦИЯ И ТАКТИЛЬНЫЙ ГОЛОД.,,,Europe/Riga,,,
AC-21.01-10-00-AncientMemory-TouchEtiquette,2026/01/21/AC-21.01-10-00-AncientMemory-TouchEtiquette.md,2026-01-21,10:01,"AncientMemory, TouchEtiquette, History, Handshake, Kiss, Hug, SocialDistance, Psychology, LongRead, LoreSync, HauteCouture, Hasselblad",ГОТОВ,ANCIENT MEMORY: ЕТИКЕТ ДОТИКІВ. ЯК ЛЮДИ ВЧИЛИСЯ ТОРКАТИСЯ ОДНЕ ОДНОГО.,,,Europe/Riga,,,
AC-21.01-12-00-MythOrigin-PsycheAndCupid,2026/01/21/AC-21.01-12-00-MythOrigin-PsycheAndCupid.md,2026-01-21,12:01,"MythOrigin, Psyche, Cupid, Eros, Trust, Soul, Love, Butterfly, Mythology, History, Psychology, LongRead, LoreSync, HauteCouture, Hasselblad",ГОТОВ,MYTH ORIGIN: ПСИХЕЯ И АМУР. ЛЮБОВЬ В ТЕМНОТЕ И ИСПЫТАНИЕ ДОВЕРИЕМ.,,,Europe/Riga,,,
AC-21.01-15-00-SacredSense-Oxytocin,2026/01/21/AC-21.01-15-00-SacredSense-Oxytocin.md,2026-01-21,15:01,"SacredSense, Oxytocin, HuggingDay, Trust, Biology, Hormone, Love, Psychology, Chemistry, LongRead, LoreSync, HauteCouture, Hasselblad",ГОТОВ,SACRED SENSE: ОКСИТОЦИН. ХІМІЯ ДОВІРИ ТА БІОЛОГІЯ ОБІЙМІВ.,,,Europe/Riga,,,
AC-21.01-18-00-Symbolism-HerculesKnot,2026/01/21/AC-21.01-18-00-Symbolism-HerculesKnot.md,2026-01-21,18:01,"Symbolism, HerculesKnot, ReefKnot, Marriage, Magic, Healing, History, Mythology, Jewelry, LongRead, LoreSync, HauteCouture, Hasselblad",ГОТОВ,SYMBOLISM: УЗЕЛ ГЕРАКЛА. СИЛА СВЯЗИ И МАГИЯ ЗАЩИТЫ.,,,Europe/Riga,,,
AC-21.01-21-00-NightReflection-WarmthOfCloseness,2026/01/21/AC-21.01-21-00-NightReflection-WarmthOfCloseness.md,2026-01-21,21:01,"NightReflection, Closeness, Warmth, HuggingDay, Psychology, Evolution, SocialBonding, Sleep, LongRead, LoreSync, HauteCouture, Hasselblad",ГОТОВ,"NIGHT REFLECTION: ТЕПЛО БЛИЗЬКОСТІ. ЧОМУ НАМ ПОТРІБНЕ ""СТАДНЕ ПОЧУТТЯ"".",,,Europe/Riga,,,
NB-21.01-09-30-EthnoEast-DzienBabci,2026/01/21/NB-21.01-09-30-EthnoEast-DzienBabci.md,2026-01-21,09:01,"EthnoEast, DzienBabci, Poland, GrandmothersDay, Family, Tradition, History, Respect, Flowers, LongRead, LoreSync, HauteCouture, CanonEOSR6",ГОТОВ,ETHNO EAST: DZIEŃ BABCI. ПОЛЬСКИЙ КУЛЬТ БАБУШЕК И СИЛА РОДА.,,,Europe/Riga,,,
NB-21.01-12-30-WorldTradition-HuggingDayUSA,2026/01/21/NB-21.01-12-30-WorldTradition-HuggingDayUSA.md,2026-01-21,12:01,"WorldTradition, HuggingDay, USA, KevinZaborney, FreeHugs, SocialMovement, Psychology, History, Tradition, LongRead, LoreSync, HauteCouture, CanonEOSR6",ГОТОВ,WORLD TRADITION: HUGGING DAY. ЯК АМЕРИКАНСЬКИЙ СТУДЕНТ НАВЧИВ СВІТ ОБІЙМАТИСЯ.,,,Europe/Riga,,,
NB-21.01-15-30-FolkBestiary-BabaYaga,2026/01/21/NB-21.01-15-30-FolkBestiary-BabaYaga.md,2026-01-21,15:01,"FolkBestiary, BabaYaga, SlavicMythology, Witch, HutOnChickenLegs, Initiation, Mortar, History, Folklore, LongRead, LoreSync, HauteCouture, CanonEOSR6",ГОТОВ,FOLK BESTIARY: БАБА ЯГА. СТРАЖ ГРАНИЦЫ МЕЖДУ ЖИВЫМИ И МЕРТВЫМИ.,,,Europe/Riga,,,
NB-21.01-18-30-CostumeCode-KnittedShawl,2026/01/21/NB-21.01-18-30-CostumeCode-KnittedShawl.md,2026-01-21,18:01,"CostumeCode, KnittedShawl, Crochet, Knitting, Grandmother, Hug, Fashion, Comfort, History, LongRead, LoreSync, HauteCouture, CanonEOSR6",ГОТОВ,COSTUME CODE: В'ЯЗАНА ШАЛЬ. СИМВОЛ БАБУСИНОЇ ТУРБОТИ ТА МОДНИЙ ТРЕНД.,,,Europe/Riga,,,
NB-21.01-21-30-GlobalView-FemaleAncestors,2026/01/21/NB-21.01-21-30-GlobalView-FemaleAncestors.md,2026-01-21,21:01,"GlobalView, FemaleAncestors, Matriarchs, Grandmothers, Mexico, China, Africa, History, Religion, Genealogy, LongRead, LoreSync, HauteCouture, CanonEOSR6",ГОТОВ,"GLOBAL VIEW: КУЛЬТ ПРЕДКОВ-ЖЕНЩИН. МАТРИАРХИ, КОТОРЫЕ ДЕРЖАТ НЕБО.",,,Europe/Riga,,,
SW-21.01-10-00-Greeting-WarmDesserts,2026/01/21/SW-21.01-10-00-Greeting-WarmDesserts.md,2026-01-21,10:01,"Greeting, WarmDesserts, ComfortFood, HuggingDay, Pudding, HotChocolate, Cinnamon, Psychology, Hygge, LongRead, LoreSync, HauteCouture, PhaseOne",ГОТОВ,GREETING: ТЕПЛЫЕ ДЕСЕРТЫ. ПСИХОЛОГИЯ КОМФОРТНОЙ ЕДЫ В ХОЛОДНЫЙ ДЕНЬ.,,,Europe/Riga,,,
SW-21.01-11-00-HolidayTaste-HotChocolateMarshmallow,2026/01/21/SW-21.01-11-00-HolidayTaste-HotChocolateMarshmallow.md,2026-01-21,11:01,"HolidayTaste, HotChocolate, Marshmallow, Cocoa, WinterDrink, ComfortFood, HuggingDay, History, Recipe, LongRead, LoreSync, HauteCouture, PhaseOne",ГОТОВ,HOLIDAY TASTE: ГАРЯЧИЙ ШОКОЛАД З МАРШМЕЛЛОУ. АМЕРИКАНСЬКА МРІЯ В ЧАШЦІ.,,,Europe/Riga,,,
SW-21.01-13-00-FlavorHorizon-HoneyAndMilk,2026/01/21/SW-21.01-13-00-FlavorHorizon-HoneyAndMilk.md,2026-01-21,13:01,"FlavorHorizon, Honey, Milk, PromisedLand, Pairing, Chemistry, MaillardReaction, History, Bible, LongRead, LoreSync, HauteCouture, PhaseOne",ГОТОВ,FLAVOR HORIZON: МЕД И МОЛОКО. БИБЛЕЙСКИЙ ВКУС ЗЕМЛИ ОБЕТОВАННОЙ.,,,Europe/Riga,,,
SW-21.01-14-00-TraditionRecipe-GingerbreadMen,2026/01/21/SW-21.01-14-00-TraditionRecipe-GingerbreadMen.md,2026-01-21,14:01,"TraditionRecipe, GingerbreadMen, Ginger, Spices, QueenElizabethI, FairyTale, Runaway, Recipe, History, LongRead, LoreSync, HauteCouture, PhaseOne",ГОТОВ,TRADITION RECIPE: ІМБИРНІ ЧОЛОВІЧКИ. КАЗКА ПРО ВТЕЧУ ТА ПРЯНОЩІ.,,,Europe/Riga,,,
SW-21.01-17-00-SweetHistory-Charlotte,2026/01/21/SW-21.01-17-00-SweetHistory-Charlotte.md,2026-01-21,17:01,"SweetHistory, Charlotte, ApplePie, QueenCharlotte, Russia, SovietCuisine, Biscuit, History, Recipe, LongRead, LoreSync, HauteCouture, PhaseOne",ГОТОВ,SWEET HISTORY: ШАРЛОТКА. ОТ КОРОЛЕВСКОГО ПУДИНГА ДО СОВЕТСКОГО БИСКВИТА.,,,Europe/Riga,,,
SW-21.01-20-00-NightTreat-WarmPudding,2026/01/21/SW-21.01-20-00-NightTreat-WarmPudding.md,2026-01-21,20:01,"NightTreat, WarmPudding, BreadAndButterPudding, Britain, ComfortFood, HuggingDay, VanillaSauce, History, Recipe, LongRead, LoreSync, HauteCouture, PhaseOne",ГОТОВ,NIGHT TREAT: ТЕПЛИЙ ПУДИНГ. БРИТАНСЬКА ТРАДИЦІЯ ЗАТИШКУ.,,,Europe/Riga,,,
AC-22.01-09-00-Greeting-UnityDay,2026/01/22/AC-22.01-09-00-Greeting-UnityDay.md,2026-01-22,09:01,"Greeting, DeepDive, Ukraine, History, Symbolism, PhaseOne",ГОТОВ,GREETING: ДЕНЬ СОБОРНОСТИ УКРАИНЫ (RU),,,Europe/Riga,,,
AC-22.01-10-00-History-ActZluky,2026/01/22/AC-22.01-10-00-History-ActZluky.md,2026-01-22,10:01,"History, Ukraine, ActZluky, 1919, DeepDive, PhaseOne",ГОТОВ,HISTORY: АКТ ЗЛУКИ. ІСТОРИЧНИЙ КОНТЕКСТ (UA),,,Europe/Riga,,,
AC-22.01-12-00-Legend-BundleOfSticks,2026/01/22/AC-22.01-12-00-Legend-BundleOfSticks.md,2026-01-22,12:01,"Legend, Parable, Scythians, Kubrat, Unity, DeepDive, PhaseOne",ГОТОВ,LEGEND: ПРИТЧА О ПРУТЬЯХ. КОД СИЛЫ (RU),,,Europe/Riga,,,
AC-22.01-15-00-SacredSense-Integrity,2026/01/22/AC-22.01-15-00-SacredSense-Integrity.md,2026-01-22,15:01,"SacredSense, Integrity, Psychology, Philosophy, Kintsugi, DeepDive, PhaseOne",ГОТОВ,SACRED SENSE: ЦІЛІСНІСТЬ. АРХІТЕКТУРА ДУШІ (UA),,,Europe/Riga,,,
AC-22.01-18-00-Symbolism-Bridge,2026/01/22/AC-22.01-18-00-Symbolism-Bridge.md,2026-01-22,18:01,"Symbolism, Bridge, Pontifex, Architecture, Unity, Philosophy, Hasselblad",ГОТОВ,SYMBOLISM: МОСТ. СВЯЗЬ МЕЖДУ МИРАМИ.,,,Europe/Riga,,,
AC-22.01-21-00-NightReflection-UnityPower,2026/01/22/AC-22.01-21-00-NightReflection-UnityPower.md,2026-01-22,21:01,"NightReflection, Unity, Synergy, Resonance, Philosophy, Hasselblad",ГОТОВ,NIGHT REFLECTION: СИЛА В ЄДНОСТІ. МЕТАФІЗИКА ЗВ'ЯЗКУ (UA),,,Europe/Riga,,,
NB-22.01-09-30-EthnoEast-DzienDziadka,2026/01/22/NB-22.01-09-30-EthnoEast-DzienDziadka.md,2026-01-22,09:01,"EthnoEast, Poland, DzienDziadka, Family, Storytelling, LeicaM11",ГОТОВ,ETHNO EAST: ДЕНЬ ДІДУСЯ. DZIADEK & STYLE (UA),,,Europe/Riga,,,
NB-22.01-12-30-WorldTradition-SaintVincent,2026/01/22/NB-22.01-12-30-WorldTradition-SaintVincent.md,2026-01-22,12:01,"France, Burgundy, SaintVincent, Wine, Tradition, Storytelling, LeicaM11",ГОТОВ,WORLD TRADITION: ПРАЗДНИК ВИНОДЕЛОВ. SAINT-VINCENT TOURNANTE (RU),,,Europe/Riga,,,
NB-22.01-15-30-FolkBestiary-Domovoy,2026/01/22/NB-22.01-15-30-FolkBestiary-Domovoy.md,2026-01-22,15:01,"FolkBestiary, Ukraine, Domovoy, Mythology, Storytelling, LeicaM11",ГОТОВ,FOLK BESTIARY: ДОМОВИК. ГОСПОДАР ТІНЕЙ (UA),,,Europe/Riga,,,
NB-22.01-18-30-CostumeCode-Vest,2026/01/22/NB-22.01-18-30-CostumeCode-Vest.md,2026-01-22,18:01,"CostumeCode, Vest, Fashion, Tradition, Storytelling, LeicaM11",ГОТОВ,COSTUME CODE: МУЖСКОЙ ЖИЛЕТ. АРХИТЕКТУРА ОСАНКИ (RU),,,Europe/Riga,,,
NB-22.01-21-30-GlobalView-RoadHome,2026/01/22/NB-22.01-21-30-GlobalView-RoadHome.md,2026-01-22,21:01,"GlobalView, RoadHome, Travel, Philosophy, Storytelling, LeicaM11",ГОТОВ,GLOBAL VIEW: ДОРОГА ДОДОМУ. НАЙДОВШИЙ ШЛЯХ (UA),,,Europe/Riga,,,
SW-22.01-10-00-Greeting-WineTaste,2026/01/22/SW-22.01-10-00-Greeting-WineTaste.md,2026-01-22,10:01,"Greeting, Wine, PoachedPear, Tannins, Hedonism, PhaseOne",ГОТОВ,GREETING: ВИННЫЙ ВКУС. ГЕОМЕТРИЯ НАСЛАЖДЕНИЯ (RU),,,Europe/Riga,,,
SW-22.01-11-00-HolidayTaste-Sabayon,2026/01/22/SW-22.01-11-00-HolidayTaste-Sabayon.md,2026-01-22,11:01,"HolidayTaste, Sabayon, Zabaglione, Marsala, ItalianCuisine, Hedonism, PhaseOne",ГОТОВ,HOLIDAY TASTE: САБАЙОН. ПІНА ПРИСТРАСТІ (UA),,,Europe/Riga,,,
SW-22.01-13-00-TextureSync-GrapeWalnut,2026/01/22/SW-22.01-13-00-TextureSync-GrapeWalnut.md,2026-01-22,13:01,"TextureSync, Grape, Walnut, FoodPairing, Hedonism, PhaseOne",ГОТОВ,TEXTURE SYNC: ВИНОГРАД И ОРЕХ. ВЗРЫВ И ХРУСТ (RU),,,Europe/Riga,,,
SW-22.01-14-00-TraditionRecipe-PoachedPear,2026/01/22/SW-22.01-14-00-TraditionRecipe-PoachedPear.md,2026-01-22,14:01,"TraditionRecipe, PoachedPear, RedWine, FrenchCuisine, Hedonism, PhaseOne",ГОТОВ,TRADITION RECIPE: ГРУША У ВИНІ. РУБІНОВИЙ ОКСАМИТ (UA),,,Europe/Riga,,,
SW-22.01-17-00-SweetHistory-DessertWines,2026/01/22/SW-22.01-17-00-SweetHistory-DessertWines.md,2026-01-22,17:01,"SweetHistory, DessertWine, Tokaji, Sauternes, IceWine, Hedonism, PhaseOne",ГОТОВ,SWEET HISTORY: ИСТОРИЯ ДЕСЕРТНЫХ ВИН. ЖИДКОЕ ЗОЛОТО (RU),,,Europe/Riga,,,
SW-22.01-20-00-NightTreat-ChocolateCognac,2026/01/22/SW-22.01-20-00-NightTreat-ChocolateCognac.md,2026-01-22,20:01,"NightTreat, Chocolate, Cognac, FoodPairing, Hedonism, PhaseOne",ГОТОВ,NIGHT TREAT: ШОКОЛАД З КОНЬЯКОМ. ЧОЛОВІЧИЙ ДЕСЕРТ (UA),,,Europe/Riga,,,
AC-23.01-09-00-Greeting-HandwritingDay,2026/01/23/AC-23.01-09-00-Greeting-HandwritingDay.md,2026-01-23,09:01,"Greeting, Handwriting, Graphology, Neuroscience, JohnHancock, DeepDive, Hasselblad",ГОТОВ,GREETING: ДЕНЬ РУЧНОГО ПИСЬМА. НЕЙРОФИЗИОЛОГИЯ ЛИЧНОСТИ (RU),,,Europe/Riga,,,
AC-23.01-10-00-AncientMemory-Scriptoriums,2026/01/23/AC-23.01-10-00-AncientMemory-Scriptoriums.md,2026-01-23,10:01,"AncientMemory, Scriptorium, Monks, MiddleAges, History, Books, DeepDive, Hasselblad",ГОТОВ,ANCIENT MEMORY: СКРИПТОРІЇ. ЗАВОДИ СЕНСІВ (UA),,,Europe/Riga,,,
AC-23.01-12-00-MythOrigin-Cadmus,2026/01/23/AC-23.01-12-00-MythOrigin-Cadmus.md,2026-01-23,12:01,"MythOrigin, Cadmus, Alphabet, Greece, Phoenicia, History, DeepDive, Hasselblad",ГОТОВ,MYTH ORIGIN: КАДМ И АЛФАВИТ. СЕЯТЕЛЬ БУКВ (RU),,,Europe/Riga,,,
AC-23.01-15-00-SacredSense-Graphology,2026/01/23/AC-23.01-15-00-SacredSense-Graphology.md,2026-01-23,15:01,"SacredSense, Graphology, Psychology, Handwriting, Character, Subconscious, DeepDive, Hasselblad",ГОТОВ,SACRED SENSE: ГРАФОЛОГІЯ. КАРДІОГРАМА ДУШІ (UA),,,Europe/Riga,,,
AC-23.01-16-30-AlmanacGuide-CalligraphyTools,2026/01/23/AC-23.01-16-30-AlmanacGuide-CalligraphyTools.md,2026-01-23,16:01,"AlmanacGuide, Calligraphy, Tools, Quill, Pen, History, Writing, DeepDive, Hasselblad",ГОТОВ,ALMANAC GUIDE: ИНСТРУМЕНТЫ КАЛЛИГРАФИИ. АРСЕНАЛ ПИСЦА (RU),,,Europe/Riga,,,
AC-23.01-18-00-Symbolism-GooseQuill,2026/01/23/AC-23.01-18-00-Symbolism-GooseQuill.md,2026-01-23,18:01,"Symbolism, GooseQuill, Pen, Writing, History, Bionics, DeepDive, Hasselblad",ГОТОВ,SYMBOLISM: ГУСЯЧЕ ПЕРО. КРИЛО ДУМКИ (UA),,,Europe/Riga,,,
AC-23.01-21-00-NightReflection-LivingWord,2026/01/23/AC-23.01-21-00-NightReflection-LivingWord.md,2026-01-23,21:01,"NightReflection, Logos, Word, Voice, Silence, Philosophy, DeepDive, Hasselblad",ГОТОВ,NIGHT REFLECTION: ЖИВОЕ СЛОВО. МЕЖДУ МОЛЧАНИЕМ И ТЕКСТОМ (RU),,,Europe/Riga,,,
NB-23.01-09-30-EthnoEast-Grigory,2026/01/23/NB-23.01-09-30-EthnoEast-Grigory.md,2026-01-23,09:01,"EthnoEast, Grigory, WeatherLore, ModernEthno, Storytelling, LeicaM11",ГОТОВ,ETHNO EAST: РОССИЯ. КОД ЛЕТНЕГО СОЛНЦА (RU),,,Europe/Riga,,,
NB-23.01-12-30-WorldTradition-Shodo,2026/01/23/NB-23.01-12-30-WorldTradition-Shodo.md,2026-01-23,12:01,"WorldTradition, Japan, Shodo, Calligraphy, Storytelling, LeicaM11",ГОТОВ,WORLD TRADITION: ЯПОНІЯ. СЬОДО. МИСТЕЦТВО ЧОРНОГО І БІЛОГО (UA),,,Europe/Riga,,,
NB-23.01-15-30-FolkBestiary-MorozVoevoda,2026/01/23/NB-23.01-15-30-FolkBestiary-MorozVoevoda.md,2026-01-23,15:01,"FolkBestiary, MorozVoevoda, Karelia, Mythology, Storytelling, LeicaM11",ГОТОВ,FOLK BESTIARY: МОРОЗ-ВОЕВОДА. ХОЗЯИН СЕВЕРНОГО ВЕТРА (RU),,,Europe/Riga,,,
NB-23.01-17-00-AlmanacGuide-CalligraphyMuseums,2026/01/23/NB-23.01-17-00-AlmanacGuide-CalligraphyMuseums.md,2026-01-23,17:01,"AlmanacGuide, Calligraphy, Museums, Tokyo, Japan, Storytelling, LeicaM11",ГОТОВ,ALMANAC GUIDE: МУЗЕЇ КАЛІГРАФІЇ. ХРАМИ ЖИВОЇ ЛІНІЇ (UA),,,Europe/Riga,,,
NB-23.01-18-30-CostumeCode-CalligrapherOutfit,2026/01/23/NB-23.01-18-30-CostumeCode-CalligrapherOutfit.md,2026-01-23,18:01,"CostumeCode, Calligraphy, Fashion, Hamburg, Storytelling, LeicaM11",ГОТОВ,COSTUME CODE: ГАМБУРГ. ОДЕЖДА КАЛЛИГРАФОВ. ИНК-НУАР (RU),,,Europe/Riga,,,
NB-23.01-21-30-GlobalView-SnowLegends,2026/01/23/NB-23.01-21-30-GlobalView-SnowLegends.md,2026-01-23,21:01,"GlobalView, Iceland, Snow, Mythology, Storytelling, LeicaM11, Cinematic",ГОТОВ,GLOBAL VIEW: ІСЛАНДІЯ. СНІГ У ЛЕГЕНДАХ. БІЛА ПАМ'ЯТЬ (UA),,,Europe/Riga,,,
SW-23.01-10-00-Greeting-SweetLetters,2026/01/23/SW-23.01-10-00-Greeting-SweetLetters.md,2026-01-23,10:01,"Greeting, SweetLetters, Gastronomy, Sensory, ASMR, Hedonism, PhaseOne",ГОТОВ,GREETING: СЛАДКИЕ БУКВЫ. ГЕОМЕТРИЯ САХАРА (RU),,,Europe/Riga,,,
SW-23.01-11-00-HolidayTaste-EclairsCalligraphy,2026/01/23/SW-23.01-11-00-HolidayTaste-EclairsCalligraphy.md,2026-01-23,11:01,"HolidayTaste, Eclairs, Calligraphy, PâteàChoux, Hedonism, PhaseOne",ГОТОВ,HOLIDAY TASTE: ЕКЛЕРИ З НАПИСАМИ. ТЕКСТУРНА ЕЛЕГАНТНІСТЬ (UA),,,Europe/Riga,,,
SW-23.01-13-00-FlavorHorizon-SpicedChocolate,2026/01/23/SW-23.01-13-00-FlavorHorizon-SpicedChocolate.md,2026-01-23,13:01,"FlavorHorizon, Chocolate, Spices, Chili, Cardamom, Hedonism, PhaseOne",ГОТОВ,FLAVOR HORIZON: ШОКОЛАД И СПЕЦИИ. ТЕРРИТОРИЯ ОГНЯ (RU),,,Europe/Riga,,,
SW-23.01-14-00-TraditionRecipe-FortuneCookie,2026/01/23/SW-23.01-14-00-TraditionRecipe-FortuneCookie.md,2026-01-23,14:01,"TraditionRecipe, FortuneCookie, China, USA, Hedonism, PhaseOne, Recipe",ГОТОВ,TRADITION RECIPE: ПЕЧИВО З ПЕРЕДБАЧЕННЯМИ. АРХІТЕКТУРА ДОЛІ (UA),,,Europe/Riga,,,
SW-23.01-15-00-AlmanacGuide-PastryTools,2026/01/23/SW-23.01-15-00-AlmanacGuide-PastryTools.md,2026-01-23,15:01,"AlmanacGuide, PastryTools, Spatula, Whisk, Thermometer, Hedonism, PhaseOne",ГОТОВ,ALMANAC GUIDE: ИНСТРУМЕНТЫ КОНДИТЕРА. ПРОДОЛЖЕНИЕ РУКИ (RU),,,Europe/Riga,,,
SW-23.01-17-00-SweetHistory-GingerbreadHouse,2026/01/23/SW-23.01-17-00-SweetHistory-GingerbreadHouse.md,2026-01-23,17:01,"SweetHistory, GingerbreadHouse, RoyalIcing, Architecture, Hedonism, PhaseOne, Recipe",ГОТОВ,SWEET HISTORY: ПРЯНИКОВІ БУДИНОЧКИ. ЇСТІВНА АРХІТЕКТУРА (UA),,,Europe/Riga,,,
SW-23.01-20-00-NightTreat-OperaCake,2026/01/23/SW-23.01-20-00-NightTreat-OperaCake.md,2026-01-23,20:01,"NightTreat, OperaCake, Coffee, Chocolate, FrenchPatisserie, Hedonism, PhaseOne, Recipe",ГОТОВ,NIGHT TREAT: ТОРТ ОПЕРА. СИМФОНІЯ В ШЕСТИ ШАРАХ (RU),,,Europe/Riga,,,
AC-24.01-09-00-Greeting-GoldDiscovery,2026/01/24/AC-24.01-09-00-Greeting-GoldDiscovery.md,2026-01-24,09:01,"Greeting, Gold, CaliforniaGoldRush, SutterMill, Alchemy, Value, Psychology, DeepDive, Hasselblad",ГОТОВ,GREETING: ДЕНЬ ВІДКРИТТЯ ЗОЛОТА. МЕТАЛ БОГІВ (UA),,,Europe/Riga,,,
AC-24.01-10-00-AncientMemory-GoldHistory,2026/01/24/AC-24.01-10-00-AncientMemory-GoldHistory.md,2026-01-24,10:01,"AncientMemory, Gold, Egypt, Rome, Incas, History, Value, DeepDive, Hasselblad",ГОТОВ,ANCIENT MEMORY: ИСТОРИЯ ЗОЛОТА. ХРОНИКА БЕССМЕРТИЯ (RU),,,Europe/Riga,,,
AC-24.01-12-00-MythOrigin-Midas,2026/01/24/AC-24.01-12-00-MythOrigin-Midas.md,2026-01-24,12:01,"MythOrigin, Midas, Gold, Dionysus, Apollo, Greed, Psychology, DeepDive, Hasselblad",ГОТОВ,MYTH ORIGIN: ЦАР МІДАС. ПРОКЛЯТТЯ УСПІХУ (UA),,,Europe/Riga,,,
AC-24.01-15-00-SacredSense-Alchemy,2026/01/24/AC-24.01-15-00-SacredSense-Alchemy.md,2026-01-24,15:01,"SacredSense, Alchemy, Nigredo, Albedo, Rubedo, Jung, Psychology, Transformation, DeepDive, Hasselblad",ГОТОВ,SACRED SENSE: АЛХИМИЯ. ЗОЛОТО ДУХА (RU),,,Europe/Riga,,,
AC-24.01-18-00-Symbolism-SunGold,2026/01/24/AC-24.01-18-00-Symbolism-SunGold.md,2026-01-24,18:01,"Symbolism, Sun, Gold, SolarMyth, Power, Physics, Archetype, DeepDive, Hasselblad",ГОТОВ,SYMBOLISM: СОНЦЕ І ЗОЛОТО. СОЛЯРНИЙ АБСОЛЮТ (UA),,,Europe/Riga,,,
AC-24.01-21-00-NightReflection-TrueValue,2026/01/24/AC-24.01-21-00-NightReflection-TrueValue.md,2026-01-24,21:01,"NightReflection, Value, Stoicism, Seneca, Time, Attention, Philosophy, DeepDive, Hasselblad",ГОТОВ,NIGHT REFLECTION: ИСТИННАЯ ЦЕННОСТЬ. КУРС ВНУТРЕННЕЙ ВАЛЮТЫ (RU),,,Europe/Riga,,,
NB-24.01-09-30-WorldTradition-StDwynwen,2026/01/24/NB-24.01-09-30-WorldTradition-StDwynwen.md,2026-01-24,09:01,"WorldTradition, Wales, StDwynwen, CelticLore, Lovespoons, LeicaM11",ГОТОВ,WORLD TRADITION: УЭЛЬС. КЕЛЬТСКИЙ КОД ЛЮБВИ (RU),,,Europe/Riga,,,
NB-24.01-12-30-WorldTradition-Alasitas,2026/01/24/NB-24.01-12-30-WorldTradition-Alasitas.md,2026-01-24,12:01,"WorldTradition, Bolivia, Alasitas, Ekeko, Miniatures, Storytelling, LeicaM11",ГОТОВ,WORLD TRADITION: БОЛІВІЯ. АЛАСІТАС. РИНОК МРІЙ (UA),,,Europe/Riga,,,
NB-24.01-16-30-FolkBestiary-Ekeko,2026/01/24/NB-24.01-16-30-FolkBestiary-Ekeko.md,2026-01-24,16:01,"FolkBestiary, Bolivia, Ekeko, Abundance, SmokingGod, LeicaM11",ГОТОВ,FOLK BESTIARY: БОЛИВИЯ. ЭКЕКО. БОГ В ПОНЧО (RU),,,Europe/Riga,,,
NB-24.01-18-30-CostumeCode-Cholitas,2026/01/24/NB-24.01-18-30-CostumeCode-Cholitas.md,2026-01-24,18:01,"CostumeCode, Bolivia, Cholitas, BowlerHat, Pollera, Fashion, LeicaM11",ГОТОВ,COSTUME CODE: БОЛІВІЯ. ЧОЛІТАС. МОДА НЕСКОРЕНИХ (UA),,,Europe/Riga,,,
NB-24.01-21-30-GlobalView-Miniatures,2026/01/24/NB-24.01-21-30-GlobalView-Miniatures.md,2026-01-24,21:01,"GlobalView, Miniatures, Philosophy, MacroWorld, LeicaM11",ГОТОВ,GLOBAL VIEW: МАГИЯ МИНИАТЮР. МИР НА ЛАДОНИ (RU),,,Europe/Riga,,,
SW-24.01-10-00-Greeting-GoldRush,2026/01/24/SW-24.01-10-00-Greeting-GoldRush.md,2026-01-24,10:01,"Greeting, Gold, EdibleGold, Luxury, Dessert, PhaseOne",ГОТОВ,GREETING (EXTRA): ЗОЛОТА ЛИХОМАНКА. СМАК РОЗКОШІ (UA),,,Europe/Riga,,,
SW-24.01-11-00-HolidayTaste-GoldMedovik,2026/01/24/SW-24.01-11-00-HolidayTaste-GoldMedovik.md,2026-01-24,11:01,"HolidayTaste, Medovik, HoneyCake, Gold, ImperialCuisine, PhaseOne, Recipe",ГОТОВ,HOLIDAY TASTE: ИМПЕРАТОРСКИЙ МЕДОВИК С ЗОЛОТОМ (RU),,,Europe/Riga,,,
SW-24.01-13-00-TextureSync-GoldCaramel,2026/01/24/SW-24.01-13-00-TextureSync-GoldCaramel.md,2026-01-24,13:01,"TextureSync, Caramel, SaltedCaramel, Gold, Texture, PhaseOne",ГОТОВ,TEXTURE SYNC: ЗОЛОТА КАРАМЕЛЬ. РІДКИЙ БУРШТИН (UA),,,Europe/Riga,,,
SW-24.01-14-00-TraditionRecipe-CremeBrulee,2026/01/24/SW-24.01-14-00-TraditionRecipe-CremeBrulee.md,2026-01-24,14:01,"TraditionRecipe, CremeBrulee, BurntCream, Texture, Caramelization, PhaseOne",ГОТОВ,TRADITION RECIPE: КРЕМ-БРЮЛЕ. ЗВУК РАЗБИТОГО СТЕКЛА (RU),,,Europe/Riga,,,
SW-24.01-15-30-AlmanacGuide-ExpensiveDesserts,2026/01/24/SW-24.01-15-30-AlmanacGuide-ExpensiveDesserts.md,2026-01-24,15:01,"Guide, Luxury, Gold, FrrrozenHauteChocolate, DiamondFruitcake, PhaseOne",ГОТОВ,ALMANAC GUIDE (EXTRA): НАЙДОРОЖЧІ ДЕСЕРТИ СВІТУ (UA),,,Europe/Riga,,,
SW-24.01-17-00-SweetHistory-ChocolateCoins,2026/01/24/SW-24.01-17-00-SweetHistory-ChocolateCoins.md,2026-01-24,17:01,"SweetHistory, ChocolateCoins, HanukkahGelt, StNicholas, GoldFoil, PhaseOne",ГОТОВ,SWEET HISTORY: ШОКОЛАДНЫЕ МОНЕТЫ. ВАЛЮТА ДЕТСТВА (RU),,,Europe/Riga,,,
SW-24.01-20-00-NightTreat-ChampagneJelly,2026/01/24/SW-24.01-20-00-NightTreat-ChampagneJelly.md,2026-01-24,20:01,"NightTreat, ChampagneJelly, Gold, Bubbles, LightDessert, PhaseOne",ГОТОВ,NIGHT TREAT: ЖЕЛЕ ІЗ ШАМПАНСЬКОГО. ЗОЛОТІ БУЛЬБАШКИ (UA),,,Europe/Riga,,,
AC-25.01-09-00-Greeting-StudentsDay,2026/01/25/AC-25.01-09-00-Greeting-StudentsDay.md,2026-01-25,09:01,"Greeting, StudentsDay, StTatiana, Education, University, Architecture, Hasselblad",ГОТОВ,GREETING: ДЕНЬ СТУДЕНТА. АРХІТЕКТУРА ІНТЕЛЕКТУ (UA),,,Europe/Riga,,,
AC-25.01-10-00-AncientMemory-MedievalUniversities,2026/01/25/AC-25.01-10-00-AncientMemory-MedievalUniversities.md,2026-01-25,10:01,"AncientMemory, Universities, MiddleAges, Bologna, Sorbonne, Scholasticism, Hasselblad",ГОТОВ,ANCIENT MEMORY: УНИВЕРСИТЕТЫ СРЕДНЕВЕКОВЬЯ. РОЖДЕНИЕ ALMA MATER (RU),,,Europe/Riga,,,
AC-25.01-12-00-Legend-StTatianaAthena,2026/01/25/AC-25.01-12-00-Legend-StTatianaAthena.md,2026-01-25,12:01,"Legend, StTatiana, Athena, Wisdom, Faith, Archetype, Hasselblad",ГОТОВ,LEGEND: СВЯТА ТЕТЯНА ТА АФІНА. ДІАЛОГ ЧЕРЕЗ ВІКИ (UA),,,Europe/Riga,,,
AC-25.01-15-00-SacredSense-Enlightenment,2026/01/25/AC-25.01-15-00-SacredSense-Enlightenment.md,2026-01-25,15:01,"SacredSense, Enlightenment, Gaudeamus, Light, Knowledge, Philosophy, Hasselblad",ГОТОВ,SACRED SENSE: ПРОСВЕЩЕНИЕ. GAUDEAMUS IGITUR (RU),,,Europe/Riga,,,
AC-25.01-18-00-Symbolism-ScrollLaurel,2026/01/25/AC-25.01-18-00-Symbolism-ScrollLaurel.md,2026-01-25,18:01,"Symbolism, Scroll, Laurel, Diploma, Victory, Knowledge, Hasselblad",ГОТОВ,SYMBOLISM: СУВІЙ ТА ЛАВР. АТРИБУТИ ПЕРЕМОГИ РОЗУМУ (UA),,,Europe/Riga,,,
AC-25.01-21-00-NightReflection-EternalYouth,2026/01/25/AC-25.01-21-00-NightReflection-EternalYouth.md,2026-01-25,21:01,"NightReflection, Neuroplasticity, Learning, Youth, Philosophy, DeepDive, Hasselblad",ГОТОВ,NIGHT REFLECTION: ВЕЧНАЯ МОЛОДОСТЬ УМА. КОГНИТИВНОЕ БЕССМЕРТИЕ (RU),,,Europe/Riga,,,
NB-25.01-09-30-WorldTradition-BurnsNight,2026/01/25/NB-25.01-09-30-WorldTradition-BurnsNight.md,2026-01-25,09:01,"WorldTradition, Scotland, BurnsNight, RobertBurns, Haggis, Whisky, LeicaM11",ГОТОВ,"WORLD TRADITION: НІЧ БЕРНСА. ПОЕЗІЯ, ВІСКІ ТА ХАГГІС (UA)",,,Europe/Riga,,,
NB-25.01-12-30-EthnoEast-StudentTraditions,2026/01/25/NB-25.01-12-30-EthnoEast-StudentTraditions.md,2026-01-25,12:01,"EthnoEast, StudentTraditions, Juwenalia, Poland, Gaudeamus, LeicaM11",ГОТОВ,ETHNO EAST: СТУДЕНЧЕСКИЕ ТРАДИЦИИ. ВЕЧНАЯ ВЕСНА ЕВРОПЫ (RU),,,Europe/Riga,,,
NB-25.01-16-30-FolkBestiary-Unicorn,2026/01/25/NB-25.01-16-30-FolkBestiary-Unicorn.md,2026-01-25,16:01,"FolkBestiary, Unicorn, Scotland, Symbolism, Freedom, LeicaM11",ГОТОВ,FOLK BESTIARY: ЄДИНОРІГ. ГОРДИЙ ЗВІР ШОТЛАНДІЇ (UA),,,Europe/Riga,,,
NB-25.01-18-30-CostumeCode-KiltTartan,2026/01/25/NB-25.01-18-30-CostumeCode-KiltTartan.md,2026-01-25,18:01,"CostumeCode, Scotland, Kilt, Tartan, Clan, LeicaM11",ГОТОВ,COSTUME CODE: КИЛТ И ТАРТАН. ГЕОМЕТРИЯ ЧЕСТИ (RU),,,Europe/Riga,,,
NB-25.01-21-30-GlobalView-NationalToasts,2026/01/25/NB-25.01-21-30-GlobalView-NationalToasts.md,2026-01-25,21:01,"GlobalView, Toasts, Scotland, BurnsNight, Friendship, LeicaM11",ГОТОВ,GLOBAL VIEW: НАЦІОНАЛЬНІ ТОСТИ. МОВА ДРУЖБИ (UA),,,Europe/Riga,,,
SW-25.01-10-30-Greeting-Cranachan,2026/01/25/SW-25.01-10-30-Greeting-Cranachan.md,2026-01-25,10:01,"Greeting, Scotland, BurnsNight, Cranachan, Whisky, Oatmeal, Hedonism, PhaseOne",ГОТОВ,GREETING (EXTRA): КРАНАХЕН. УТРО В ХАЙЛЕНДЕ (RU),,,Europe/Riga,,,
SW-25.01-11-00-HolidayTaste-Shortbread,2026/01/25/SW-25.01-11-00-HolidayTaste-Shortbread.md,2026-01-25,11:01,"HolidayTaste, Scotland, Shortbread, Butter, Gold, Luxury, PhaseOne",ГОТОВ,HOLIDAY TASTE: ШОРТБРЕД. МАНТРА ВЕРШКОВОГО МАСЛА (UA),,,Europe/Riga,,,
SW-25.01-13-00-FlavorHorizon-WhiskyChocolate,2026/01/25/SW-25.01-13-00-FlavorHorizon-WhiskyChocolate.md,2026-01-25,13:01,"FlavorHorizon, Scotland, BurnsNight, Whisky, DarkChocolate, Pairing, PhaseOne",ГОТОВ,FLAVOR HORIZON: ВИСКИ И ШОКОЛАД. ТЕМНАЯ МАТЕРИЯ (RU),,,Europe/Riga,,,
SW-25.01-14-00-TraditionRecipe-SweetHaggis,2026/01/25/SW-25.01-14-00-TraditionRecipe-SweetHaggis.md,2026-01-25,14:01,"TraditionRecipe, Scotland, BurnsNight, SweetHaggis, Chocolate, Dates, Whisky, PhaseOne",ГОТОВ,TRADITION RECIPE: СОЛОДКИЙ ХАГГІС. ДЕСЕРТНА ПРОВОКАЦІЯ (UA),,,Europe/Riga,,,
SW-25.01-17-00-SweetHistory-Medovukha,2026/01/25/SW-25.01-17-00-SweetHistory-Medovukha.md,2026-01-25,17:01,"SweetHistory, Medovukha, Honey, StudentsDay, Gaudeamus, Tradition, PhaseOne",ГОТОВ,SWEET HISTORY: МЕДОВУХА. ЖИДКОЕ ЗОЛОТО АКАДЕМИЙ (RU),,,Europe/Riga,,,
SW-25.01-20-00-NightTreat-HotToddy,2026/01/25/SW-25.01-20-00-NightTreat-HotToddy.md,2026-01-25,20:01,"NightTreat, Scotland, HotToddy, Whisky, Honey, Lemon, Spices, PhaseOne",ГОТОВ,NIGHT TREAT: ГАРЯЧИЙ ТОДДІ. ЕЛІКСИР ШОТЛАНДСЬКОЇ НОЧІ (UA),,,Europe/Riga,,,
AC-26.01-09-00-Greeting-MozartDay,2026/01/26/AC-26.01-09-00-Greeting-MozartDay.md,2026-01-26,09:01,"Greeting, Mozart, Music, Architecture, Classicism, Genius, Hasselblad",ГОТОВ,GREETING: ДЕНЬ НАРОДЖЕННЯ МОЦАРТА. ГЕОМЕТРІЯ ГЕНІЯ (UA),,,Europe/Riga,,,
AC-26.01-10-00-AncientMemory-VienneseClassicism,2026/01/26/AC-26.01-10-00-AncientMemory-VienneseClassicism.md,2026-01-26,10:01,"AncientMemory, Classicism, Vienna, Haydn, Mozart, Beethoven, Symmetry, Hasselblad",ГОТОВ,ANCIENT MEMORY: ВЕНСКИЙ КЛАССИЦИЗМ. АРХИТЕКТУРА ЗВУКОВОГО ПОРЯДКА (RU),,,Europe/Riga,,,
AC-26.01-12-00-MythOrigin-Wunderkind,2026/01/26/AC-26.01-12-00-MythOrigin-Wunderkind.md,2026-01-26,12:01,"MythOrigin, Wunderkind, Archetype, PuerAeternus, Mozart, Psychology, Hasselblad",ГОТОВ,MYTH ORIGIN: ВУНДЕРКІНД. БОЖЕСТВЕННЕ ДИТЯ. АРХЕТИП ПУЕР (UA),,,Europe/Riga,,,
AC-26.01-15-00-SacredSense-MusicOfTheSpheres,2026/01/26/AC-26.01-15-00-SacredSense-MusicOfTheSpheres.md,2026-01-26,15:01,"SacredSense, Pythagoras, MusicOfTheSpheres, Harmony, Universe, Geometry, Hasselblad",ГОТОВ,SACRED SENSE: МУЗЫКА СФЕР. КОСМИЧЕСКАЯ ГЕОМЕТРИЯ (RU),,,Europe/Riga,,,
AC-26.01-18-00-Symbolism-Violin,2026/01/26/AC-26.01-18-00-Symbolism-Violin.md,2026-01-26,18:01,"Symbolism, Violin, Stradivari, Architecture, Resonance, Geometry, Hasselblad",ГОТОВ,SYMBOLISM: СКРИПКА. АРХІТЕКТУРА РЕЗОНАНСУ (UA),,,Europe/Riga,,,
AC-26.01-21-00-NightReflection-GeniusEternity,2026/01/26/AC-26.01-21-00-NightReflection-GeniusEternity.md,2026-01-26,21:01,"NightReflection, Mozart, Genius, Eternity, Architecture, Philosophy, DeepDive, Hasselblad",ГОТОВ,NIGHT REFLECTION: ГЕНИЙ И ВЕЧНОСТЬ. ИТОГИ ДНЯ МОЦАРТА (RU),,,Europe/Riga,,,
NB-26.01-09-30-WorldTradition-AustraliaDay,2026/01/26/NB-26.01-09-30-WorldTradition-AustraliaDay.md,2026-01-26,09:01,"WorldTradition, Australia, Sydney, BBQ, AboriginalCulture, History, LeicaM11",ГОТОВ,WORLD TRADITION: ДЕНЬ АВСТРАЛИИ. ПРАЗДНИК НА КРАЮ СВЕТА (RU),,,Europe/Riga,,,
NB-26.01-12-30-EthnoEast-Salzburg,2026/01/26/NB-26.01-12-30-EthnoEast-Salzburg.md,2026-01-26,12:01,"EthnoEast, Salzburg, Austria, Mozart, Alps, Travel, LeicaM11",ГОТОВ,ETHNO EAST: ЗАЛЬЦБУРГ. МІСТО МОЦАРТА. ГЕОГРАФІЯ ГЕНІЯ (UA),,,Europe/Riga,,,
NB-26.01-15-30-FolkBestiary-Kangaroo,2026/01/26/NB-26.01-15-30-FolkBestiary-Kangaroo.md,2026-01-26,15:01,"FolkBestiary, Australia, Kangaroo, Dreaming, AboriginalMyth, Nature, LeicaM11",ГОТОВ,FOLK BESTIARY: КЕНГУРУ. МИФЫ ВРЕМЕНИ СНОВИДЕНИЙ (RU),,,Europe/Riga,,,
NB-26.01-18-30-CostumeCode-AustrianCostume,2026/01/26/NB-26.01-18-30-CostumeCode-AustrianCostume.md,2026-01-26,18:01,"CostumeCode, Austria, Salzburg, Dirndl, Lederhosen, Craftsmanship, Fashion, LeicaM11",ГОТОВ,COSTUME CODE: АВСТРІЙСЬКІ СТРОЇ. ДНК ТИРОЛЮ ТА ЗАЛЬЦБУРГА (UA),,,Europe/Riga,,,
NB-26.01-21-30-GlobalView-OperaCulture,2026/01/26/NB-26.01-21-30-GlobalView-OperaCulture.md,2026-01-26,21:01,"GlobalView, Opera, Salzburg, Vienna, Mozart, Architecture, Society, LeicaM11",ГОТОВ,GLOBAL VIEW: КУЛЬТУРА ОПЕРЫ. ТЕАТР КАК ВСЕЛЕННАЯ (RU),,,Europe/Riga,,,
SW-26.01-10-30-Greeting-Mozartkugeln,2026/01/26/SW-26.01-10-30-Greeting-Mozartkugeln.md,2026-01-26,10:01,"Greeting, Mozartkugeln, Salzburg, Chocolate, Marzipan, Pistachio, PhaseOne",ГОТОВ,GREETING (EXTRA): MOZARTKUGELN. ШАРЫ ГЕНИЯ (RU),,,Europe/Riga,,,
SW-26.01-11-30-HolidayTaste-SacherTorte,2026/01/26/SW-26.01-11-30-HolidayTaste-SacherTorte.md,2026-01-26,11:01,"HolidayTaste, SacherTorte, Vienna, Chocolate, Apricot, Luxury, PhaseOne",ГОТОВ,HOLIDAY TASTE: ТОРТ ЗАХЕР. ШОКОЛАДНИЙ МОНОЛІТ ВІДНЯ (UA),,,Europe/Riga,,,
SW-26.01-13-00-FlavorHorizon-ApricotJam,2026/01/26/SW-26.01-13-00-FlavorHorizon-ApricotJam.md,2026-01-26,13:01,"FlavorHorizon, Apricot, Wachau, Austria, Jam, Gold, PhaseOne",ГОТОВ,FLAVOR HORIZON: АБРИКОСОВЫЙ КОНФИТЮР. ЗОЛОТО ДОЛИНЫ ВАХАУ (RU),,,Europe/Riga,,,
SW-26.01-14-00-TraditionRecipe-AppleStrudel,2026/01/26/SW-26.01-14-00-TraditionRecipe-AppleStrudel.md,2026-01-26,14:01,"TraditionRecipe, Strudel, Austria, Vienna, Apples, Cinnamon, PhaseOne",ГОТОВ,TRADITION RECIPE: ЯБЛУЧНИЙ ШТРУДЕЛЬ. МИСТЕЦТВО ПРОЗОРОСТІ (UA),,,Europe/Riga,,,
SW-26.01-17-00-SweetHistory-VienneseCoffee,2026/01/26/SW-26.01-17-00-SweetHistory-VienneseCoffee.md,2026-01-26,17:01,"SweetHistory, ViennaCoffee, Einspanner, Melange, History, Luxury, PhaseOne",ГОТОВ,SWEET HISTORY: КОФЕ ПО-ВЕНСКИ. ЧЕРНОЕ ЗОЛОТО ИМПЕРИИ (RU),,,Europe/Riga,,,
SW-26.01-20-00-NightTreat-LinzerCookies,2026/01/26/SW-26.01-20-00-NightTreat-LinzerCookies.md,2026-01-26,20:01,"NightTreat, LinzerCookies, Austria, Almond, Raspberry, History, PhaseOne",ГОТОВ,NIGHT TREAT: ЛІНЦСЬКЕ ПЕЧИВО. ОЧІ АВСТРІЇ (UA),,,Europe/Riga,,,
AC-27.01-09-00-Greeting-HolocaustRemembrance,2026/01/27/AC-27.01-09-00-Greeting-HolocaustRemembrance.md,2026-01-27,09:01,"Greeting, HolocaustRemembrance, Memory, Architecture, History, Humanity, Hasselblad",ГОТОВ,GREETING (EXTRA): ДЕНЬ ПАМ'ЯТІ ЖЕРТВ ГОЛОКОСТУ. АРХІТЕКТУРА ТРАГЕДІЇ (UA),,,Europe/Riga,,,
AC-27.01-10-00-AncientMemory-MemoryAsDuty,2026/01/27/AC-27.01-10-00-AncientMemory-MemoryAsDuty.md,2026-01-27,10:01,"AncientMemory, Philosophy, Duty, Future, Structure, History, Mind, Hasselblad",ГОТОВ,ANCIENT MEMORY: ПАМЯТЬ КАК ДОЛГ. ФУНДАМЕНТ БУДУЩЕГО (RU),,,Europe/Riga,,,
AC-27.01-12-00-SacredSense-WailingWall,2026/01/27/AC-27.01-12-00-SacredSense-WailingWall.md,2026-01-27,12:01,"SacredSense, Jerusalem, WailingWall, Architecture, Memory, Faith, History, Hasselblad",ГОТОВ,SACRED SENSE: СТІНА ПЛАЧУ. АРХІТЕКТУРА МОЛИТВИ ТА ПАМ'ЯТІ (UA),,,Europe/Riga,,,
AC-27.01-15-00-Concept-NeverAgain,2026/01/27/AC-27.01-15-00-Concept-NeverAgain.md,2026-01-27,15:01,"Concept, NeverAgain, Ethics, Responsibility, SocialArchitecture, Mind, Hasselblad",ГОТОВ,CONCEPT: НИКОГДА БОЛЬШЕ. СТРУКТУРА ПРЕДОТВРАЩЕНИЯ (RU),,,Europe/Riga,,,
AC-27.01-18-00-Symbolism-StarOfDavid,2026/01/27/AC-27.01-18-00-Symbolism-StarOfDavid.md,2026-01-27,18:01,"Symbolism, StarOfDavid, Geometry, Hexagram, Memory, History, Hasselblad",ГОТОВ,SYMBOLISM: ЗІРКА ДАВИДА. ГЕОМЕТРІЯ ДУХУ ТА ІСТОРІЇ (UA),,,Europe/Riga,,,
AC-27.01-21-00-NightReflection-LightOfMemory,2026/01/27/AC-27.01-21-00-NightReflection-LightOfMemory.md,2026-01-27,21:01,"NightReflection, Memory, Ethics, Humanity, Architecture, DeepDive, Hasselblad",ГОТОВ,NIGHT REFLECTION: СВЕТ ПАМЯТИ. ИТОГИ ДНЯ (RU),,,Europe/Riga,,,
NB-27.01-09-30-EthnoEast-Savindan,2026/01/27/NB-27.01-09-30-EthnoEast-Savindan.md,2026-01-27,09:01,"EthnoEast, Serbia, Savindan, StSava, Tradition, Education, LeicaM11",ГОТОВ,ETHNO EAST: САВІНДАН. ДУША СЕРБІЇ (UA),,,Europe/Riga,,,
NB-27.01-12-30-WorldTradition-StonesMemory,2026/01/27/NB-27.01-12-30-WorldTradition-StonesMemory.md,2026-01-27,12:01,"WorldTradition, Jerusalem, Stones, Memory, Heritage, JewishTradition, LeicaM11",ГОТОВ,WORLD TRADITION: ПАМЯТЬ КАМНЕЙ. ТРАДИЦИИ ИЕРУСАЛИМА (RU),,,Europe/Riga,,,
NB-27.01-15-30-FolkBestiary-Vovkolak,2026/01/27/NB-27.01-15-30-FolkBestiary-Vovkolak.md,2026-01-27,15:01,"FolkBestiary, Balkans, Serbia, Werewolf, Mythology, Legend, LeicaM11",ГОТОВ,FOLK BESTIARY: ВОВКОЛАК. БАЛКАНСЬКІ ТІНІ (UA),,,Europe/Riga,,,
NB-27.01-18-30-CostumeCode-SchoolUniform,2026/01/27/NB-27.01-18-30-CostumeCode-SchoolUniform.md,2026-01-27,18:01,"CostumeCode, SchoolUniform, Education, History, Identity, Fashion, LeicaM11",ГОТОВ,COSTUME CODE: ШКОЛЬНАЯ ФОРМА. АРХИТЕКТУРА ИДЕНТИЧНОСТИ (RU),,,Europe/Riga,,,
NB-27.01-21-30-GlobalView-HowChildrenStudy,2026/01/27/NB-27.01-21-30-GlobalView-HowChildrenStudy.md,2026-01-27,21:01,"GlobalView, Education, WorldCulture, Childhood, Knowledge, LeicaM11",ГОТОВ,GLOBAL VIEW: ЯК УЧАТЬСЯ ДІТИ. ГЛОБАЛЬНА КАРТА ЗНАНЬ (UA),,,Europe/Riga,,,
SW-27.01-10-30-Greeting-MozartDessertDay,2026/01/27/SW-27.01-10-30-Greeting-MozartDessertDay.md,2026-01-27,10:01,"Greeting, Mozart, Vienna, Salzburg, Dessert, Chocolate, Marzipan, PhaseOne",ГОТОВ,GREETING (EXTRA): ДЕНЬ МОЦАРТА. СЛАДКАЯ СИМФОНИЯ ВЕНЫ (RU),,,Europe/Riga,,,
SW-27.01-11-30-HolidayTaste-MozartkugelBattle,2026/01/27/SW-27.01-11-30-HolidayTaste-MozartkugelBattle.md,2026-01-27,11:01,"HolidayTaste, Mozartkugeln, Furst, Mirabell, Reber, Salzburg, PhaseOne",ГОТОВ,HOLIDAY TASTE: МОЦАРТКУГЕЛЬ. БИТВА ЗА ПРАВО НА ГЕНІЯ (UA),,,Europe/Riga,,,
SW-27.01-13-00-FlavorHorizon-MarzipanNougat,2026/01/27/SW-27.01-13-00-FlavorHorizon-MarzipanNougat.md,2026-01-27,13:01,"FlavorHorizon, Marzipan, Nougat, Almond, Hazelnut, Texture, PhaseOne",ГОТОВ,FLAVOR HORIZON: МАРЦИПАН И НУГА. АНАТОМИЯ ВКУСА (RU),,,Europe/Riga,,,
SW-27.01-14-00-TraditionRecipe-AustrianStrudel,2026/01/27/SW-27.01-14-00-TraditionRecipe-AustrianStrudel.md,2026-01-27,14:01,"TraditionRecipe, Strudel, Austria, Vienna, Apples, Cinnamon, PhaseOne",ГОТОВ,TRADITION RECIPE: АВСТРІЙСЬКИЙ ШТРУДЕЛЬ. МИСТЕЦТВО ТОНКОГО ТІСТА (UA),,,Europe/Riga,,,
SW-27.01-17-00-SweetHistory-VienneseMelange,2026/01/27/SW-27.01-17-00-SweetHistory-VienneseMelange.md,2026-01-27,17:01,"SweetHistory, Vienna, Coffee, Melange, Ritual, Culture, PhaseOne",ГОТОВ,SWEET HISTORY: ВЕНСКИЙ МЕЛАНЖ. ТИХАЯ РОСКОШЬ ПОСЛЕПОЛУДНЯ (RU),,,Europe/Riga,,,
SW-27.01-20-00-NightTreat-LinzerTorte,2026/01/27/SW-27.01-20-00-NightTreat-LinzerTorte.md,2026-01-27,20:01,"NightTreat, LinzerTorte, Austria, Almond, Raspberry, History, DeepDive, PhaseOne",ГОТОВ,NIGHT TREAT: ЛІНЦЕР ТОРТ. НАЙСТАРІШИЙ РЕЦЕПТ СВІТУ (UA),,,Europe/Riga,,,
AC-28.01-09-00-Greeting-LegoDay,2026/01/28/AC-28.01-09-00-Greeting-LegoDay.md,2026-01-28,09:01,"Greeting, LEGO, Architecture, Design, Creativity, Play, Hasselblad",ГОТОВ,GREETING (EXTRA): СВІТ З КУБИКІВ (LEGO DAY). АРХІТЕКТУРА МРІЇ (UA),,,Europe/Riga,,,
AC-28.01-10-00-AncientMemory-HistoryOfBrick,2026/01/28/AC-28.01-10-00-AncientMemory-HistoryOfBrick.md,2026-01-28,10:01,"AncientMemory, Brick, Architecture, History, Structure, Evolution, Hasselblad",ГОТОВ,ANCIENT MEMORY: ИСТОРИЯ КИРПИЧА. МОДУЛЬ ЦИВИЛИЗАЦИИ (RU),,,Europe/Riga,,,
AC-28.01-12-00-MythOrigin-Daedalus,2026/01/28/AC-28.01-12-00-MythOrigin-Daedalus.md,2026-01-28,12:01,"MythOrigin, Daedalus, Architecture, Labyrinth, Structure, Engineering, Hasselblad",ГОТОВ,MYTH ORIGIN: ДЕДАЛ. ПЕРШИЙ АРХІТЕКТОР ТА ЙОГО ЛАБІРИНТ (UA),,,Europe/Riga,,,
AC-28.01-15-00-SacredSense-ConstructorOfReality,2026/01/28/AC-28.01-15-00-SacredSense-ConstructorOfReality.md,2026-01-28,15:01,"SacredSense, Reality, Structure, QuantumPhysics, Philosophy, LEGO, Hasselblad",ГОТОВ,SACRED SENSE: КОНСТРУКТОР РЕАЛЬНОСТИ. МИР КАК LEGO (RU),,,Europe/Riga,,,
AC-28.01-18-00-Symbolism-Cube,2026/01/28/AC-28.01-18-00-Symbolism-Cube.md,2026-01-28,18:01,"Symbolism, Cube, Geometry, Stability, Earth, Structure, Hasselblad",ГОТОВ,SYMBOLISM: КУБ. ДОСКОНАЛІСТЬ СТАБІЛЬНОСТІ (UA),,,Europe/Riga,,,
AC-28.01-21-00-NightReflection-WeBuildTomorrow,2026/01/28/AC-28.01-21-00-NightReflection-WeBuildTomorrow.md,2026-01-28,21:01,"NightReflection, Future, Construction, Hope, Philosophy, Architecture, Hasselblad",ГОТОВ,NIGHT REFLECTION: МЫ СТРОИМ ЗАВТРА. АРХИТЕКТУРА НАДЕЖДЫ (RU),,,Europe/Riga,,,
NB-28.01-09-30-WorldTradition-UpHellyAa,2026/01/28/NB-28.01-09-30-WorldTradition-UpHellyAa.md,2026-01-28,09:01,"WorldTradition, Scotland, Shetland, Vikings, Fire, UpHellyAa, LeicaM11",ГОТОВ,WORLD TRADITION: АПХЕЛЛИО. ОГОНЬ ВИКИНГОВ НА ШЕТЛАНДАХ (RU),,,Europe/Riga,,,
NB-28.01-12-30-EthnoEast-PavlivDen,2026/01/28/NB-28.01-12-30-EthnoEast-PavlivDen.md,2026-01-28,12:01,"EthnoEast, Ukraine, Magic, Pavlo, Sorcerers, Tradition, LeicaM11",ГОТОВ,ETHNO EAST: ПАВЛІВ ДЕНЬ. ДЕНЬ ЧАКЛУНІВ (UA),,,Europe/Riga,,,
NB-28.01-15-30-FolkBestiary-Drakkars,2026/01/28/NB-28.01-15-30-FolkBestiary-Drakkars.md,2026-01-28,15:01,"FolkBestiary, Vikings, Drakkar, SeaMonsters, Mythology, Ships, LeicaM11",ГОТОВ,FOLK BESTIARY: ДРАКАРЫ И МОРСКИЕ ЧУДОВИЩА. МИФОЛОГИЯ СЕВЕРА (RU),,,Europe/Riga,,,
NB-28.01-18-30-CostumeCode-ChainmailFur,2026/01/28/NB-28.01-18-30-CostumeCode-ChainmailFur.md,2026-01-28,18:01,"CostumeCode, Vikings, Chainmail, Fur, Fashion, History, LeicaM11",ГОТОВ,COSTUME CODE: КОЛЬЧУГА ТА ХУТРО. СТИЛЬ ПІВНІЧНИХ ВОЇНІВ (UA),,,Europe/Riga,,,
NB-28.01-21-30-GlobalView-BurningLongship,2026/01/28/NB-28.01-21-30-GlobalView-BurningLongship.md,2026-01-28,21:01,"GlobalView, UpHellyAa, Fire, Cleansing, Ritual, Vikings, LeicaM11",ГОТОВ,GLOBAL VIEW: СОЖЖЕНИЕ ЛАДЬИ. РИТУАЛ ОЧИЩЕНИЯ (RU),,,Europe/Riga,,,
SW-28.01-10-30-Greeting-SweetConstructor,2026/01/28/SW-28.01-10-30-Greeting-SweetConstructor.md,2026-01-28,10:01,"Greeting, LEGO, Geometry, Shape, Texture, Design, PhaseOne",ГОТОВ,GREETING (EXTRA): СЛАДКИЙ КОНСТРУКТОР. ГЕОМЕТРИЯ ВКУСА (RU),,,Europe/Riga,,,
SW-28.01-11-30-HolidayTaste-BattenbergCake,2026/01/28/SW-28.01-11-30-HolidayTaste-BattenbergCake.md,2026-01-28,11:01,"HolidayTaste, BattenbergCake, Geometry, Marzipan, England, History, PhaseOne",ГОТОВ,HOLIDAY TASTE: ТОРТ БАТЕНБЕРГ. ШАХІВНИЦЯ НА ТАРІЛЦІ (UA),,,Europe/Riga,,,
SW-28.01-13-00-TextureSync-JellyAndShape,2026/01/28/SW-28.01-13-00-TextureSync-JellyAndShape.md,2026-01-28,13:01,"TextureSync, Jelly, Gelatin, Agar, Transparency, Physics, PhaseOne",ГОТОВ,TEXTURE SYNC: ЖЕЛЕ И ФОРМА. ПРОЗРАЧНАЯ ГЕОМЕТРИЯ (RU),,,Europe/Riga,,,
SW-28.01-14-00-TraditionRecipe-SquareCookie,2026/01/28/SW-28.01-14-00-TraditionRecipe-SquareCookie.md,2026-01-28,14:01,"TraditionRecipe, Shortbread, Cookie, Square, Geometry, Butter, PhaseOne",ГОТОВ,TRADITION RECIPE: КВАДРАТНЕ ПЕЧИВО. ПРОСТІ ФОРМИ (UA),,,Europe/Riga,,,
SW-28.01-17-00-SweetHistory-GeometryInDesserts,2026/01/28/SW-28.01-17-00-SweetHistory-GeometryInDesserts.md,2026-01-28,17:01,"SweetHistory, Geometry, Design, PastryArt, Cubism, Architecture, PhaseOne",ГОТОВ,SWEET HISTORY: ГЕОМЕТРИЯ В ДЕСЕРТАХ. ОТ КУБИЗМА ДО ФУТУРИЗМА (RU),,,Europe/Riga,,,
SW-28.01-20-00-NightTreat-ChocolateCubes,2026/01/28/SW-28.01-20-00-NightTreat-ChocolateCubes.md,2026-01-28,20:01,"NightTreat, Chocolate, Cubes, Tasting, Ritual, Geometry, PhaseOne",ГОТОВ,NIGHT TREAT: КУБИКИ ШОКОЛАДУ. ФІНАЛЬНИЙ ПАЗЛ (UA),,,Europe/Riga,,,
AC-29.01-09-00-Greeting-ChainsOfPeter,2026/01/29/AC-29.01-09-00-Greeting-ChainsOfPeter.md,2026-01-29,09:01,"Greeting, ChainsOfPeter, Architecture, Freedom, Faith, Structure, Hasselblad",ГОТОВ,GREETING (EXTRA): ДЕНЬ ВЕРИГ ПЕТРА. АРХІТЕКТУРА ЗВІЛЬНЕННЯ (UA),,,Europe/Riga,,,
AC-29.01-10-00-AncientMemory-ChainsFreedom,2026/01/29/AC-29.01-10-00-AncientMemory-ChainsFreedom.md,2026-01-29,10:01,"AncientMemory, Chains, Freedom, History, Slavery, Philosophy, Hasselblad",ГОТОВ,ANCIENT MEMORY: ОКОВЫ И СВОБОДА. ИСТОРИЯ ОСВОБОЖДЕНИЯ (RU),,,Europe/Riga,,,
AC-29.01-12-00-Legend-MiraculousLiberation,2026/01/29/AC-29.01-12-00-Legend-MiraculousLiberation.md,2026-01-29,12:01,"Legend, Liberation, StPeter, Prison, Miracle, Faith, Structure, Hasselblad",ГОТОВ,LEGEND: ЧУДЕСНЕ ЗВІЛЬНЕННЯ. АРХІТЕКТУРА ДИВА (UA),,,Europe/Riga,,,
AC-29.01-15-00-SacredSense-InnerFreedom,2026/01/29/AC-29.01-15-00-SacredSense-InnerFreedom.md,2026-01-29,15:01,"SacredSense, Freedom, InnerPeace, Philosophy, Stoicism, Structure, Hasselblad",ГОТОВ,SACRED SENSE: ВНУТРЕННЯЯ СВОБОДА. АРХИТЕКТУРА ДУХА (RU),,,Europe/Riga,,,
AC-29.01-18-00-Symbolism-ChainAndKey,2026/01/29/AC-29.01-18-00-Symbolism-ChainAndKey.md,2026-01-29,18:01,"Symbolism, Chain, Key, Freedom, Architecture, Security, Hasselblad",ГОТОВ,SYMBOLISM: ЛАНЦЮГ І КЛЮЧ. ДІАЛЕКТИКА ДОСТУПУ (UA),,,Europe/Riga,,,
AC-29.01-21-00-NightReflection-Liberation,2026/01/29/AC-29.01-21-00-NightReflection-Liberation.md,2026-01-29,21:01,"NightReflection, Liberation, Freedom, Architecture, Mind, Future, Hasselblad",ГОТОВ,NIGHT REFLECTION: ОСВОБОЖДЕНИЕ. ВЫХОД ЗА ПРЕДЕЛЫ (RU),,,Europe/Riga,,,
NB-29.01-09-30-WorldTradition-LosarPrep,2026/01/29/NB-29.01-09-30-WorldTradition-LosarPrep.md,2026-01-29,09:01,"WorldTradition, Tibet, Losar, NewYear, Ritual, LeicaM11",ГОТОВ,WORLD TRADITION: ЛОСАР. ОЧИЩЕННЯ ПЕРЕД НОВИМ РОКОМ (UA),,,Europe/Riga,,,
NB-29.01-12-30-EthnoEast-PetroNapivkorm,2026/01/29/NB-29.01-12-30-EthnoEast-PetroNapivkorm.md,2026-01-29,12:01,"EthnoEast, Ukraine, Agriculture, Winter, Tradition, LeicaM11",ГОТОВ,ETHNO EAST: ПЕТРО-НАПІВКОРМ. ЕКВАТОР ЗИМИ (RU),,,Europe/Riga,,,
NB-29.01-15-30-FolkBestiary-Yeti,2026/01/29/NB-29.01-15-30-FolkBestiary-Yeti.md,2026-01-29,15:01,"FolkBestiary, Tibet, Yeti, Snowman, Mythology, Mystery, LeicaM11",ГОТОВ,FOLK BESTIARY: ЄТІ. ПРИВИД ГІМАЛАЇВ (UA),,,Europe/Riga,,,
NB-29.01-18-30-CostumeCode-ChupaRobe,2026/01/29/NB-29.01-18-30-CostumeCode-ChupaRobe.md,2026-01-29,18:01,"CostumeCode, Tibet, Chupa, Fashion, Tradition, Himalaya, LeicaM11",ГОТОВ,COSTUME CODE: ХАЛАТ ЧУПА. ОДЕЖДА ДЛЯ ЖИЗНИ НА КРЫШЕ МИРА (RU),,,Europe/Riga,,,
NB-29.01-21-30-GlobalView-LifeInMountains,2026/01/29/NB-29.01-21-30-GlobalView-LifeInMountains.md,2026-01-29,21:01,"GlobalView, Mountains, Tibet, Alps, Carpathians, Andes, LifeStyle, LeicaM11",ГОТОВ,GLOBAL VIEW: ЖИТТЯ В ГОРАХ. ВЕРТИКАЛЬНА ФІЛОСОФІЯ (UA),,,Europe/Riga,,,
SW-29.01-10-30-Greeting-PretzelDay,2026/01/29/SW-29.01-10-30-Greeting-PretzelDay.md,2026-01-29,10:01,Greeting,ГОТОВ,GREETING (EXTRA): БРЕЦЕЛЬ (RU),,,Europe/Riga,,,
SW-29.01-11-30-HolidayTaste-PretzelGeometry,2026/01/29/SW-29.01-11-30-HolidayTaste-PretzelGeometry.md,2026-01-29,11:01,"HolidayTaste, Pretzel, Bavaria, Geometry, Ritual, PhaseOne",ГОТОВ,HOLIDAY TASTE: БРЕЦЕЛЬ. ГЕОМЕТРІЯ САКРАЛЬНОГО ВУЗЛА (UA),,,Europe/Riga,,,
SW-29.01-13-00-FlavorHorizon-SaltCaramel,2026/01/29/SW-29.01-13-00-FlavorHorizon-SaltCaramel.md,2026-01-29,13:01,"FlavorHorizon, Caramel, SeaSalt, Texture, Ritual, PhaseOne",ГОТОВ,FLAVOR HORIZON: СОЛЬ И КАРАМЕЛЬ. РЕЗОНАНС КОНТРАСТОВ (RU),,,Europe/Riga,,,
SW-29.01-14-00-TraditionRecipe-GlazedDonuts,2026/01/29/SW-29.01-14-00-TraditionRecipe-GlazedDonuts.md,2026-01-29,14:01,"TraditionRecipe, Donuts, Geometry, Texture, Ritual, PhaseOne",ГОТОВ,TRADITION RECIPE: ПОНЧИКИ-КІЛЬЦЯ. ГЕОМЕТРІЯ ПУХКОГО ТІСТА (UA),,,Europe/Riga,,,
SW-29.01-17-00-SweetHistory-LicoriceRibbons,2026/01/29/SW-29.01-17-00-SweetHistory-LicoriceRibbons.md,2026-01-29,17:01,"SweetHistory, Licorice, Texture, Ritual, Geometry, PhaseOne",ГОТОВ,SWEET HISTORY: ЛАКРИЧНЫЕ ЛЕНТЫ. ТЕМНОЕ ЗОЛОТО АПТЕКАРЕЙ (RU),,,Europe/Riga,,,
SW-29.01-20-00-NightTreat-PoppySeedBraid,2026/01/29/SW-29.01-20-00-NightTreat-PoppySeedBraid.md,2026-01-29,20:01,"NightTreat, PoppySeed, Braid, Ritual, PhaseOne",ГОТОВ,NIGHT TREAT: ПЛЕТІНКА З МАКОМ. ВУЗЛИ ВЕЧОРА (UA),,,Europe/Riga,,,
AC-30.01-09-00-Greeting-ThreeHierarchs,2026/01/30/AC-30.01-09-00-Greeting-ThreeHierarchs.md,2026-01-30,09:01,Greeting,ИСПРАВЛЕНО (VOICE SYNC),ТРИ СВЯТИТЕЛЯ: КОД ПОРЯДКА,,,Europe/Riga,,,
AC-30.01-15-00-AlchemicalSync-AIWisdom,2026/01/30/AC-30.01-15-00-AlchemicalSync-AIWisdom.md,2026-01-30,15:01,AlchemicalSync,ГОТОВО,АЛХИМИЯ ДУХА: МУДРОСТЬ ПРОШЛОГО И ИИ БУДУЩЕГО,,,Europe/Riga,,,
AC-30.01-18-00-CulturalPulse-BerlinFW,2026/01/30/AC-30.01-18-00-CulturalPulse-BerlinFW.md,2026-01-30,18:01,"CulturalPulse, BerlinFW, Brutalism, Marcus, PhaseOne, Genesis100",ГОТОВ,BERLIN FASHION WEEK: АРХІТЕКТУРА ТЕКСТУРИ ТА ТЕМПЕРАТУРИ (UA),,,Europe/Riga,,,
AC-30.01-21-00-NightReflection-KnowledgeLight,2026/01/30/AC-30.01-21-00-NightReflection-KnowledgeLight.md,2026-01-30,21:01,"NightReflection, Knowledge, Marcus, PhaseOne, Genesis100",ГОТОВ,NIGHT REFLECTION: СВЕТ ЗНАНИЯ В ЦИФРОВУЮ ЭПОХУ (RU),,,Europe/Riga,,,
NB-30.01-09-30-WorldTradition-CroissantDay,2026/01/30/NB-30.01-09-30-WorldTradition-CroissantDay.md,2026-01-30,09:01,WorldTradition,ГОТОВО,ПАРИЖ: ДЕНЬ КРУАССАНА. МИФ О ПОЛУМЕСЯЦЕ,,,Europe/Riga,,,
NB-30.01-12-30-EthnoEast-Antonovden,2026/01/30/NB-30.01-12-30-EthnoEast-Antonovden.md,2026-01-30,12:01,"EthnoEast, Bulgaria, Antonovden, Ritual, PhaseOne, Genesis100",ГОТОВ,БОЛГАРІЯ: АНТОНОВДЕНЬ. ТІНЬ ТА МЕДОВИЙ ХЛІБ (UA),,,Europe/Riga,,,
NB-30.01-14-30-Postcard-Paris,2026/01/30/NB-30.01-14-30-Postcard-Paris.md,2026-01-30,14:01,Postcard,ИСПРАВЛЕНО (SHORT FORM),ОТКРЫТКА ИЗ ПАРИЖА: МОМЕНТ МЕЖДУ СЛОЯМИ,,,Europe/Riga,,,
NB-30.01-15-30-FolkBestiary-Tarasque,2026/01/30/NB-30.01-15-30-FolkBestiary-Tarasque.md,2026-01-30,15:01,FolkBestiary,ГОТОВО,ТАРАСК: ЧУДОВИЩЕ ПРОВАНСА И ТРИУМФ КРОТОСТИ,,,Europe/Riga,,,
NB-30.01-18-30-CostumeCode-FrenchChic,2026/01/30/NB-30.01-18-30-CostumeCode-FrenchChic.md,2026-01-30,18:01,CostumeCode,ГОТОВО,"ФРАНЦУЗЬКИЙ ШИК: НЕ БЕРЕТ, А ПОСТАВА",,,Europe/Riga,,,
NB-30.01-21-30-BedtimeTale-CoffeeBean,2026/01/30/NB-30.01-21-30-BedtimeTale-CoffeeBean.md,2026-01-30,21:01,BedtimeTale,ГОТОВО,ЭФИОПИЯ: СКАЗКА О КОФЕЙНОМ ЗЕРНЕ И ПАСТУХЕ КАЛДИ,,,Europe/Riga,,,
SW-30.01-10-00-SingleNote-Butter,2026/01/30/SW-30.01-10-00-SingleNote-Butter.md,2026-01-30,10:01,"SingleNote, Butter, Purity, Ritual, PhaseOne",ГОТОВ,#SINGLE_NOTE: МАСЛО (UA),,,Europe/Riga,,,
SW-30.01-11-30-HolidayTaste-Croissant,2026/01/30/SW-30.01-11-30-HolidayTaste-Croissant.md,2026-01-30,11:01,"HolidayTaste, Croissant, Paris, Alchemy, PhaseOne",ГОТОВ,HOLIDAY TASTE: ИДЕАЛЬНЫЙ КРУАССАН. АРХИТЕКТУРА СЛОЕВ (RU),,,Europe/Riga,,,
SW-30.01-14-00-TraditionRecipe-AlmondCroissant,2026/01/30/SW-30.01-14-00-TraditionRecipe-AlmondCroissant.md,2026-01-30,14:01,"TraditionRecipe, CroissantAuxAmandes, Recycling, Frangipane",ГОТОВ,TRADITION RECIPE: МИГДАЛЬНИЙ КРУАСАН. ДРУГЕ ЖИТТЯ (UA),,,Europe/Riga,,,
SW-30.01-15-45-VintageBake-History,2026/01/30/SW-30.01-15-45-VintageBake-History.md,2026-01-30,15:01,"VintageBake, History, Kipferl, AugustZang",ГОТОВ,VINTAGE BAKE: ИСТОРИЯ КРУАССАНА. ВЕНСКИЙ СЛЕД (RU),,,Europe/Riga,,,
SW-30.01-17-00-SweetHistory-FrenchPastry,2026/01/30/SW-30.01-17-00-SweetHistory-FrenchPastry.md,2026-01-30,17:01,"SweetHistory, France, Patisserie, Carême, Escoffier",ГОТОВ,SWEET HISTORY: ФРАНЦУЗЬКА ВИПІЧКА. ЕВОЛЮЦІЯ СМАКУ (UA),,,Europe/Riga,,,
SW-30.01-20-00-NightTreat-ChocolateCroissant,2026/01/30/SW-30.01-20-00-NightTreat-ChocolateCroissant.md,2026-01-30,20:01,"NightTreat, PainAuChocolat, DarkChocolate, Ritual",ГОТОВ,NIGHT TREAT: ШОКОЛАДНИЙ КРУАСАН. ТЕМНА МАТЕРІЯ (UA),,,Europe/Riga,,,
AC-31.01-08-30-Alchemy-Capital,2026/01/31/AC-31.01-08-30-Alchemy-Capital.md,2026-01-31,08:01,"Альманах-Мейн, Алхимия, Юпитер, Телец, Архитектор, Генезис100",ГОТОВ,ALCHEMY OF SYNC: ЮПИТЕР В ТЕЛЬЦЕ. АРХИТЕКТУРА КАПИТАЛА,,,Europe/Riga,,,
AC-31.01-09-00-Memory-Fabergé,2026/01/31/AC-31.01-09-00-Memory-Fabergé.md,2026-01-31,09:01,"Альманах-Мейн, День Ювелира, Фаберже, Тектоника, Генезис100",ГОТОВ,ПАМЯТЬ ЗОДЧЕГО: ПЕТР КАРЛ ФАБЕРЖЕ. ИНЖЕНЕРИЯ ИМПЕРСКОГО МОНОЛИТА,,,Europe/Riga,,,
AC-31.01-12-00-LogicFestival-MathOfCut,2026/01/31/AC-31.01-12-00-LogicFestival-MathOfCut.md,2026-01-31,12:01,"Альманах-Мейн, День Ювелира, Огранка, Тектоника, Генезис100",ГОТОВ,#LOGIC_FESTIVAL: МАТЕМАТИКА ОГРАНКИ. ГЕОМЕТРИЯ СВЕТОВОГО ПОТОКА,,,Europe/Riga,,,
AC-31.01-15-00-SolarRite-LeoGeometry,2026/01/31/AC-31.01-15-00-SolarRite-LeoGeometry.md,2026-01-31,15:01,"Альманах-Мейн, День Ювелира, Лев, Тектоника, Генезис100",ГОТОВ,#SOLAR_RITE: ЭНЕРГИЯ ЛЬВА. ГЕОМЕТРИЯ СОЛНЕЧНОГО ТРИУМФА,,,Europe/Riga,,,
AC-31.01-18-00-GlobalEcho-Medals,2026/01/31/AC-31.01-18-00-GlobalEcho-Medals.md,2026-01-31,18:01,"Альманах-Архитектор, Милан-Кортина 2026, Дизайн, IPZS, Металлы",ГОТОВ,#GLOBAL_ECHO: МЕДАЛИ МИЛАНА-КОРТИНЫ 2026. ГЕОМЕТРИЯ СЛАВЫ.,,,Europe/Riga,,,
AC-31.01-21-00-NightReflection-TruthShine,2026/01/31/AC-31.01-21-00-NightReflection-TruthShine.md,2026-01-31,21:01,"Альманах-Мейн, Итоги Января, Тектоника, Генезис100",ГОТОВ,#NIGHT_REFLECTION: БЛЕСК ИСТИНЫ. ИТОГИ ЯНВАРСКОГО ЦИКЛА,,,Europe/Riga,,,
AC-31.01-22-00-VogueVisual-CrystalEdge,2026/01/31/AC-31.01-22-00-VogueVisual-CrystalEdge.md,2026-01-31,22:01,"Альманах-Мейн, Тектоника, Огранка, Генезис100",ГОТОВ,#VOGUE_VISUAL: ГРАНЬ КРИСТАЛЛА. ЭСТЕТИКА ПРЕЦИЗИОННОЙ ТЕКТОНИКИ,,,Europe/Riga,,,
NB-31.01-09-30-MarketDay-GrandBazaar,2026/01/31/NB-31.01-09-30-MarketDay-GrandBazaar.md,2026-01-31,09:01,"Альманах-Соседи, День Ювелира, Стамбул, Оракул, Генезис100",ГОТОВ,#MARKET_DAY: ЗОЛОТОЙ КАРКАС СТАМБУЛА. ЮВЕЛИРНЫЕ РЯДЫ ГРАНД-БАЗАРА,,,Europe/Riga,,,
NB-31.01-12-30-ArtifactCode-CrownSapphires,2026/01/31/NB-31.01-12-30-ArtifactCode-CrownSapphires.md,2026-01-31,12:01,"Альманах-Соседи, День Ювелира, Лондон, Оракул, Генезис100",ГОТОВ,#ARTIFACT_CODE: СИНИЙ ХОЛОД ИМПЕРИИ. САПФИРЫ БРИТАНСКОЙ КОРОНЫ,,,Europe/Riga,,,
NB-31.01-15-30-ExpertCuration-JewelryMuseums,2026/01/31/NB-31.01-15-30-ExpertCuration-JewelryMuseums.md,2026-01-31,15:01,"Альманах-Соседи, День Ювелира, Музеи, Наследие, Генезис100",ГОТОВ,#EXPERT_CURATION: ХРАНИТЕЛИ БЛЕСКА. ТОП-5 ЮВЕЛИРНЫХ СОКРОВИЩНИЦ МИРА,,,Europe/Riga,,,
NB-31.01-18-00-LegacyCode-Filigree,2026/01/31/NB-31.01-18-00-LegacyCode-Filigree.md,2026-01-31,18:01,"Альманах-Нейборс, Ювелирное искусство, Балканы, Восток, Visual Atlas",ГОТОВ,#LEGACY_CODE: СЕКРЕТЫ ФИЛИГРАНИ. КРУЖЕВО ИЗ МЕТАЛЛА.,,,Europe/Riga,,,
NB-31.01-18-30-CostumeDay-AmberRoad,2026/01/31/NB-31.01-18-30-CostumeDay-AmberRoad.md,2026-01-31,18:01,"Альманах-Соседи, День Ювелира, Балтика, ЯнтарныйПуть, Оракул, Генезис100",ГОТОВ,#COSTUME_DAY: СЛЁЗЫ СОСЕН. ЯНТАРНЫЙ ПУТЬ В НИТЯХ И КАМНЕ,,,Europe/Riga,,,
NB-31.01-21-30-FolkStoryNight-MistressMountain,2026/01/31/NB-31.01-21-30-FolkStoryNight-MistressMountain.md,2026-01-31,21:01,"Альманах-Соседи, День Ювелира, Урал, Сказы, Оракул, Генезис100",ГОТОВ,#FOLK_STORY_NIGHT: МАЛАХИТОВАЯ ТЕНЬ. ХОЗЯЙКА МЕДНОЙ ГОРЫ,,,Europe/Riga,,,
SW-31.01-10-00-SignatureCake-FabergeEgg,2026/01/31/SW-31.01-10-00-SignatureCake-FabergeEgg.md,2026-01-31,10:01,"Альманах-Сладости, День Ювелира, Генезис100",ГОТОВ,#SIGNATURE_CAKE: ШОКОЛАДНАЯ ИНЖЕНЕРИЯ. ОДА ПЕТРУ КАРЛУ ФАБЕРЖЕ,,,Europe/Riga,,,
SW-31.01-11-30-FlavorHorizon-HoneyTruffle,2026/01/31/SW-31.01-11-30-FlavorHorizon-HoneyTruffle.md,2026-01-31,11:01,"Альманах-Сладости, Горизонт Вкуса, Трюфель, Мед, Генезис100",ГОТОВ,#FLAVOR_PAIRING: ГОРИЗОНТ ВКУСА. ЗОЛОТОЙ МЕД И ЧЕРНЫЙ ТРЮФЕЛЬ,,,Europe/Riga,,,
SW-31.01-14-00-PastryTechnique-GoldVelour,2026/01/31/SW-31.01-14-00-PastryTechnique-GoldVelour.md,2026-01-31,14:01,"Альманах-Сладости, Золотой Велюр, Текстура, Алхимия, Генезис100",ГОТОВ,#PASTRY_TECHNIQUE: ЗОЛОТОЙ ВЕЛЮР. ТАКТИЛЬНАЯ МАГИЯ НАПЫЛЕНИЯ,,,Europe/Riga,,,
SW-31.01-18-00-LuxuryLore-ChocolateJewelry,2026/01/31/SW-31.01-18-00-LuxuryLore-ChocolateJewelry.md,2026-01-31,18:01,"Альманах-Сладости, Роскошь, Тоскана, Шоколад, Генезис100",ГОТОВ,#LUXURY_LORE: ШОКОЛАД КАК ДРАГОЦЕННОСТЬ. ЮВЕЛИРНЫЙ КОД AMEDEI,,,Europe/Riga,,,
SW-31.01-18-30-BalancePoint-Ethics,2026/01/31/SW-31.01-18-30-BalancePoint-Ethics.md,2026-01-31,18:01,"Альманах-Свит, Этика, Ингредиенты, Честный вкус, Visual Atlas",ГОТОВ,#BALANCE_POINT: ЦЕНА УДОВОЛЬСТВИЯ. ЭТИКА ЮВЕЛИРНОГО ДЕСЕРТА.,,,Europe/Riga,,,
SW-31.01-20-00-HedonistRitual-CrystalSplashes,2026/01/31/SW-31.01-20-00-HedonistRitual-CrystalSplashes.md,2026-01-31,20:01,"Альманах-Сладости, Хрусталь, Итоги, Алхимия, Генезис100",ГОТОВ,#HEDONIST_RITUAL: ХРУСТАЛЬ И БРЫЗГИ. ФИНАЛЬНЫЙ АККОРД ДНЯ ЮВЕЛИРА,,,Europe/Riga,,,
AC-01.02-08-30-Alchemy-Sync,2026/02/01/AC-01.02-08-30-Alchemy-Sync.md,2026-02-01,08:02,"Альманах-Мейн, Алхимия, Водолей, Архитектор, Генезис100",ГОТОВ,ALCHEMY OF SYNC: СОЛНЦЕ В ВОДОЛЕЕ. ТЕКТОНИКА ПЕРВОГО СВЕТА,,,Europe/Riga,,,
AC-01.02-09-00-SolarRite-Imbolc,2026/02/01/AC-01.02-09-00-SolarRite-Imbolc.md,2026-02-01,09:02,"Альманах-Мейн, ИМБОЛК, Солнечный Цикл, Архитектор, Генезис100",ГОТОВ,#SOLAR_RITE: ИМБОЛК. ТОЧКА ПРОБУЖДЕНИЯ И МОЛЕКУЛЯРНЫЙ СВЕТ,,,Europe/Riga,,,
AC-01.02-12-00-StateGenesis-Structure,2026/02/01/AC-01.02-12-00-StateGenesis-Structure.md,2026-02-01,12:02,"Альманах-Мейн, Независимость, Венгрия, Тектоника, Генезис100",ГОТОВ,#STATE_GENESIS: НЕЗАВИСИМОСТЬ И СТРУКТУРА. МОНОЛИТ ГОСУДАРСТВЕННОЙ ВОЛИ,,,Europe/Riga,,,
AC-01.02-15-00-MindJubilee-Heidegger,2026/02/01/AC-01.02-15-00-MindJubilee-Heidegger.md,2026-02-01,15:02,"Альманах-Мейн, Философия, Хайдеггер, Бытие, Тектоника, Генезис100",ГОТОВ,#MIND_JUBILEE: МАРТИН ХАЙДЕГГЕР. ТЕКТОНИКА БЫТИЯ И ВРЕМЕНИ,,,Europe/Riga,,,
AC-01.02-15-30-ExpertCuration-FireBooks,2026/02/01/AC-01.02-15-30-ExpertCuration-FireBooks.md,2026-02-01,15:02,"Альманах-Мейн, Имболк, Огонь, Архитектор, Генезис100",ГОТОВ,#EXPERT_CURATION: ХРАНИТЕЛИ ПЛАМЕНИ. ТОП-5 КНИГ ОБ ОГНЕ И ОЧИЩЕНИИ,,,Europe/Riga,,,
AC-01.02-18-00-GlobalEcho-OlympicFlame,2026/02/01/AC-01.02-18-00-GlobalEcho-OlympicFlame.md,2026-02-01,18:02,"Альманах-Мейн, Олимпиада2026, СакральныйОгонь, Архитектор, Генезис100",ГОТОВ,#GLOBAL_ECHO: ОЛИМПИЙСКИЙ ОГОНЬ. САКРАЛЬНАЯ ЭСТАФЕТА СТРУКТУР,,,Europe/Riga,,,
AC-01.02-21-00-NightReflection-SilenceFire,2026/02/01/AC-01.02-21-00-NightReflection-SilenceFire.md,2026-02-01,21:02,"Альманах-Мейн, Имболк, Тектоника, Генезис100",ГОТОВ,#NIGHT_REFLECTION: ОГОНЬ ТИШИНЫ. ИТОГИ ДНЯ ПРОБУЖДЕНИЯ,,,Europe/Riga,,,
AC-01.02-22-00-VogueVisual-FlameGeometry,2026/02/01/AC-01.02-22-00-VogueVisual-FlameGeometry.md,2026-02-01,22:02,"Альманах-Мейн, Тектоника, Имболк, Свет, Генезис100",ГОТОВ,#VOGUE_VISUAL: ГЕОМЕТРИЯ ПЛАМЕНИ. ВИЗУАЛЬНЫЙ МАНИФЕСТ ИМБОЛКА,,,Europe/Riga,,,
NB-01.02-09-30-FireFest-Brigid,2026/02/01/NB-01.02-09-30-FireFest-Brigid.md,2026-02-01,09:02,"Альманах-Соседи, Имболк, Ирландия, Огонь, Генезис100",ГОТОВ,#FIRE_FEST: ИМБОЛК. ОГНИ СВЯТОЙ БРИГИТТЫ,,,Europe/Riga,,,
NB-01.02-12-30-CraftTradition-MetalRite,2026/02/01/NB-01.02-12-30-CraftTradition-MetalRite.md,2026-02-01,12:02,"Альманах-Соседи, Имболк, КузнечноеДело, Оракул, Генезис100",ГОТОВ,#CRAFT_TRADITION: ОБРЯД МЕТАЛЛА. ДУША ИРЛАНДСКОЙ КУЗНИЦЫ,,,Europe/Riga,,,
NB-01.02-15-30-ExpertCuration-IrelandRoutes,2026/02/01/NB-01.02-15-30-ExpertCuration-IrelandRoutes.md,2026-02-01,15:02,"Альманах-Соседи, Ирландия, Путешествия, Генезис100",ГОТОВ,#EXPERT_CURATION: ИМБОЛК. ТОП-5 МАРШРУТОВ ИРЛАНДИИ,,,Europe/Riga,,,
NB-01.02-18-30-CostumeDay-Kilt,2026/02/01/NB-01.02-18-30-CostumeDay-Kilt.md,2026-02-01,18:02,"Альманах-Соседи, Килт, Тартан, Этнос, Генезис100",ГОТОВ,#COSTUME_DAY: КЛЕТЧАТЫЙ КОД. КИЛТ КАК СИМВОЛ СВОБОДЫ,,,Europe/Riga,,,
NB-01.02-21-30-FolkStoryNight-Fiddler,2026/02/01/NB-01.02-21-30-FolkStoryNight-Fiddler.md,2026-02-01,21:02,"Альманах-Соседи, Ирландия, Сказка, Мистика, Генезис100",ГОТОВ,#FOLK_STORY_NIGHT: СКРИПАЧ И ЭЛЬФЫ. МУЗЫКА ХОЛМОВ,,,Europe/Riga,,,
SW-01.02-10-00-SignatureCake-BakedAlaska,2026/02/01/SW-01.02-10-00-SignatureCake-BakedAlaska.md,2026-02-01,10:02,"Альманах-Сладкое, Меренга, Огонь, Имболк, Генезис100",ГОТОВ,"#SIGNATURE_CAKE: ТОРТ «АЛЯСКА». ХОЛОД СНАРУЖИ, ОГОНЬ ВНУТРИ",,,Europe/Riga,,,
SW-01.02-14-00-PastryTechnique-ItalianMeringue,2026/02/01/SW-01.02-14-00-PastryTechnique-ItalianMeringue.md,2026-02-01,14:02,"Альманах-Сладкое, Меренга, Техника, Генезис100",ГОТОВ,#PASTRY_TECHNIQUE: ИТАЛЬЯНСКАЯ МЕРЕНГА. ХИМИЯ ГЛЯНЦА,,,Europe/Riga,,,
SW-01.02-15-30-ExpertCuration-MilanPatisseries,2026/02/01/SW-01.02-15-30-ExpertCuration-MilanPatisseries.md,2026-02-01,15:02,"Альманах-Сладкое, Милан, Дизайн, Генезис100",ГОТОВ,#EXPERT_CURATION: TOP 5 КОНДИТЕРСКИХ МИЛАНА. ГЕОМЕТРИЯ ВКУСА,,,Europe/Riga,,,
SW-01.02-17-00-GastroHistory-BakedAlaska,2026/02/01/SW-01.02-17-00-GastroHistory-BakedAlaska.md,2026-02-01,17:02,"Альманах-Сладкое, История, Аляска, Нью-Йорк, Генезис100",ГОТОВ,#GASTRO_HISTORY: ТОРТ «АЛЯСКА». ДИПЛОМАТИЧЕСКИЙ ДЕСЕРТ,,,Europe/Riga,,,
SW-01.02-20-00-HedonistRitual-Cocoa,2026/02/01/SW-01.02-20-00-HedonistRitual-Cocoa.md,2026-02-01,20:02,"Альманах-Сладкое, Какао, Имболк, Уют, Генезис100",ГОТОВ,#HEDONIST_RITUAL: КАКАО У КАМИНА. ТЕПЛО КАК ФОРМА ИСКУССТВА,,,Europe/Riga,,,
AC-02.02-08-30-Alchemy-Sync,2026/02/02/AC-02.02-08-30-Alchemy-Sync.md,2026-02-02,08:02,"Альманах-Мейн, Луна, Рак, Защита, Генезис100",ГОТОВ,ALCHEMY OF SYNC: ЛУНА В РАКЕ. АРХИТЕКТУРА ВНУТРЕННЕГО УБЕЖИЩА,,,Europe/Riga,,,
AC-02.02-09-00-TimeTransition-Candlemas,2026/02/02/AC-02.02-09-00-TimeTransition-Candlemas.md,2026-02-02,09:02,"Альманах-Мейн, Сретение, Свет, Время, Генезис100",ГОТОВ,#TIME_TRANSITION: СРЕТЕНИЕ. КОД СВЕЧИ И ВСТРЕЧА ЭПОХ,,,Europe/Riga,,,
AC-02.02-12-00-LawFoundation-RomanLaw,2026/02/02/AC-02.02-12-00-LawFoundation-RomanLaw.md,2026-02-02,12:02,"Альманах-Мейн, Право, Рим, Структура, Генезис100",ГОТОВ,#LAW_FOUNDATION: РИМСКОЕ ПРАВО. МОНОЛИТ ЦИВИЛИЗАЦИИ,,,Europe/Riga,,,
AC-02.02-15-00-SpaceMilestone-MirStation,2026/02/02/AC-02.02-15-00-SpaceMilestone-MirStation.md,2026-02-02,15:02,"Альманах-Мейн, Космос, Мир, Архитектура, Генезис100",ГОТОВ,#SPACE_MILESTONE: СТАНЦИЯ «МИР». ОРБИТАЛЬНЫЙ ДОМ,,,Europe/Riga,,,
AC-02.02-18-00-LegacyCode-HomeWard,2026/02/02/AC-02.02-18-00-LegacyCode-HomeWard.md,2026-02-02,18:02,"Альманах-Мейн, Дом, Защита, Ритуал, Генезис100",ГОТОВ,#LEGACY_CODE: РИТУАЛ ОБЕРЕГА ДОМА. АРХИТЕКТУРА ГРАНИЦ,,,Europe/Riga,,,
AC-02.02-21-00-NightReflection-CandleLight,2026/02/02/AC-02.02-21-00-NightReflection-CandleLight.md,2026-02-02,21:02,"Альманах-Мейн, Сретение, Свет, Тишина, Генезис100",ГОТОВ,#NIGHT_REFLECTION: СВЕТ СВЕЧИ. ФИЛОСОФИЯ МАЛОГО ОГНЯ,,,Europe/Riga,,,
NB-02.02-09-30-OracleOmen-GroundhogDay,2026/02/02/NB-02.02-09-30-OracleOmen-GroundhogDay.md,2026-02-02,09:02,"Альманах-Соседи, ДеньСурка, Руны, Генезис100",ГОТОВ,#ORACLE_OMEN: ДЕНЬ СУРКА. НАРОДНЫЙ ОРАКУЛ И ТЕНЬ,,,Europe/Riga,,,
NB-02.02-12-30-WaterBlessing-Setsubun,2026/02/02/NB-02.02-12-30-WaterBlessing-Setsubun.md,2026-02-02,12:02,"Альманах-Соседи, Япония, Сетсубун, Очищение, Генезис100",ГОТОВ,#WATER_BLESSING: СЕТСУБУН. ИЗГНАНИЕ ДЕМОНОВ В ТОКИО,,,Europe/Riga,,,
NB-02.02-18-30-GlobalEcho-OlympicCostume,2026/02/02/NB-02.02-18-30-GlobalEcho-OlympicCostume.md,2026-02-02,18:02,"Альманах-Соседи, Олимпиада2026, Костюм, Милан, Генезис100",ГОТОВ,#GLOBAL_ECHO: ЭТНО-КОД ОЛИМПИАДЫ 2026. МОДА КАК ПАСПОРТ,,,Europe/Riga,,,
NB-02.02-21-30-FolkStoryNight-OniDemons,2026/02/02/NB-02.02-21-30-FolkStoryNight-OniDemons.md,2026-02-02,21:02,"Альманах-Соседи, Япония, Мифология, Тень, Генезис100",ГОТОВ,"#FOLK_STORY_NIGHT: ДЕМОНЫ ОНИ. ТЕНИ, КОТОРЫЕ МЫ КОРМИМ",,,Europe/Riga,,,
NB-02.02-22-00-VogueVisual-OniEyes,2026/02/02/NB-02.02-22-00-VogueVisual-OniEyes.md,2026-02-02,22:02,"Альманах-Соседи, Япония, Они, Визуал, Генезис100",ГОТОВ,#VOGUE_VISUAL: ГЛАЗА ЯПОНСКОГО ДЕМОНА. ТЕКСТУРА ТЕНИ,,,Europe/Riga,,,
SW-02.02-10-00-TraditionRecipe-CrepeSuzette,2026/02/02/SW-02.02-10-00-TraditionRecipe-CrepeSuzette.md,2026-02-02,10:02,"Альманах-Сладкое, Сретение, Франция, Фламбе, Генезис100",ГОТОВ,#TRADITION_RECIPE: КРЕП СЮЗЕТТ. ЗОЛОТОЕ СВЕТИЛО НА ТАРЕЛКЕ,,,Europe/Riga,,,
SW-02.02-14-00-TextureSync-CrepeCrisp,2026/02/02/SW-02.02-14-00-TextureSync-CrepeCrisp.md,2026-02-02,14:02,"Альманах-Сладкое, Крисп, Соус, Контраст, Генезис100",ГОТОВ,#TEXTURE_SYNC: ХРУСТЯЩИЕ КРАЯ VS КАРАМЕЛЬНЫЙ ГЛЯНЕЦ,,,Europe/Riga,,,
SW-02.02-18-30-LegacyCode-PerfectPancakes,2026/02/02/SW-02.02-18-30-LegacyCode-PerfectPancakes.md,2026-02-02,18:02,"Альманах-Сладкое, Блины, Традиция, Франция, Генезис100",ГОТОВ,#LEGACY_CODE: СЕКРЕТ ИДЕАЛЬНЫХ БЛИНОВ. НАСЛЕДИЕ LA CHANDELEUR,,,Europe/Riga,,,
SW-02.02-20-00-CaffeinePair-EarlGrey,2026/02/02/SW-02.02-20-00-CaffeinePair-EarlGrey.md,2026-02-02,20:02,"Альманах-Сладкое, Чай, Бергамот, Сретение, Генезис100",ГОТОВ,#CAFFEINE_PAIR: ЧАЙ ЕРЛ ГРЕЙ. ТЕРПКОСТЬ И БЕРГАМОТОВЫЙ ШЛЕЙФ,,,Europe/Riga,,,
AC-03.02-08-00-GlobalEventRadar-Holidays,2026/02/03/AC-03.02-08-00-GlobalEventRadar-Holidays.md,2026-02-03,08:02,"Альманах-Мейн, Календарь, Архитектор, Генезис100",ГОТОВ,#GLOBAL_EVENT_RADAR: ТЕКТОНИКА ПРАЗДНИКОВ. ДАЙДЖЕСТ 03 ФЕВРАЛЯ,,,Europe/Riga,,,
AC-03.02-08-30-Alchemy-Sync,2026/02/03/AC-03.02-08-30-Alchemy-Sync.md,2026-02-03,08:02,"Альманах-Мейн, Марс, Квадрат, Структура, Генезис100",ГОТОВ,#ALCHEMY_OF_SYNC: КВАДРАТ МАРСА. ТЕКТОНИКА ДЕЙСТВИЯ,,,Europe/Riga,,,
AC-03.02-09-00-ArchitectMemory-AlvarAalto,2026/02/03/AC-03.02-09-00-ArchitectMemory-AlvarAalto.md,2026-02-03,09:02,"Альманах-Мейн, АлварАалто, Свет, Модернизм, Генезис100",ГОТОВ,#ARCHITECT_MEMORY: АЛВАР ААЛТО. ГУМАНИЗМ СВЕТА И ОРГАНИЧЕСКИЙ МОНОЛИТ,,,Europe/Riga,,,
AC-03.02-12-00-StateGenesis-FlagSacredness,2026/02/03/AC-03.02-12-00-StateGenesis-FlagSacredness.md,2026-02-03,12:02,"Альманах-Мейн, Генезис, Флаг, Власть, Генезис100",ГОТОВ,#STATE_GENESIS: САКРАЛЬНОСТЬ ФЛАГА. ВЕРТИКАЛЬНАЯ ОСЬ СУВЕРЕНИТЕТА,,,Europe/Riga,,,
AC-03.02-15-00-ScienceRevelation-DigitalInitialization,2026/02/03/AC-03.02-15-00-ScienceRevelation-DigitalInitialization.md,2026-02-03,15:02,"Альманах-Архитектор, Технологии, V8, Инициализация",ГОТОВ,#SCIENCE_REVELATION: ЦИФРОВАЯ ИНИЦИАЛИЗАЦИЯ. АРХИТЕКТУРА ПЕРВОГО ШАГА.,,,Europe/Riga,,,
AC-03.02-15-00-ScienceRevelation-GeneticCode,2026/02/03/AC-03.02-15-00-ScienceRevelation-GeneticCode.md,2026-02-03,15:02,"Альманах-Мейн, Генетика, Архитектура, Биология, Генезис100",ГОТОВ,#SCIENCE_REVELATION: ГЕНЕТИЧЕСКИЙ КОД. ПЕРВОНАЧАЛЬНЫЙ ЧЕРТЕЖ МАТЕРИИ,,,Europe/Riga,,,
AC-03.02-18-00-LuxuryLore-HermesCode,2026/02/03/AC-03.02-18-00-LuxuryLore-HermesCode.md,2026-02-03,18:02,"Альманах-Мейн, Hermes, ИсторияЛюкса, Тектоника, Генезис100",ГОТОВ,#LUXURY_LORE: КОД HERMES. ИНЖЕНЕРИЯ ПРЕСТИЖА И ГЕОМЕТРИЯ ГЛЯНЦА,,,Europe/Riga,,,
AC-03.02-18-00-LuxuryLore-OpenSSL-GitHub,2026/02/03/AC-03.02-18-00-LuxuryLore-OpenSSL-GitHub.md,2026-02-03,18:02,"Альманах-Архитектор, OpenSSL, GitHub, Асинхронность, Безопасность",ГОТОВ,#LUXURY_LORE: OPENSSL И GITHUB. ЦИФРОВОЙ КОД БЕЗОПАСНОСТИ.,,,Europe/Riga,,,
AC-03.02-21-00-NightReflection-SleepDesign,2026/02/03/AC-03.02-21-00-NightReflection-SleepDesign.md,2026-02-03,21:02,"Альманах-Мейн, Сон, Тектоника, Психогеометрия, Генезис100",ГОТОВ,#NIGHT_REFLECTION: ПРОЕКТИРОВАНИЕ СНА. АРХИТЕКТУРА ПОДСОЗНАТЕЛЬНОГО,,,Europe/Riga,,,
NB-03.02-09-30-CarnivalRite-Ivrea,2026/02/03/NB-03.02-09-30-CarnivalRite-Ivrea.md,2026-02-03,09:02,"Альманах-Соседи, Италия, Иврея, Карнавал, Генезис100",ГОТОВ,#CARNIVAL_RITE: ИВРЕЯ. АПЕЛЬСИНОВЫЙ БУНТ И ТЕКТОНИКА СВОБОДЫ,,,Europe/Riga,,,
NB-03.02-12-30-MaskFestival-RebellionMorphology,2026/02/03/NB-03.02-12-30-MaskFestival-RebellionMorphology.md,2026-02-03,12:02,"Альманах-Соседи, Италия, Венеция, Маска, Генезис100",ГОТОВ,#MASK_FESTIVAL: МОРФОЛОГИЯ ВОССТАНИЯ. ТЕКТОНИКА СКРЫТОГО ЛИЦА,,,Europe/Riga,,,
NB-03.02-18-30-VoiceOfStreet-Piedmont,2026/02/03/NB-03.02-18-30-VoiceOfStreet-Piedmont.md,2026-02-03,18:02,"Альманах-Соседи, Италия, Пьемонт, Традиции, Генезис100",ГОТОВ,#VOICE_OF_STREET: ПЬЕМОНТ. ШЕПОТ ТРАДИЦИЙ В ТУМАНЕ ТУРИНА,,,Europe/Riga,,,
NB-03.02-21-30-FolkStoryNight-MillersDaughter,2026/02/03/NB-03.02-21-30-FolkStoryNight-MillersDaughter.md,2026-02-03,21:02,"Альманах-Соседи, Германия, Сказка, Ветер, Генезис100",ГОТОВ,#FOLK_STORY_NIGHT: ДОЧЬ МЕЛЬНИКА. МЕЛОДИЯ ЖЕРНОВОВ И ТАЙНА ВЕТРА,,,Europe/Riga,,,
SW-03.02-10-00-IngredientFocus-Carrot,2026/02/03/SW-03.02-10-00-IngredientFocus-Carrot.md,2026-02-03,10:02,"Альманах-Сладкое, Морковь, Текстура, Генезис100",ГОТОВ,#INGREDIENT_FOCUS: МОРКОВЬ. ЗЕМНОЕ ЗОЛОТО И КУЛИНАРНЫЙ ШИФР,,,Europe/Riga,,,
SW-03.02-14-00-SignatureCake-CarrotSpiced,2026/02/03/SW-03.02-14-00-SignatureCake-CarrotSpiced.md,2026-02-03,14:02,"Альманах-Сладкое, Морковь, Специи, Сретение, Генезис100",ГОТОВ,#SIGNATURE_CAKE: МОРКОВНЫЙ ТОРТ. ПРЯНАЯ АЛХИМИЯ ЗЕМЛИ,,,Europe/Riga,,,
SW-03.02-18-30-GlobalEcho-OlympicBars,2026/02/03/SW-03.02-18-30-GlobalEcho-OlympicBars.md,2026-02-03,18:02,"Альманах-Сладкое, Олимпиада2026, Энергия, Текстура, Генезис100",ГОТОВ,#GLOBAL_ECHO: ОЛИМПИЙСКИЕ ЭНЕРГО-БАТОНЧИКИ. АРХИТЕКТУРА ВЫНОСЛИВОСТИ,,,Europe/Riga,,,
SW-03.02-20-00-SweetDream-Almond,2026/02/03/SW-03.02-20-00-SweetDream-Almond.md,2026-02-03,20:02,"Альманах-Сладкое, Миндаль, Вена, Марципан, Генезис100",ГОТОВ,#SWEET_DREAM: СОН О МИНДАЛЕ. МОЛЕКУЛЯРНАЯ ПАМЯТЬ МАРЦИПАНА,,,Europe/Riga,,,
AC-04.02-08-00-GlobalEventRadar-Holidays,2026/02/04/AC-04.02-08-00-GlobalEventRadar-Holidays.md,2026-02-04,08:02,"Альманах-Мейн, Календарь, Архитектор, Генезис100",ГОТОВ,#GLOBAL_EVENT_RADAR: ТЕКТОНИКА ПРАЗДНИКОВ. ДАЙДЖЕСТ 04 ФЕВРАЛЯ,,,Europe/Riga,,,
AC-04.02-08-30-Alchemy-Sync,2026/02/04/AC-04.02-08-30-Alchemy-Sync.md,2026-02-04,08:02,"Альманах-Мейн, Астро, Финансы, Генезис100",ГОТОВ,#ALCHEMY_OF_SYNC: ЮПИТЕР В ТЕЛЬЦЕ. СТАБИЛЬНОСТЬ И РОСТ,,,Europe/Riga,,,
AC-04.02-09-00-LawFoundation-MagnaCarta,2026/02/04/AC-04.02-09-00-LawFoundation-MagnaCarta.md,2026-02-04,09:02,"Альманах-Мейн, Право, История, Генезис100",ГОТОВ,#LAW_FOUNDATION: ВЕЛИКАЯ ХАРТИЯ. АРХИТЕКТУРА ВОЛИ,,,Europe/Riga,,,
AC-04.02-12-00-SystemReformDate-Bauhaus,2026/02/04/AC-04.02-12-00-SystemReformDate-Bauhaus.md,2026-02-04,12:02,"Альманах-Мейн, Баухауз, Архитектор, Генезис100, Grade S",ГОТОВ,#SYSTEM_REFORM_DATE: БАУХАУЗ. АРХИТЕКТУРА НОВОГО МИРА,,,Europe/Riga,,,
AC-04.02-15-00-MindJubilee-BauhausPhilosophy,2026/02/04/AC-04.02-15-00-MindJubilee-BauhausPhilosophy.md,2026-02-04,15:02,"Альманах-Мейн, Баухауз, Архитектор, Генезис100",ГОТОВ,#MIND_JUBILEE: ФИЛОСОФИЯ БАУХАУЗА. УМЕНИЕ ВИДЕТЬ СКЕЛЕТ МИРА,,,Europe/Riga,,,
AC-04.02-18-00-VoiceOfStreet-Berlin,2026/02/04/AC-04.02-18-00-VoiceOfStreet-Berlin.md,2026-02-04,18:02,"Альманах-Мейн, Берлин, Минимализм, Баухауз, Генезис100",ГОТОВ,#VOICE_OF_STREET: БЕРЛИН. МИНИМАЛИЗМ КАК СОПРОТИВЛЕНИЕ ХАОСУ,,,Europe/Riga,,,
AC-04.02-21-00-NightReflection-Labyrinths,2026/02/04/AC-04.02-21-00-NightReflection-Labyrinths.md,2026-02-04,21:02,"Альманах-Мейн, Анализ, Пойа, Генезис100",ГОТОВ,#NIGHT_REFLECTION: ЛАБИРИНТЫ МЫСЛИ. ВЫХОД ЧЕРЕЗ АНАЛИЗ,,,Europe/Riga,,,
NB-04.02-09-30-HarvestFeast-LichunRice,2026/02/04/NB-04.02-09-30-HarvestFeast-LichunRice.md,2026-02-04,09:02,"Альманах-Соседи, Вьетнам, Личунь, Рис, Генезис100",ГОТОВ,#HARVEST_FEAST: ПРАЗДНИК РИСА. ЛИЧУНЬ И МАГИЯ ПЕРВОГО ЗЕРНА,,,Europe/Riga,,,
NB-04.02-12-30-AnimalPatronDay-Elephants,2026/02/04/NB-04.02-12-30-AnimalPatronDay-Elephants.md,2026-02-04,12:02,"Альманах-Соседи, ШриЛанка, Слоны, Генезис100",ГОТОВ,#ANIMAL_PATRON_DAY: СЛОНЫ ШРИ-ЛАНКИ. ЖИВЫЕ ХРАМЫ ОСТРОВА,,,Europe/Riga,,,
NB-04.02-18-30-LegacyCode-Sari,2026/02/04/NB-04.02-18-30-LegacyCode-Sari.md,2026-02-04,18:02,"Альманах-Соседи, Индия, Ткань, Генезис100",ГОТОВ,#LEGACY_CODE: ИСКУССТВО САРИ. ДНК ТКАНИ,,,Europe/Riga,,,
NB-04.02-21-30-FolkStoryNight-TeaWhisper,2026/02/04/NB-04.02-21-30-FolkStoryNight-TeaWhisper.md,2026-02-04,21:02,"Альманах-Соседи, ШриЛанка, Чай, Легенда, Генезис100",ГОТОВ,#FOLK_STORY_NIGHT: ШЕПОТ ЧАЙНОЙ ПЛАНТАЦИИ. ДУХИ ЗЕЛЕНОГО ЛИСТА,,,Europe/Riga,,,
SW-04.02-10-00-SeasonalSweet-CoconutPudding,2026/02/04/SW-04.02-10-00-SeasonalSweet-CoconutPudding.md,2026-02-04,10:02,"Альманах-Сладкое, Таиланд, Личунь, Генезис100",ГОТОВ,#SEASONAL_SWEET: КОКОСОВЫЙ ПУДИНГ. ТРОПИЧЕСКАЯ ВЕСНА ЛИЧУНЬ,,,Europe/Riga,,,
SW-04.02-14-00-MolecularLab-Spherification,2026/02/04/SW-04.02-14-00-MolecularLab-Spherification.md,2026-02-04,14:02,"Альманах-Сладкое, МолекулярнаяКухня, Сфера, Генезис100",ГОТОВ,#MOLECULAR_LAB: СФЕРИФИКАЦИЯ СОКА. ИНЖЕНЕРИЯ КАПЛИ,,,Europe/Riga,,,
SW-04.02-18-30-VoiceOfStreet-ParisVegan,2026/02/04/SW-04.02-18-30-VoiceOfStreet-ParisVegan.md,2026-02-04,18:02,"Альманах-Сладкое, Париж, Веган, Генезис100",ГОТОВ,#VOICE_OF_STREET: ПАРИЖ. НОВАЯ СЛАДОСТЬ БЕЗ ГРЕХА,,,Europe/Riga,,,
SW-04.02-20-00-CaffeinePair-MatchaLatte,2026/02/04/SW-04.02-20-00-CaffeinePair-MatchaLatte.md,2026-02-04,20:02,"Альманах-Сладкое, Япония, Матча, Энергия, Генезис100",ГОТОВ,#CAFFEINE_PAIR: МАТЧА-ЛАТТЕ. ЗЕЛЕНАЯ ЭНЕРГИЯ ДЛЯ МОЗГА,,,Europe/Riga,,,
SW-04.02-22-00-VogueVisual-CoconutGloss,2026/02/04/SW-04.02-22-00-VogueVisual-CoconutGloss.md,2026-02-04,22:02,"Альманах-Сладкое, Текстура, Белый, Генезис100",ГОТОВ,#VOGUE_VISUAL: БЛЕСК КОКОСОВОГО МОЛОКА. ГЛЯНЕЦ И ТЕКСТУРА,,,Europe/Riga,,,
AC-05.02-08-00-Global-Radar,2026/02/05/AC-05.02-08-00-Global-Radar.md,2026-02-05,08:02,"Альманах-Мейн, Радар, Генезис100",ГОТОВ,#GLOBAL_EVENT_RADAR: ДАЙДЖЕСТ 05.02. ТЕКТОНИКА ПАМЯТИ И ТИШИНЫ,,,Europe/Riga,,,
AC-05.02-08-30-Alchemy-Saturn,2026/02/05/AC-05.02-08-30-Alchemy-Saturn.md,2026-02-05,08:02,"Альманах-Мейн, Астро, Сатурн, Генезис100",ГОТОВ,#ALCHEMY_OF_SYNC: САТУРН В РЫБАХ. ТЕКТОНИКА ГЛУБИНЫ,,,Europe/Riga,,,
AC-05.02-09-00-Burroughs-V2,2026/02/05/AC-05.02-09-00-Burroughs-V2.md,2026-02-05,09:02,"Альманах-Мейн, Берроуз, Генезис100, Visual Atlas",ГОТОВ,#MIND_JUBILEE: УИЛЬЯМ БЕРРОУЗ. ВИРУС ЯЗЫКА И ТЕКТОНИКА КОНТРОЛЯ,,,Europe/Riga,,,
AC-05.02-09-00-MindJubilee-Burroughs,2026/02/05/AC-05.02-09-00-MindJubilee-Burroughs.md,2026-02-05,09:02,"Альманах-Мейн, Берроуз, Лингвистика, Генезис100",ГОТОВ,#MIND_JUBILEE: УИЛЬЯМ БЕРРОУЗ. ЯЗЫК КАК ВИРУС ИЗ КОСМОСА,,,Europe/Riga,,,
AC-05.02-12-00-Cathedral-Anniversary,2026/02/05/AC-05.02-12-00-Cathedral-Anniversary.md,2026-02-05,12:02,"Альманах-Мейн, Милан, Архитектура, Генезис100, Grade S",ГОТОВ,#CATHEDRAL_ANNIVERSARY: МИЛАНСКИЙ СОБОР. ВЕРТИКАЛЬ К БОГУ,,,Europe/Riga,,,
AC-05.02-15-00-Symbolism-Keys,2026/02/05/AC-05.02-15-00-Symbolism-Keys.md,2026-02-05,15:02,"Альманах-Мейн, Символизм, Ключи, Генезис100",ГОТОВ,#SYMBOLISM: КЛЮЧИ. АРХИТЕКТУРА ДОСТУПА И ТАЙНЫ,,,Europe/Riga,,,
AC-05.02-18-00-Global-Echo-Olympics,2026/02/05/AC-05.02-18-00-Global-Echo-Olympics.md,2026-02-05,18:02,"Альманах-Мейн, Олимпиада, Милан, Архитектура, Генезис100",ГОТОВ,#GLOBAL_ECHO: ОЛИМПИАДА 2026. АРХИТЕКТУРА ПОБЕДЫ В МИЛАНЕ,,,Europe/Riga,,,
AC-05.02-21-00-NightReflection-Silence,2026/02/05/AC-05.02-21-00-NightReflection-Silence.md,2026-02-05,21:02,"Альманах-Мейн, Рефлексия, Тишина, Генезис100",ГОТОВ,#NIGHT_REFLECTION: ВЕЧЕРНЯЯ ТИШИНА. АРХИТЕКТУРА ПАУЗЫ,,,Europe/Riga,,,
AC-05.02-22-00-Vogue-Visual-Metal-Glass,2026/02/05/AC-05.02-22-00-Vogue-Visual-Metal-Glass.md,2026-02-05,22:02,"Альманах-Мейн, Текстура, Металл, Стекло, Генезис100",ГОТОВ,#VOGUE_VISUAL: МЕТАЛЛ И СТЕКЛО. ГЕОМЕТРИЯ ХОЛОДНОГО БЛЕСКА,,,Europe/Riga,,,
NB-05.02-09-30-WorldTradition-Runeberg,2026/02/05/NB-05.02-09-30-WorldTradition-Runeberg.md,2026-02-05,09:02,"Альманах-Соседи, Финляндия, Рунеберг, Генезис100",ГОТОВ,"#WORLD_TRADITION: ДЕНЬ РУНЕБЕРГА. ПОЭЗИЯ, САХАР И ФИНСКИЙ МОНОЛИТ",,,Europe/Riga,,,
NB-05.02-12-30-ArtifactCode-Window,2026/02/05/NB-05.02-12-30-ArtifactCode-Window.md,2026-02-05,12:02,"Альманах-Соседи, Север, Фольклор, Генезис100",ГОТОВ,#ARTIFACT_CODE: ОКНО КАК ПОРОГ. САКРАЛЬНЫЙ ВЗГЛЯД СЕВЕРА,,,Europe/Riga,,,
NB-05.02-18-30-LuxuryLore-Cashmere,2026/02/05/NB-05.02-18-30-LuxuryLore-Cashmere.md,2026-02-05,18:02,"Альманах-Соседи, Кашмир, Кашемир, Генезис100",ГОТОВ,#LUXURY_LORE: КАШЕМИР. МЯГКОЕ ЗОЛОТО ГИМАЛАЕВ,,,Europe/Riga,,,
NB-05.02-21-30-FolkStory-Kalevala,2026/02/05/NB-05.02-21-30-FolkStory-Kalevala.md,2026-02-05,21:02,"Альманах-Соседи, Финляндия, Калевала, Миф, Генезис100",ГОТОВ,#FOLK_STORY_NIGHT: КАЛЕВАЛА. РОЖДЕНИЕ МИРА ИЗ ЯЙЦА И ТЕРПЕНИЯ,,,Europe/Riga,,,
SW-05.02-10-00-GastroHistory-Nutella,2026/02/05/SW-05.02-10-00-GastroHistory-Nutella.md,2026-02-05,10:02,"Альманах-Свит, Пьемонт, Джандуйя, Visual Atlas",ГОТОВ,#GASTRO_HISTORY: АЛХИМИЯ ДЕФИЦИТА. КАК РОДИЛАСЬ NUTELLA,,,Europe/Riga,,,
SW-05.02-14-00-PastryTechnique-Ganache,2026/02/05/SW-05.02-14-00-PastryTechnique-Ganache.md,2026-02-05,14:02,"Альманах-Свит, Шоколад, Эмульсия, Visual Atlas",ГОТОВ,#PASTRY_TECHNIQUE: ГЛЯНЦЕВЫЙ ГАНАШ. ИНЖЕНЕРИЯ ЭМУЛЬСИИ,,,Europe/Riga,,,
SW-05.02-18-30-BalancePoint-Sugar,2026/02/05/SW-05.02-18-30-BalancePoint-Sugar.md,2026-02-05,18:02,"Альманах-Свит, ГликемическийИндекс, Visual Atlas",ГОТОВ,#BALANCE_POINT: АРХИТЕКТУРА СЛАДОСТИ. САХАР VS ЭТИКА ВКУСА,,,Europe/Riga,,,
SW-05.02-20-00-HedonistRitual-FirstSpoon,2026/02/05/SW-05.02-20-00-HedonistRitual-FirstSpoon.md,2026-02-05,20:02,"Альманах-Свит, ASMR, Инсайд, Visual Atlas",ГОТОВ,#HEDONIST_RITUAL: АЛХИМИЯ ПЕРВОГО КАСАНИЯ. ТЕКСТУРНЫЙ РЕЗОНАНС,,,Europe/Riga,,,
SW-05.02-22-00-VogueVisual-Hazelnut,2026/02/05/SW-05.02-22-00-VogueVisual-Hazelnut.md,2026-02-05,22:02,"Альманах-Свит, Фундук, Макро, Текстуры, Visual Atlas",ГОТОВ,#VOGUE_VISUAL: ТЕМНЫЙ БАРХАТ ФУНДУКА. МИКРО-ТОПОГРАФИЯ.,,,Europe/Riga,,,
AC-06.02-08-00-GlobalRadar,2026/02/06/AC-06.02-08-00-GlobalRadar.md,2026-02-06,08:02,"Альманах-Мейн, Милан2026, Вайтанги, Wright, Visual Atlas",ГОТОВ,#GLOBAL_EVENT_RADAR: ТЕКТОНИКА ИГР И САкральный РИТМ МАОРІ,,,Europe/Riga,,,
AC-06.02-08-30-AlchemyOfSync-OlympicFire,2026/02/06/AC-06.02-08-30-AlchemyOfSync-OlympicFire.md,2026-02-06,08:02,"Альманах-Мейн, Марс-Овен, Милан2026, Visual Atlas",ГОТОВ,#ALCHEMY_OF_SYNC: ОЛИМПИЙСКИЙ ОГОНЬ. АСТРО-ПУЛЬС ИНИЦИАЦИИ,,,Europe/Riga,,,
AC-06.02-09-00-GlobalUnity,2026/02/06/AC-06.02-09-00-GlobalUnity.md,2026-02-06,09:02,"OmniCore V33.0, BIM-оптимизация, Ezra Stoller Style",ГОТОВ,#GLOBAL_UNITY_DAY: АРХИТЕКТУРА ЕДИНСТВА. МИЛАН 2026,,,Europe/Riga,,,
AC-06.02-12-00-ArchitectMemory-Wright,2026/02/06/AC-06.02-12-00-ArchitectMemory-Wright.md,2026-02-06,12:02,"Альманах-Мейн, ОрганическаяАрхитектура, Wright, Visual Atlas",ГОТОВ,#ARCHITECT_MEMORY: ФРЭНК ЛЛОЙД РАЙТ. ТЕКТОНИКА ПРИРОДЫ,,,Europe/Riga,,,
AC-06.02-15-00-SpaceMilestone-Moon,2026/02/06/AC-06.02-15-00-SpaceMilestone-Moon.md,2026-02-06,15:02,"Альманах-Мейн, Apollo14, ArtemisII, ТектоникаЛуны, Visual Atlas",ГОТОВ,#SPACE_MILESTONE: ЛУННАЯ ГОНКА. ОТ APOLLO 14 К СЕТЯМ ARTEMIS II,,,Europe/Riga,,,
AC-06.02-18-00-VogueVisual-Gold,2026/02/06/AC-06.02-18-00-VogueVisual-Gold.md,2026-02-06,18:02,"Альманах-Мейн, Золото, Милан2026, Тектоника, Visual Atlas",ГОТОВ,#VOGUE_VISUAL: ТЕКТОНИКА ЗОЛОТА. ИЕРАРХИЯ БЛЕСКА В МИЛАНЕ,,,Europe/Riga,,,
AC-06.02-21-00-NightReflection-OlympicFire,2026/02/06/AC-06.02-21-00-NightReflection-OlympicFire.md,2026-02-06,21:02,"Альманах-Мейн, Милан2026, ТектоникаТишины, Visual Atlas",ГОТОВ,#NIGHT_REFLECTION: ОГОНЬ ИГР. АРХИТЕКТУРА УГАСАЮЩЕЙ СУЕТЫ,,,Europe/Riga,,,
NB-06.02-09-30-WaitangiDay,2026/02/06/NB-06.02-09-30-WaitangiDay.md,2026-02-06,09:02,"Альманах-Нейборс, Маори, Руны, Visual Atlas",ГОТОВ,#VILLAGE_FOUNDATION: ДОГОВОР ВАЙТАНГИ. САКРАЛЬНЫЙ УЗЕЛ МАОРИ,,,Europe/Riga,,,
NB-06.02-12-30-TaMoko,2026/02/06/NB-06.02-12-30-TaMoko.md,2026-02-06,12:02,"Альманах-Нейборс, Маори, Та-моко, Visual Atlas",ГОТОВ,#CRAFT_TRADITION: ТА-МОКО. ИСКУССТВО РЕЗЬБЫ ПО ЖИВОЙ ПЛОТИ,,,Europe/Riga,,,
NB-06.02-14-00-OlympicVibe-Start,2026/02/06/NB-06.02-14-00-OlympicVibe-Start.md,2026-02-06,14:02,"Олимпиада, Милан, Керлинг, Фигурка",ГОТОВ (VISUAL LAYOUT V3.0 - TRAVEL LOG),#OLYMPIC_VIBE: ТИХИЙ СТАРТ. ПЕРВЫЕ ПОБЕДЫ.,,,Europe/Riga,,,
NB-06.02-15-30-FolkStory-Islands,2026/02/06/NB-06.02-15-30-FolkStory-Islands.md,2026-02-06,15:02,"Альманах-Нейборс, Маори, Maui, Традиция, Visual Atlas",ГОТОВ,#FOLK_STORY_NIGHT: СОЗДАНИЕ ОСТРОВОВ. ВЕЛИКАЯ РЫБА МАУИ,,,Europe/Riga,,,
NB-06.02-18-30-CostumeDay-Tapa,2026/02/06/NB-06.02-18-30-CostumeDay-Tapa.md,2026-02-06,18:02,"Альманах-Нейборс, Тапа, Полинезия, Эко-стиль, Visual Atlas",ГОТОВ,"#COSTUME_DAY: ТКАНИ ОКЕАНИИ. ТАПА - ОДЕЖДА, КОТОРАЯ РАСТЕТ НА ДЕРЕВЬЯХ",,,Europe/Riga,,,
NB-06.02-21-00-OlympicVibe-Opening,2026/02/06/NB-06.02-21-00-OlympicVibe-Opening.md,2026-02-06,21:02,"Олимпиада, Милан, ЖивойРепортаж",ГОТОВ (VISUAL LAYOUT V3.0 - TRAVEL LOG),#OLYMPIC_VIBE: МИЛАН В ОГНЕ. СТАРТ XXV ЗИМНИХ ИГР.,,,Europe/Riga,,,
NB-06.02-21-30-VibeCheck-Haka,2026/02/06/NB-06.02-21-30-VibeCheck-Haka.md,2026-02-06,21:02,"Альманах-Нейборс, Хака, Ка Мате, Энергия, Visual Atlas",ГОТОВ,"#GLOBAL_VIBE_CHECK: ГАКА. РИТМ, ПОДНИМАЮЩИЙ МЕРТВЫХ",,,Europe/Riga,,,
NB-06.02-22-30-OlympicVibe-Recap,2026/02/06/NB-06.02-22-30-OlympicVibe-Recap.md,2026-02-06,22:02,"Олимпиада, Милан, Кортина, Рекап",ГОТОВ (VISUAL LAYOUT V3.0 - TRAVEL LOG),#OLYMPIC_VIBE: ЦЕРЕМОНИЯ ОТКРЫТИЯ. ГАРМОНИЯ ДВУХ ОГНЕЙ.,,,Europe/Riga,,,
SW-06.02-10-00-SignatureCake-PannaCotta,2026/02/06/SW-06.02-10-00-SignatureCake-PannaCotta.md,2026-02-06,10:02,"Альманах-Свит, Италия, Кофе, Желатин, OmniCore V33.0",ГОТОВ,#SIGNATURE_CAKE: ПАННА-КОТТА С ЭСПРЕССО. КОД ИДЕАЛЬНОЙ ПЛОТНОСТИ,,,Europe/Riga,,,
SW-06.02-14-00-Technique-Gelatin,2026/02/06/SW-06.02-14-00-Technique-Gelatin.md,2026-02-06,14:02,"Альманах-Свит, Желатин, Молекулярная физика, Текстуры",ГОТОВ,#PASTRY_TECHNIQUE: ЖЕЛАТИНОВЫЕ МАССЫ. КОД СТАБИЛЬНОСТИ.,,,Europe/Riga,,,
SW-06.02-17-00-LegacyCode-ItalianCream,2026/02/06/SW-06.02-17-00-LegacyCode-ItalianCream.md,2026-02-06,17:02,"Альманах-Свит, Италия, Mascarpone, Ricotta, Ломбардия",ГОТОВ,#LEGACY_CODE: СЕКРЕТ ИТАЛЬЯНСКИХ СЛИВОК. ТЕКСТУРА БЕЗ ВРЕМЕНИ.,,,Europe/Riga,,,
SW-06.02-20-00-SweetDream-Grappa,2026/02/06/SW-06.02-20-00-SweetDream-Grappa.md,2026-02-06,20:02,"Альманах-Свит, Граппа, Темный шоколад, Ночной ритуал",ГОТОВ,#SWEET_DREAM: ГРАППА И ШОКОЛАД. АЛХИМИЯ ОГНЯ И ЗЕМЛИ.,,,Europe/Riga,,,
SW-06.02-22-00-VogueVisual-Chantilly,2026/02/06/SW-06.02-22-00-VogueVisual-Chantilly.md,2026-02-06,22:02,"Альманах-Свит, Шантильи, Макро, Белый на белом, Visual Atlas",ГОТОВ,#VOGUE_VISUAL: БЕЛОСНЕЖНЫЙ ШЕЛК СЛИВОК. ЭСТЕТИКА ОБЛАКА.,,,Europe/Riga,,,
AC-07.02-08-00-GlobalRadar,2026/02/07/AC-07.02-08-00-GlobalRadar.md,2026-02-07,08:02,"Альманах-Архитектор, Гренада, Диккенс, Олимпиада 2026",ГОТОВ,#GLOBAL_EVENT_RADAR: ДАЙДЖЕСТ 07.02. ГЕОМЕТРИЯ ПРАВ И ЦИКЛОВ.,,,Europe/Riga,,,
AC-07.02-12-00-LawFoundation-Declaration,2026/02/07/AC-07.02-12-00-LawFoundation-Declaration.md,2026-02-07,12:02,"Альманах-Архитектор, Права человека, Юридический монолит",ГОТОВ,#LAW_FOUNDATION: ДЕКЛАРАЦИЯ ПРАВ ЧЕЛОВЕКА. АРХИТЕКТУРА СВОБОДЫ.,,,Europe/Riga,,,
AC-07.02-15-00-MindJubilee-Foucault,2026/02/07/AC-07.02-15-00-MindJubilee-Foucault.md,2026-02-07,15:02,"Альманах-Архитектор, Фуко, Паноптикум, Власть, Контроль",ГОТОВ,#MIND_JUBILEE: МИШЕЛЬ ФУКО. ТЕЛО И ВЛАСТЬ.,,,Europe/Riga,,,
AC-07.02-18-00-SystemReform-Napoleon,2026/02/07/AC-07.02-18-00-SystemReform-Napoleon.md,2026-02-07,18:02,"Альманах-Архитектор, Наполеон, Конституция VIII года, Дизайн государства",ГОТОВ,#SYSTEM_REFORM_DATE: РЕФОРМЫ НАПОЛЕОНА. МАСТЕР-ПЛАН ИМПЕРИИ.,,,Europe/Riga,,,
AC-07.02-21-00-NightReflection-Reason,2026/02/07/AC-07.02-21-00-NightReflection-Reason.md,2026-02-07,21:02,"Альманах-Архитектор, Просвещение, Рационализм, Наполеон, Фуко",ГОТОВ,#NIGHT_REFLECTION: СВЕТ РАЗУМА. НАВИГАЦИЯ В ХАОСЕ.,,,Europe/Riga,,,
NB-07.02-09-30-CarnivalRite-Mask,2026/02/07/NB-07.02-09-30-CarnivalRite-Mask.md,2026-02-07,09:02,"Альманах-Нейборс, Венеция, Маска, Ремесло, Visual Atlas",ГОТОВ,#CARNIVAL_RITE: ВЕНЕЦИАНСКИЙ КАРНАВАЛ 2026. МАГИЯ ТРАНСФОРМАЦИИ.,,,Europe/Riga,,,
NB-07.02-12-30-VillageFoundation-Tuscany,2026/02/07/NB-07.02-12-30-VillageFoundation-Tuscany.md,2026-02-07,12:02,"Альманах-Нейборс, Тоскана, Этруски, Ландшафт, Visual Atlas",ГОТОВ,#VILLAGE_FOUNDATION: ПОСЕЛЕНИЯ ТОСКАНЫ. КАМЕННЫЕ КОРНИ ИТАЛИИ.,,,Europe/Riga,,,
NB-07.02-15-30-CostumeDay-Provence,2026/02/07/NB-07.02-15-30-CostumeDay-Provence.md,2026-02-07,15:02,"Альманах-Нейборс, Прованс, Boutis, Les Indiennes, Visual Atlas",ГОТОВ,#COSTUME_DAY: ТКАНИ ПРОВАНСА. ИНДИГО И СОЛНЦЕ.,,,Europe/Riga,,,
NB-07.02-18-30-WaterBlessing-Ganges,2026/02/07/NB-07.02-18-30-WaterBlessing-Ganges.md,2026-02-07,18:02,"Альманах-Нейборс, Варанаси, Ритуал, Огонь и вода, Visual Atlas",ГОТОВ,#WATER_BLESSING: ГАНГ. САКРАЛЬНОЕ ОМОВЕНИЕ.,,,Europe/Riga,,,
NB-07.02-21-30-FolkStoryNight-Lorelei,2026/02/07/NB-07.02-21-30-FolkStoryNight-Lorelei.md,2026-02-07,21:02,"Альманах-Нейборс, Германия, Рейн, Сирена, Поэзия",ГОТОВ,"#FOLK_STORY_NIGHT: ЛЕГЕНДА О ЛОРЕЛЕЕ. ГОЛОС, ОБРЕЧЕННЫЙ НА ВЕЧНОСТЬ.",,,Europe/Riga,,,
NB-07.02-22-30-OlympicDiary-Day1,2026/02/07/NB-07.02-22-30-OlympicDiary-Day1.md,2026-02-07,22:02,"Олимпиада, Биатлон, Антхольц, Дневник",ГОТОВ (VISUAL LAYOUT V3.0 - TRAVEL LOG),#OLYMPIC_DIARY: ДЕНЬ 1. ТИШИНА ПЕРЕД ВЫСТРЕЛОМ.,,,Europe/Riga,,,
SW-07.02-10-00-VintageBake-Cloudberry,2026/02/07/SW-07.02-10-00-VintageBake-Cloudberry.md,2026-02-07,10:02,"Альманах-Свит, Морошка, Северная кухня, Винтаж, Full Recipe Mandate",ГОТОВ,#VINTAGE_BAKE: ПИРОГ С МОРОШКОЙ. ЗОЛОТО СЕВЕРА.,,,Europe/Riga,,,
SW-07.02-14-00-PastryTechnique-Crumble,2026/02/07/SW-07.02-14-00-PastryTechnique-Crumble.md,2026-02-07,14:02,"Альманах-Свит, Штрейзель, Крамбл, Рецепт, V8-Sync",ГОТОВ,#PASTRY_TECHNIQUE: ХРУСТЯЩИЙ КРАМБЛ. ИНИЦИАЛИЗАЦИЯ ТЕКСТУРЫ.,,,Europe/Riga,,,
SW-07.02-17-00-BalancePoint-EcoDessert,2026/02/07/SW-07.02-17-00-BalancePoint-EcoDessert.md,2026-02-07,17:02,"Альманах-Свит, Эко-десерты, Пектин, Без сахара, Рецепт",ГОТОВ,#BALANCE_POINT: ЭКО-ДЕСЕРТИ. ЧИСТЫЙ СОСТАВ КАК НОВАЯ РОСКОШЬ.,,,Europe/Riga,,,
SW-07.02-20-00-SweetDream-MapleTaffy,2026/02/07/SW-07.02-20-00-SweetDream-MapleTaffy.md,2026-02-07,20:02,"Альманах-Свит, Кленовый сироп, Снег, Канада, Рецепт",ГОТОВ,#SWEET_DREAM: СОН О СЕВЕРНОМ САХАРЕ. КЛЕНОВЫЕ ИРИСКИ.,,,Europe/Riga,,,
SW-07.02-22-00-VogueVisual-FrostedBerries,2026/02/07/SW-07.02-22-00-VogueVisual-FrostedBerries.md,2026-02-07,22:02,"Альманах-Свит, Клюква, Брусника, Лед, Рецепт",ГОТОВ,#VOGUE_VISUAL: ТЕКСТУРА ЛЬДА И ЯГОД. КРИСТАЛЬНЫЙ РУБИН.,,,Europe/Riga,,,
AC-08.02-08-00-GlobalRadar,2026/02/08/AC-08.02-08-00-GlobalRadar.md,2026-02-08,08:02,"Альманах-Архитектор, Жюль Верн, Менделеев, Олимпиада 2026",ГОТОВ,#GLOBAL_EVENT_RADAR: ДАЙДЖЕСТ 08.02. ТОЧКА ОПОРЫ.,,,Europe/Riga,,,
AC-08.02-12-00-StateGenesis-Byzantium,2026/02/08/AC-08.02-12-00-StateGenesis-Byzantium.md,2026-02-08,12:02,"Альманах-Архитектор, Византия, Коронация, Теократия, Лев I",ГОТОВ,#STATE_GENESIS: ИМПЕРАТОР ЛЕВ I. АРХИТЕКТУРА САКРАЛЬНОЙ ВЛАСТИ.,,,Europe/Riga,,,
AC-08.02-15-00-ArchitectMemory-ZahaHadid,2026/02/08/AC-08.02-15-00-ArchitectMemory-ZahaHadid.md,2026-02-08,15:02,"Альманах-Архитектор, Заха Хадид, RIBA Gold Medal, Деконструктивизм",ГОТОВ,#ARCHITECT_MEMORY: ЗАХА ХАДИД. КОРОЛЕВА КРИВЫХ.,,,Europe/Riga,,,
AC-08.02-18-00-ScienceRevelation-Mendeleev,2026/02/08/AC-08.02-18-00-ScienceRevelation-Mendeleev.md,2026-02-08,18:02,"Альманах-Архитектор, Менделеев, Периодический закон, Порядок",ГОТОВ,#SCIENCE_REVELATION: ТАБЛИЦА МЕНДЕЛЕЕВА. АРХИТЕКТУРА МАТЕРИИ.,,,Europe/Riga,,,
AC-08.02-21-00-VogueVisual-Molecular,2026/02/08/AC-08.02-21-00-VogueVisual-Molecular.md,2026-02-08,21:02,"Альманах-Архитектор, Химия, Кристаллы, Структура",ГОТОВ,#VOGUE_VISUAL: МОЛЕКУЛЯРНЫЙ ПОРЯДОК. КРИСТАЛЛИЧЕСКАЯ ЭСТЕТИКА.,,,Europe/Riga,,,
NB-08.02-09-30-VillageFoundation-Lapland,2026/02/08/NB-08.02-09-30-VillageFoundation-Lapland.md,2026-02-08,09:02,"Альманах-Нейборс, Саамы, Лапландия, Снег, Оленеводство",ГОТОВ,#VILLAGE_FOUNDATION: ДЕРЕВНИ ЛАПЛАНДИИ. ЖИЗНЬ НА КРАЮ СВЕТА.,,,Europe/Riga,,,
NB-08.02-12-30-CostumeDay-Sami,2026/02/08/NB-08.02-12-30-CostumeDay-Sami.md,2026-02-08,12:02,"Альманах-Нейборс, Саамы, Гакти, Текстиль, Visual Atlas",ГОТОВ,#COSTUME_DAY: СААМСКИЙ КОСТЮМ ГАКТИ. ЦВЕТА ПОЛЯРНОЙ НОЧИ.,,,Europe/Riga,,,
NB-08.02-15-30-OracleOmen-Aurora,2026/02/08/NB-08.02-15-30-OracleOmen-Aurora.md,2026-02-08,15:02,"Альманах-Нейборс, Аврора, Саамы, Мифы, Приметы",ГОТОВ,#ORACLE_OMEN: СЕВЕРНОЕ СИЯНИЕ. ТАНЕЦ ДУХОВ.,,,Europe/Riga,,,
NB-08.02-18-30-VillageFoundation-Porvoo,2026/02/08/NB-08.02-18-30-VillageFoundation-Porvoo.md,2026-02-08,18:02,"Альманах-Нейборс, Финляндия, Порвоо, Дерево, История",ГОТОВ,#VILLAGE_FOUNDATION: ПОРВОО. КРАСНЫЕ СТЕНЫ У РЕКИ.,,,Europe/Riga,,,
NB-08.02-21-30-FolkStoryNight-SnowQueen,2026/02/08/NB-08.02-21-30-FolkStoryNight-SnowQueen.md,2026-02-08,21:02,"Альманах-Нейборс, Андерсен, Сказка, Зеркало, Холод",ГОТОВ,#FOLK_STORY_NIGHT: СНЕЖНАЯ КОРОЛЕВА. ВЕЧНОСТЬ И РОЗЫ.,,,Europe/Riga,,,
NB-08.02-22-30-OlympicDiary-Day2,2026/02/08/NB-08.02-22-30-OlympicDiary-Day2.md,2026-02-08,22:02,"Олимпиада, ГорныеЛыжи, Кортина, Дневник",ГОТОВ (VISUAL LAYOUT V3.0 - TRAVEL LOG),#OLYMPIC_DIARY: ДЕНЬ 2. ЛЁД И ПЛАМЯ КОРТИНЫ.,,,Europe/Riga,,,
SW-08.02-10-00-TraditionRecipe-AppleStrudel,2026/02/08/SW-08.02-10-00-TraditionRecipe-AppleStrudel.md,2026-02-08,10:02,"Альманах-Свит, Венский штрудель, Вытяжное тесто, Яблоки",ГОТОВ,#TRADITION_RECIPE: ВЕНСКИЙ ШТРУДЕЛЬ. АЛХИМИЯ ПРОЗРАЧНОСТИ.,,,Europe/Riga,,,
SW-08.02-14-00-PastryTechnique-StrudelDough,2026/02/08/SW-08.02-14-00-PastryTechnique-StrudelDough.md,2026-02-08,14:02,"Альманах-Свит, Тесто, Глютен, Эластичность",ГОТОВ,#PASTRY_TECHNIQUE: ВЫТЯЖНОЕ ТЕСТО. ФИЗИКА ГЛЮТЕНА.,,,Europe/Riga,,,
SW-08.02-17-00-ExpertCuration-Books,2026/02/08/SW-08.02-17-00-ExpertCuration-Books.md,2026-02-08,17:02,"Альманах-Свит, Книги, Обучение, Pierre Herme, Bachour",ГОТОВ,#EXPERT_CURATION: ТОП-5 КНИГ ДЛЯ КОНДИТЕРА-АЛХИМИКА.,,,Europe/Riga,,,
SW-08.02-17-00-ExpertCuration-Books2026,2026/02/08/SW-08.02-17-00-ExpertCuration-Books2026.md,2026-02-08,17:02,"Альманах-Свит, Sift, Nicola Lamb, Gateaux",ГОТОВ,#EXPERT_CURATION: НОВЫЕ БИБЛИИ КОНДИТЕРА. РЕЛИЗЫ 2024-2026.,,,Europe/Riga,,,
SW-08.02-20-00-HedonistRitual-VienneseCoffee,2026/02/08/SW-08.02-20-00-HedonistRitual-VienneseCoffee.md,2026-02-08,20:02,"Альманах-Свит, Вена, Айншпеннер, Сливки, Эспрессо",ГОТОВ,#HEDONIST_RITUAL: АЙНШПЕННЕР. КОФЕ ВЕНСКИХ ИЗВОЗЧИКОВ.,,,Europe/Riga,,,
SW-08.02-22-00-SingleNote-Vanilla,2026/02/08/SW-08.02-22-00-SingleNote-Vanilla.md,2026-02-08,22:02,"Альманах-Свит, Ваниль, Экстракция, Аромат",ГОТОВ,#SINGLE_NOTE: КРИСТАЛЛИЧЕСКАЯ ВАНИЛЬ. МОЛЕКУЛА C8H8O3.,,,Europe/Riga,,,
AC-09.02-08-30-AlchemySync-Pluto,2026/02/09/AC-09.02-08-30-AlchemySync-Pluto.md,2026-02-09,08:02,"Альманах-Архитектор, Плутон, Водолей, Трансформация",ГОТОВ,#ALCHEMY_OF_SYNC: ПЛУТОН В ВОДОЛЕЕ. ТЕКТОНИКА СИСТЕМ.,,,Europe/Riga,,,
AC-09.02-12-00-CathedralAnniversary-NotreDame,2026/02/09/AC-09.02-12-00-CathedralAnniversary-NotreDame.md,2026-02-09,12:02,"Альманах-Архитектор, Нотр-Дам, Реставрация, Виолле-ле-Дюк",ГОТОВ,#CATHEDRAL_ANNIVERSARY: НОТР-ДАМ. КОД ВОССТАНОВЛЕНИЯ.,,,Europe/Riga,,,
AC-09.02-15-00-MindJubilee-Dostoevsky,2026/02/09/AC-09.02-15-00-MindJubilee-Dostoevsky.md,2026-02-09,15:02,"Альманах-Архитектор, Достоевский, Философия, Психология",ГОТОВ,#MIND_JUBILEE: ФЕДОР ДОСТОЕВСКИЙ. АРХИТЕКТУРА ДУШИ.,,,Europe/Riga,,,
AC-09.02-18-00-SystemReform-DigitalDemocracy,2026/02/09/AC-09.02-18-00-SystemReform-DigitalDemocracy.md,2026-02-09,18:02,"Альманах-Архитектор, Технологии, Реформа, Свобода",ГОТОВ,#SYSTEM_REFORM_DATE: ЦИФРОВАЯ ДЕМОКРАТИЯ. КОД УЧАСТИЯ.,,,Europe/Riga,,,
AC-09.02-21-00-VoiceOfStreet-Resonance,2026/02/09/AC-09.02-21-00-VoiceOfStreet-Resonance.md,2026-02-09,21:02,"Альманах-Архитектор, Звук, Город, Резонанс",ГОТОВ,#VOICE_OF_STREET: ГОЛОС ГОРОДА. АКУСТИЧЕСКАЯ ЭКОЛОГИЯ.,,,Europe/Riga,,,
NB-09.02-09-30-CarnivalRite-Rio,2026/02/09/NB-09.02-09-30-CarnivalRite-Rio.md,2026-02-09,09:02,"Альманах-Нейборс, Бразилия, Самба, Ритм",ГОТОВ,#CARNIVAL_RITE: КАРНАВАЛ В РИО. КОД РИТМА.,,,Europe/Riga,,,
NB-09.02-12-30-CostumeDay-Fantasia,2026/02/09/NB-09.02-12-30-CostumeDay-Fantasia.md,2026-02-09,12:02,"Альманах-Нейборс, Бразилия, Костюм, Mestre-Sala",ГОТОВ,#COSTUME_DAY: FANTASIA. ВЕС МЕЧТЫ.,,,Europe/Riga,,,
NB-09.02-18-30-VoiceOfStreet-Rio,2026/02/09/NB-09.02-18-30-VoiceOfStreet-Rio.md,2026-02-09,18:02,"Альманах-Нейборс, Рио, Фавелы, Правда",ГОТОВ,#VOICE_OF_STREET: РИО. КАРНАВАЛ КАК АНЕСТЕЗИЯ.,,,Europe/Riga,,,
NB-09.02-21-30-FolkStoryNight-Yemanja,2026/02/09/NB-09.02-21-30-FolkStoryNight-Yemanja.md,2026-02-09,21:02,"Альманах-Нейборс, Бразилия, Миф, Йеманжа",ГОТОВ,#FOLK_STORY_NIGHT: ЙЕМАНЖА. КОРОЛЕВА МОРЯ.,,,Europe/Riga,,,
NB-09.02-22-30-VogueVisual-Rhinestones,2026/02/09/NB-09.02-22-30-VogueVisual-Rhinestones.md,2026-02-09,22:02,"Альманах-Нейборс, Рио, Текстура, Кристаллы",ГОТОВ,#VOGUE_VISUAL: КРИСТАЛЛИЧЕСКИЙ РИТМ. ОПТИКА КАРНАВАЛА.,,,Europe/Riga,,,
SW-09.02-10-00-SignatureCake-BabaAuRhum,2026/02/09/SW-09.02-10-00-SignatureCake-BabaAuRhum.md,2026-02-09,10:02,"Альманах-Свит, Ромовая Баба, Бриошь, Ферментация",ГОТОВ,#SIGNATURE_CAKE: BABA AU RHUM. АЛХИМИЯ ПРОПИТКИ.,,,Europe/Riga,,,
SW-09.02-14-00-IngredientFocus-Rum,2026/02/09/SW-09.02-14-00-IngredientFocus-Rum.md,2026-02-09,14:02,"Альманах-Свит, Ром, Алкоголь, Сироп",ГОТОВ,#INGREDIENT_FOCUS: РОМ В КОНДИТЕРСКОЙ. НЕ ВСЕ СПИРТЫ ОДИНАКОВЫ.,,,Europe/Riga,,,
SW-09.02-17-00-LegacyCode-Savarin,2026/02/09/SW-09.02-17-00-LegacyCode-Savarin.md,2026-02-09,17:02,"Альманах-Свит, Саварен, Брийя-Саварен, Франция",ГОТОВ,#LEGACY_CODE: LE SAVARIN. КОРОНА ГАСТРОНОМИИ.,,,Europe/Riga,,,
SW-09.02-20-00-CaffeinePair-RumChocolate,2026/02/09/SW-09.02-20-00-CaffeinePair-RumChocolate.md,2026-02-09,20:02,"Альманах-Свит, Шоколад, Ром, Ганаш",ГОТОВ,#CAFFEINE_PAIR: РОМ И ШОКОЛАД. ТЕМНАЯ МАТЕРИЯ ВКУСА.,,,Europe/Riga,,,
SW-09.02-22-00-VogueVisual-Syrup,2026/02/09/SW-09.02-22-00-VogueVisual-Syrup.md,2026-02-09,22:02,"Альманах-Свит, Сироп, Ром, Текстура",ГОТОВ,#VOGUE_VISUAL: ЗОЛОТОЙ ДОЖДЬ. ТЕКСТУРА СИРОПА.,,,Europe/Riga,,,
AC-10.02-08-00-GlobalEventRadar,2026/02/10/AC-10.02-08-00-GlobalEventRadar.md,2026-02-10,08:02,"Альманах-Архитектор, Ялта1945, ЛеКорбюзье, Олимпиада2026, SaferInternet",ГОТОВ,#GLOBAL_EVENT_RADAR: АРХИТЕКТУРА ВЛАСТИ И БЕТОНА. ДАЙДЖЕСТ 10.02.,,,Europe/Riga,,,
AC-10.02-12-00-StateGenesis-Yalta,2026/02/10/AC-10.02-12-00-StateGenesis-Yalta.md,2026-02-10,12:02,"Альманах-Архитектор, Ялта, Геополитика, Границы",ГОТОВ,#STATE_GENESIS: ЯЛТА 1945. АРХИТЕКТУРА МИРА.,,,Europe/Riga,,,
AC-10.02-15-00-ArchitectMemory-LeCorbusier,2026/02/10/AC-10.02-15-00-ArchitectMemory-LeCorbusier.md,2026-02-10,15:02,"Альманах-Архитектор, Ле Корбюзье, Модернизм, Модулор",ГОТОВ,#ARCHITECT_MEMORY: ЛЕ КОРБЮЗЬЕ. АРХИТЕКТУРА КАК МАШИНА.,,,Europe/Riga,,,
AC-10.02-18-00-LuxuryLore-Cartier,2026/02/10/AC-10.02-18-00-LuxuryLore-Cartier.md,2026-02-10,18:02,"Альманах-Архитектор, Cartier, Пантера, Дизайн, Сантос",ГОТОВ,#LUXURY_LORE: КОД CARTIER. ГЕОМЕТРИЯ ВЛАСТИ.,,,Europe/Riga,,,
AC-10.02-21-00-ScienceRevelation-GemstoneGeometry,2026/02/10/AC-10.02-21-00-ScienceRevelation-GemstoneGeometry.md,2026-02-10,21:02,"Альманах-Архитектор, Кристаллография, Оптика, Алмаз",ГОТОВ,#SCIENCE_REVELATION: ГЕОМЕТРИЯ ДРАГОЦЕННОСТИ. АЛХИМИЯ СВЕТА.,,,Europe/Riga,,,
NB-10.02-09-30-VillageFoundation-Chefchaouen,2026/02/10/NB-10.02-09-30-VillageFoundation-Chefchaouen.md,2026-02-10,09:02,"Альманах-Соседи, Марокко, Шефшауэн, Архитектура",ГОТОВ,#VILLAGE_FOUNDATION: МАРОККО. ШЕФШАУЭН (СИНИЙ КОД).,,,Europe/Riga,,,
NB-10.02-12-30-ArtifactCode-Zellij,2026/02/10/NB-10.02-12-30-ArtifactCode-Zellij.md,2026-02-10,12:02,"Альманах-Соседи, Марокко, Зелидж, Керамика",ГОТОВ,#ARTIFACT_CODE: МАРОККАНСКАЯ КЕРАМИКА (ЗЕЛИДЖ). ГЕОМЕТРИЯ ВЕРЫ.,,,Europe/Riga,,,
NB-10.02-18-30-LuxuryLore-FezSilk,2026/02/10/NB-10.02-18-30-LuxuryLore-FezSilk.md,2026-02-10,18:02,"Альманах-Соседи, Марокко, Фес, Шелк, Sabra",ГОТОВ,#LUXURY_LORE: ШЕЛК ФЕСА. ТКАЦКИЙ КОД МАГРИБА.,,,Europe/Riga,,,
NB-10.02-21-30-FolkStoryNight-SaharaLegends,2026/02/10/NB-10.02-21-30-FolkStoryNight-SaharaLegends.md,2026-02-10,21:02,"Альманах-Соседи, Марокко, Сахара, Туареги, Фольклор",ГОТОВ,#FOLK_STORY_NIGHT: ЛЕГЕНДЫ САХАРЫ. ШЕПОТ ПЕСКОВ.,,,Europe/Riga,,,
NB-10.02-22-30-VogueVisual-OchreTexture,2026/02/10/NB-10.02-22-30-VogueVisual-OchreTexture.md,2026-02-10,22:02,"Альманах-Соседи, Марокко, Эстетика, Охра",ГОТОВ,#VOGUE_VISUAL: МАРОККО. ТЕКСТУРА ОХРЫ. ПИГМЕНТ ЗЕМЛИ.,,,Europe/Riga,,,
SW-10.02-10-00-PastryTechnique-ChocolateTempering,2026/02/10/SW-10.02-10-00-PastryTechnique-ChocolateTempering.md,2026-02-10,10:02,"Альманах-Свит, Шоколад, Технология, Valrhona",ГОТОВ,#PASTRY_TECHNIQUE: ТЕМПЕРИРОВАНИЕ ШОКОЛАДА. АЛХИМИЯ КРИСТАЛЛОВ.,,,Europe/Riga,,,
SW-10.02-11-30-SignatureCake-Brownie,2026/02/10/SW-10.02-11-30-SignatureCake-Brownie.md,2026-02-10,11:02,"Альманах-Свит, Шоколад, Брауни, Рецепт",ГОТОВ,#SIGNATURE_CAKE: БРАУНИ. АЛХИМИЯ ВЛАЖНОЙ СТРУКТУРЫ.,,,Europe/Riga,,,
SW-10.02-14-00-MolecularLab-ThinDisc,2026/02/10/SW-10.02-14-00-MolecularLab-ThinDisc.md,2026-02-10,14:02,"Альманах-Свит, Шоколад, Декор, Техника",ГОТОВ,#MOLECULAR_LAB: ТОНКИЙ ШОКОЛАДНЫЙ ДИСК. ГЕОМЕТРИЯ ХРУСТА.,,,Europe/Riga,,,
SW-10.02-17-00-LuxuryLore-Valrhona,2026/02/10/SW-10.02-17-00-LuxuryLore-Valrhona.md,2026-02-10,17:02,"Альманах-Свит, Шоколад, Вальрона, Гран-Крю",ГОТОВ,#LUXURY_LORE: БРЕНД VALRHONA. ШОКОЛАДНЫЙ ЭТАЛОН.,,,Europe/Riga,,,
SW-10.02-20-00-SingleNote-Salt,2026/02/10/SW-10.02-20-00-SingleNote-Salt.md,2026-02-10,20:02,"Альманах-Свит, Ингредиент, Соль, Флёр-де-Сель",ГОТОВ,#SINGLE_NOTE: КРИСТАЛЛ СОЛИ. ИСКРА В ТЕМНОТЕ.,,,Europe/Riga,,,
SW-10.02-22-00-VogueVisual-EdgeRefraction,2026/02/10/SW-10.02-22-00-VogueVisual-EdgeRefraction.md,2026-02-10,22:02,"Альманах-Свит, Шоколад, Эстетика, Макро",ГОТОВ,#VOGUE_VISUAL: ОТБЛЕСК ГРАНИ. ГЕОМЕТРИЯ СВЕТА.,,,Europe/Riga,,,
AC-11.02-08-00-GlobalEventRadar-Holidays,2026/02/11/AC-11.02-08-00-GlobalEventRadar-Holidays.md,2026-02-11,08:02,"Альманах-Архитектор, Наука, Мандела, ООН",ГОТОВ,#GLOBAL_EVENT_RADAR: ДАЙДЖЕСТ 11.02. НАУКА И СВОБОДА.,,,Europe/Riga,,,
AC-11.02-12-00-LawFoundation-VaticanTreaty,2026/02/11/AC-11.02-12-00-LawFoundation-VaticanTreaty.md,2026-02-11,12:02,"Альманах-Архитектор, Ватикан, Право, Суверенитет",ГОТОВ,#LAW_FOUNDATION: ЛАТЕРАНСКИЕ СОГЛАШЕНИЯ. ЯДРО СУВЕРЕНИТЕТА.,,,Europe/Riga,,,
AC-11.02-15-00-MindJubilee-RenéDescartes,2026/02/11/AC-11.02-15-00-MindJubilee-RenéDescartes.md,2026-02-11,15:02,"Альманах-Архитектор, Философия, Декарт, Дуализм, Координаты",ГОТОВ,#MIND_JUBILEE: РЕНЕ ДЕКАРТ. АРХИТЕКТУРА СОМНЕНИЯ.,,,Europe/Riga,,,
AC-11.02-18-00-SystemReform-VaticanDigital,2026/02/11/AC-11.02-18-00-SystemReform-VaticanDigital.md,2026-02-11,18:02,"Альманах-Архитектор, Ватикан, IT, Безопасность",ГОТОВ,#SYSTEM_REFORM_DATE: ВАТИКАН. ЦИФРОВОЙ СУВЕРЕНИТЕТ.,,,Europe/Riga,,,
AC-11.02-21-00-NightReflection-PureReason,2026/02/11/AC-11.02-21-00-NightReflection-PureReason.md,2026-02-11,21:02,"Альманах-Архитектор, Философия, Логика, Детерминизм",ГОТОВ,#NIGHT_REFLECTION: ЧИСТЫЙ РАЗУМ. ГЕОМЕТРИЯ ТИШИНЫ.,,,Europe/Riga,,,
NB-11.02-09-30-VillageFoundation-ShirakawaGo,2026/02/11/NB-11.02-09-30-VillageFoundation-ShirakawaGo.md,2026-02-11,09:02,"Альманах-Соседи, Япония, Сиракава-го, Гассё-дзукури",ГОТОВ,#VILLAGE_FOUNDATION: СИРАКАВА-ГО. АРХИТЕКТУРА МОЛИТВЫ.,,,Europe/Riga,,,
NB-11.02-12-30-CraftTradition-JapaneseKnives,2026/02/11/NB-11.02-12-30-CraftTradition-JapaneseKnives.md,2026-02-11,12:02,"Альманах-Соседи, Япония, Ремесло, Металлургия",ГОТОВ,#CRAFT_TRADITION: КОВКА ЯПОНСКИХ НОЖЕЙ. АЛГОРИТМ ОСТРОТЫ.,,,Europe/Riga,,,
NB-11.02-18-30-CostumeDay-EdoKimono,2026/02/11/NB-11.02-18-30-CostumeDay-EdoKimono.md,2026-02-11,18:02,"Альманах-Соседи, Япония, Эдо, Кимоно, Текстиль",ГОТОВ,#COSTUME_DAY: КИМОНО ЭДО. ГЕОМЕТРИЯ СТАТУСА И СЕЗОНОВ.,,,Europe/Riga,,,
NB-11.02-21-30-FolkStoryNight-Yamauba,2026/02/11/NB-11.02-21-30-FolkStoryNight-Yamauba.md,2026-02-11,21:02,"Альманах-Соседи, Япония, Фольклор, Ямауба, Йокай",ГОТОВ,#FOLK_STORY_NIGHT: ДУХИ ГОР ЯМАУБА. КОД ИЗОЛЯЦИИ.,,,Europe/Riga,,,
NB-11.02-22-00-VogueVisual-SnowOnThatch,2026/02/11/NB-11.02-22-00-VogueVisual-SnowOnThatch.md,2026-02-11,22:02,"Альманах-Соседи, Япония, Эстетика, Сиракава-го, Текстура",ГОТОВ,#VOGUE_VISUAL: СНЕГ НА СОЛОМЕ. КОНТРАСТ ЭЛЕМЕНТОВ.,,,Europe/Riga,,,
SW-11.02-10-00-SignatureCake-MatchaMochi,2026/02/11/SW-11.02-10-00-SignatureCake-MatchaMochi.md,2026-02-11,10:02,"Альманах-Свит, Япония, Моти, Матча, Рецепт",ГОТОВ,#SIGNATURE_CAKE: МОТИ С МАТЧЕЙ. ЭЛАСТИЧНОСТЬ ПОКОЯ.,,,Europe/Riga,,,
SW-11.02-14-00-TextureSync-MochiElasticity,2026/02/11/SW-11.02-14-00-TextureSync-MochiElasticity.md,2026-02-11,14:02,"Альманах-Свит, Япония, Моти, ФизикаЕды",ГОТОВ,#TEXTURE_SYNC: ПРУЖНОСТЬ РИСОВОГО ТЕСТА. КОД УПРУГОСТИ.,,,Europe/Riga,,,
SW-11.02-17-00-VoiceOfStreet-TokyoVegan,2026/02/11/SW-11.02-17-00-VoiceOfStreet-TokyoVegan.md,2026-02-11,17:02,"Альманах-Свит, Япония, Веганство, Моти",ГОТОВ,#VOICE_OF_STREET: ТОКИО О ВЕГАН-МОТИ. ЧИСТОТА ВКУСА.,,,Europe/Riga,,,
SW-11.02-20-00-CaffeinePair-Gyokuro,2026/02/11/SW-11.02-20-00-CaffeinePair-Gyokuro.md,2026-02-11,20:02,"Альманах-Свит, Япония, Гьокуро, Кофеин, Ритуал",ГОТОВ,#CAFFEINE_PAIR: ЗЕЛЕНЫЙ ЧАЙ ГЬОКУРО. ЭЛИКСИР ТЕНИ.,,,Europe/Riga,,,
SW-11.02-22-00-VogueVisual-MatchaTexture,2026/02/11/SW-11.02-22-00-VogueVisual-MatchaTexture.md,2026-02-11,22:02,"Альманах-Свит, Япония, Матча, Эстетика, Текстура",ГОТОВ,#VOGUE_VISUAL: ОКСАМИТОВА МАТЧА. ИЗУМРУДНЫЙ ТУМАН.,,,Europe/Riga,,,
AC-12.02-08-00-GlobalEventRadar-Holidays,2026/02/12/AC-12.02-08-00-GlobalEventRadar-Holidays.md,2026-02-12,08:02,"Альманах-Архитектор, Гершвин, Мандала, Система",ГОТОВ,#GLOBAL_EVENT_RADAR: ДАЙДЖЕСТ 12.02. КРАСНАЯ РУКА И ГОЛУБАЯ РАПСОДИЯ.,,,Europe/Riga,,,
AC-12.02-12-00-StateGenesis-Lincoln,2026/02/12/AC-12.02-12-00-StateGenesis-Lincoln.md,2026-02-12,12:02,"Альманах-Архитектор, Линкольн, Конституция, США, Право",ГОТОВ,#STATE_GENESIS: РОЖДЕНИЕ ЛИНКОЛЬНА. РЕКОНСТРУКЦИЯ ЕДИНСТВА.,,,Europe/Riga,,,
AC-12.02-15-00-ScienceRevelation-Darwin,2026/02/12/AC-12.02-15-00-ScienceRevelation-Darwin.md,2026-02-12,15:02,"Альманах-Архитектор, Наука, Дарвин, Генетика, Алгоритмы",ГОТОВ,#SCIENCE_REVELATION: ЧАРЛЬЗ ДАРВИН. АЛГОРИТМ ЭВОЛЮЦИИ.,,,Europe/Riga,,,
AC-12.02-19-00-LuxuryLore-DiorCode,2026/02/12/AC-12.02-19-00-LuxuryLore-DiorCode.md,2026-02-12,19:02,"Альманах-Архитектор, Диор, Мода, Силуэт, Конструкция",ГОТОВ,#LUXURY_LORE: КОД CHRISTIAN DIOR. АРХИТЕКТУРА ТЕЛА.,,,Europe/Riga,,,
AC-12.02-21-00-VogueVisual-FlowerStructure,2026/02/12/AC-12.02-21-00-VogueVisual-FlowerStructure.md,2026-02-12,21:02,"Альманах-Архитектор, Ботаника, Геометрия, Фибоначчи",ГОТОВ,#VOGUE_VISUAL: ЦВЕТЫ И СТРУКТУРА. АЛГОРИТМЫ ПРИРОДЫ.,,,Europe/Riga,,,
NB-12.02-09-30-VillageFoundation-Provence,2026/02/12/NB-12.02-09-30-VillageFoundation-Provence.md,2026-02-12,09:02,"Альманах-Соседи, Прованс, Франция, Мимоза, Мистраль",ГОТОВ,#VILLAGE_FOUNDATION: ПРОВАНС В ФЕВРАЛЕ. КОД ЖЕЛТОГО.,,,Europe/Riga,,,
NB-12.02-12-30-FlowerBloom-Mimosa,2026/02/12/NB-12.02-12-30-FlowerBloom-Mimosa.md,2026-02-12,12:02,"Альманах-Соседи, Прованс, Франция, Ботаника, Route du Mimosa",ГОТОВ,#FLOWER_BLOOM: ЦВЕТЕНИЕ МИМОЗЫ. ЖЕЛТАЯ ДОРОГА МАГРИБА.,,,Europe/Riga,,,
NB-12.02-18-30-LuxuryLore-Lavender,2026/02/12/NB-12.02-18-30-LuxuryLore-Lavender.md,2026-02-12,18:02,"Альманах-Соседи, Прованс, Франция, Лаванда, Дистилляция",ГОТОВ,#LUXURY_LORE: ЛАВАНДА ПРОВАНСА. СИНЕЕ ЗОЛОТО МАГРИБА.,,,Europe/Riga,,,
NB-12.02-18-30-LuxuryLore-LavenderTradition,2026/02/12/NB-12.02-18-30-LuxuryLore-LavenderTradition.md,2026-02-12,18:02,"Альманах-Соседи, Прованс, Лаванда, Лавандин, Традиции",ГОТОВ,#LUXURY_LORE: ЛАВАНДА И ТРАДИЦИИ. КОД ВЫЖИВАНИЯ НА ВЫСОТЕ.,,,Europe/Riga,,,
NB-12.02-21-30-FolkStoryNight-LoireLegends,2026/02/12/NB-12.02-21-30-FolkStoryNight-LoireLegends.md,2026-02-12,21:02,"Альманах-Соседи, Франция, Луара, Шамбор, Шенонсо",ГОТОВ,#FOLK_STORY_NIGHT: ЛЕГЕНДЫ ЛУАРЫ. АРХИТЕКТУРА ТЕНИ.,,,Europe/Riga,,,
NB-12.02-22-00-VogueVisual-YellowFog,2026/02/12/NB-12.02-22-00-VogueVisual-YellowFog.md,2026-02-12,22:02,"Альманах-Соседи, Прованс, Мимоза, Туман, Текстура",ГОТОВ,#VOGUE_VISUAL: ЖЕЛТЫЙ ТУМАН. ПЫЛЬЦА ПРОВАНСА.,,,Europe/Riga,,,
SW-12.02-10-00-TraditionRecipe-EnglishPudding,2026/02/12/SW-12.02-10-00-TraditionRecipe-EnglishPudding.md,2026-02-12,10:02,"Альманах-Свит, Англия, ВикторианскаяЭпоха, Пудинг, Рецепт",ГОТОВ,#TRADITION_RECIPE: АНГЛИЙСКИЙ ПУДИНГ. АРХИТЕКТУРА ПАРА.,,,Europe/Riga,,,
SW-12.02-14-00-VintageBake-VictoriaSponge,2026/02/12/SW-12.02-14-00-VintageBake-VictoriaSponge.md,2026-02-12,14:02,"Альманах-Свит, Англия, Виктория, Бисквит, Рецепт",ГОТОВ,#VINTAGE_BAKE: ВИКТОРИАНСКИЙ БИСКВИТ. ЗОЛОТОЙ СТАНДАРТ.,,,Europe/Riga,,,
SW-12.02-17-00-BalancePoint-Fats,2026/02/12/SW-12.02-17-00-BalancePoint-Fats.md,2026-02-12,17:02,"Альманах-Свит, НаукаЕды, Жиры, Масло, Смалец",ГОТОВ,#BALANCE_POINT: ТВАРИННІ VS РОСЛИННІ ЖИРИ. БИТВА СТРУКТУР.,,,Europe/Riga,,,
SW-12.02-20-00-HedonistRitual-FiveOClockTea,2026/02/12/SW-12.02-20-00-HedonistRitual-FiveOClockTea.md,2026-02-12,20:02,"Альманах-Свит, Англия, Чай, Традиция, Пауза",ГОТОВ,#HEDONIST_RITUAL: FIVE O'CLOCK TEA. АРХИТЕКТУРА ПАУЗЫ.,,,Europe/Riga,,,
SW-12.02-22-30-VogueVisual-PorcelainSteam,2026/02/12/SW-12.02-22-30-VogueVisual-PorcelainSteam.md,2026-02-12,22:02,"Альманах-Свит, Фарфор, Пар, Минимализм, Рецепт",ГОТОВ,#VOGUE_VISUAL: ФАРФОР И ПАР. ТЕКСТУРА ТЕПЛА.,,,Europe/Riga,,,
AC-13.02-08-00-GlobalEventRadar-Digest,2026/02/13/AC-13.02-08-00-GlobalEventRadar-Digest.md,2026-02-13,08:02,"Радар, Олимпиада, Санремо, Наука",ГОТОВ,#GLOBAL_EVENT_RADAR: ДАЙДЖЕСТ 13.02. АРХИТЕКТУРА МОМЕНТА.,,,Europe/Riga,,,
AC-13.02-12-00-StateGenesis-GalileoRome,2026/02/13/AC-13.02-12-00-StateGenesis-GalileoRome.md,2026-02-13,12:02,"История, Наука, Галилей, Рим, Гелиоцентризм",ГОТОВ,#STATE_GENESIS: ГАЛИЛЕЙ В РИМЕ. АРХИТЕКТУРА ИСТИНЫ ПРОТИВ ДОГМЫ.,,,Europe/Riga,,,
AC-13.02-15-00-ArchitectMemory-Piranesi,2026/02/13/AC-13.02-15-00-ArchitectMemory-Piranesi.md,2026-02-13,15:02,"Архитектура, Пиранези, Сюрреализм, Гравюра",ГОТОВ,#ARCHITECT_MEMORY: ДЖОВАННИ ПИРАНЕЗИ. ГЕОМЕТРИЯ БЕСКОНЕЧНОСТИ.,,,Europe/Riga,,,
AC-13.02-18-00-SystemReform-WorldRadioDay,2026/02/13/AC-13.02-18-00-SystemReform-WorldRadioDay.md,2026-02-13,18:02,"Радио, Технологии, Маркони, Инфраструктура",ГОТОВ,#SYSTEM_REFORM_DATE: ВСЕМИРНЫЙ ДЕНЬ РАДИО. АРХИТЕКТУРА НЕВИДИМОГО.,,,Europe/Riga,,,
AC-13.02-21-00-NightReflection-EchoInEther,2026/02/13/AC-13.02-21-00-NightReflection-EchoInEther.md,2026-02-13,21:02,"Рефлексия, Эфир, Тишина, Радио",ГОТОВ,#NIGHT_REFLECTION: ЭХО В ЭФИРЕ. АРХИТЕКТУРА ТИШИНЫ.,,,Europe/Riga,,,
NB-13.02-09-30-VillageFoundation-Andes,2026/02/13/NB-13.02-09-30-VillageFoundation-Andes.md,2026-02-13,09:02,"Этнография, Анды, Кечуа, Пачамама",ГОТОВ,#VILLAGE_FOUNDATION: ДЕРЕВНИ В АНДАХ. ЖИЗНЬ НАД ОБЛАКАМИ.,,,Europe/Riga,,,
NB-13.02-12-30-CostumeDay-AlpacaWool,2026/02/13/NB-13.02-12-30-CostumeDay-AlpacaWool.md,2026-02-13,12:02,"Этнография, Анды, Текстиль, Традиции",ГОТОВ,#COSTUME_DAY: ШЕРСТЬ АЛЬПАКИ. ВОЛОКНО БОГОВ.,,,Europe/Riga,,,
NB-13.02-18-30-WaterBlessing-Titicaca,2026/02/13/NB-13.02-18-30-WaterBlessing-Titicaca.md,2026-02-13,18:02,"Этнография, Перу, Боливия, Инки, Титикака",ГОТОВ,#WATER_BLESSING: ОЗЕРО ТИТИКАКА. САКРАЛЬНОЕ ЗЕРКАЛО НЕБА.,,,Europe/Riga,,,
NB-13.02-21-30-FolkStoryNight-Pachacuti,2026/02/13/NB-13.02-21-30-FolkStoryNight-Pachacuti.md,2026-02-13,21:02,"Фольклор, Анды, Инки, Пачакутек",ГОТОВ,#FOLK_STORY_NIGHT: ПАЧАКУТЕК. ПРЕОБРАЗОВАТЕЛЬ МИРА.,,,Europe/Riga,,,
NB-13.02-22-00-VogueVisual-AndeanTextures,2026/02/13/NB-13.02-22-00-VogueVisual-AndeanTextures.md,2026-02-13,22:02,"Визуал, Анды, Текстуры, Традиции",ГОТОВ,#VOGUE_VISUAL: ТЕКСТУРА ВЫСОКОГОРЬЯ. ТАКТИЛЬНЫЙ КОД.,,,Europe/Riga,,,
SW-13.02-10-00-SignatureCake-TruffleDiamond,2026/02/13/SW-13.02-10-00-SignatureCake-TruffleDiamond.md,2026-02-13,10:02,"Гедонизм, Трюфель, Перигор, Рецепт",ГОТОВ,"#SIGNATURE_CAKE: ТРЮФЕЛЬ ""ЧЕРНЫЙ АЛМАЗ"". МОЛЕКУЛЯРНАЯ РОСКОШЬ.",,,Europe/Riga,,,
SW-13.02-14-00-IngredientFocus-SeaSalt,2026/02/13/SW-13.02-14-00-IngredientFocus-SeaSalt.md,2026-02-13,14:02,"Гедонизм, Соль, Геранд, МолекулярнаяХимия",ГОТОВ,#INGREDIENT_FOCUS: МОРСКАЯ СОЛЬ. КРИСТАЛЛИЗАЦИЯ КОНТРАСТА.,,,Europe/Riga,,,
SW-13.02-17-00-LegacyCode-ManualRolling,2026/02/13/SW-13.02-17-00-LegacyCode-ManualRolling.md,2026-02-13,17:02,"Гедонизм, Наследие, Техника, Шоколад",ГОТОВ,#LEGACY_CODE: РУЧНАЯ ОБВАЛКА ТРЮФЕЛЯ. АРХИТЕКТУРА НЕСОВЕРШЕНСТВА.,,,Europe/Riga,,,
SW-13.02-20-00-SweetDream-SaffronAsh,2026/02/13/SW-13.02-20-00-SweetDream-SaffronAsh.md,2026-02-13,20:02,"Гедонизм, Шафран, Шоколад, Париж, НаукаВкуса",ГОТОВ,#SWEET_DREAM: ШАФРАН И ПЕПЕЛ. МОЛЕКУЛЯРНАЯ ТАЙНА.,,,Europe/Riga,,,
SW-13.02-22-30-VogueVisual-VelvetTexture,2026/02/13/SW-13.02-22-30-VogueVisual-VelvetTexture.md,2026-02-13,22:02,"Визуал, Текстуры, Шоколад, Велюр",ГОТОВ,#VOGUE_VISUAL: ТЕКСТУРА БАРХАТА. ШОКОЛАДНЫЙ ВЕЛЮР.,,,Europe/Riga,,,
AC-14.02-08-30-Alchemy-VenusPisces,2026/02/14/AC-14.02-08-30-Alchemy-VenusPisces.md,2026-02-14,08:02,"Астрология, Венера, Рыбы, Валентин",ГОТОВ (LAYOUT V2.1),#ALCHEMY_OF_SYNC: ВЕНЕРА В РЫБАХ. ОКЕАН ЧУВСТВ.,,,Europe/Riga,,,
AC-14.02-12-00-VoiceThroughTime,2026/02/14/AC-14.02-12-00-VoiceThroughTime.md,2026-02-14,12:02,"Чувства, Белл, Связь, Расстояние",ГОТОВ (REBOOT V2.1 / GRADE S),#ARCHITECT_MEMORY: ГОЛОС СКВОЗЬ ВРЕМЯ. КАК ТЕЛЕФОН СПАС ЛЮБОВЬ.,,,Europe/Riga,,,
AC-14.02-15-00-ArtOfLove-Eternity,2026/02/14/AC-14.02-15-00-ArtOfLove-Eternity.md,2026-02-14,15:02,"Искусство, Философия, Любовь, Флоренция",ГОТОВ (LAYOUT V2.1 / GRADE SS),#MIND_JUBILEE: ИСКУССТВО ЛЮБВИ. УРОКИ ВЕЧНОСТИ.,,,Europe/Riga,,,
AC-14.02-18-00-VideoValentine-YouTube,2026/02/14/AC-14.02-18-00-VideoValentine-YouTube.md,2026-02-14,18:02,"Медиа, YouTube, Генезис, Взгляд",ГОТОВ (LAYOUT V2.1 / GRADE A),#STATE_GENESIS: ВИДЕО-ВАЛЕНТИНКА. КАК МЫ НАУЧИЛИСЬ ВИДЕТЬ ДРУГ ДРУГА.,,,Europe/Riga,,,
AC-14.02-21-00-NightReflection-NightRhythm,2026/02/14/AC-14.02-21-00-NightReflection-NightRhythm.md,2026-02-14,21:02,"Мистика, Город, Ночь, Ритм",ГОТОВ (LAYOUT V2.1 / GRADE A),#NIGHT_REFLECTION: НОЧНОЙ РИТМ. КОГДА ГОРОД ДЫШИТ В УНИСОН.,,,Europe/Riga,,,
NB-14.02-09-30-MarketDay-Verona,2026/02/14/NB-14.02-09-30-MarketDay-Verona.md,2026-02-14,09:02,"Италия, Верона, Валентин, Традиции",ГОТОВ (VISUAL LAYOUT V3.0 - TRAVEL LOG),#MARKET_DAY: ВЕРОНА. БАЛКОН ДЖУЛЬЕТТЫ И КЛЯТВЫ НА СТЕНАХ.,,,Europe/Riga,,,
NB-14.02-12-30-CraftMagic-Muhu,2026/02/14/NB-14.02-12-30-CraftMagic-Muhu.md,2026-02-14,12:02,"Эстония, Муху, Ремесло, Традиции",ГОТОВ (VISUAL LAYOUT V3.0 - TRAVEL LOG),#CRAFT_MAGIC: ВЫШИВКА МУХУ. УЗОРЫ НА СЧАСТЬЕ.,,,Europe/Riga,,,
NB-14.02-18-30-VoiceOfStreet-TokyoChocolate,2026/02/14/NB-14.02-18-30-VoiceOfStreet-TokyoChocolate.md,2026-02-14,18:02,"Япония, Токио, Валентин, Традиции",ГОТОВ (VISUAL LAYOUT V3.0 - TRAVEL LOG),#VOICE_OF_STREET: ТОКИО ДЛЯ ДВОИХ. ШОКОЛАД КАК ПРИЗНАНИЕ.,,,Europe/Riga,,,
NB-14.02-21-30-FolkStoryNight-LittleMermaid,2026/02/14/NB-14.02-21-30-FolkStoryNight-LittleMermaid.md,2026-02-14,21:02,"Фольклор, Дания, Андерсен, Валентин",ГОТОВ (VISUAL LAYOUT V3.0 - TRAVEL LOG),#FOLK_STORY_NIGHT: РУСАЛОЧКА. СКАЗКА О ВЕЛИКОЙ ЛЮБВИ.,,,Europe/Riga,,,
NB-14.02-22-00-VogueVisual-ParisLights,2026/02/14/NB-14.02-22-00-VogueVisual-ParisLights.md,2026-02-14,22:02,"Париж, Валентин, Огни, Визуал",ГОТОВ (VISUAL LAYOUT V3.0 - TRAVEL LOG),"#VOGUE_VISUAL: ПАРИЖ. ГОРОД, ГДЕ ЗАЖИГАЮТСЯ СЕРДЦА.",,,Europe/Riga,,,
SW-14.02-10-00-FlavorPairing-StrawberryBalsamic,2026/02/14/SW-14.02-10-00-FlavorPairing-StrawberryBalsamic.md,2026-02-14,10:02,"Гедонизм, Модена, Клубника, Бальзамик",ГОТОВ (LAYOUT V3.0 - RECIPE CARD),#FLAVOR_PAIRING: КЛУБНИКА И БАЛЬЗАМИК. СТРАСТЬ НА ТАРЕЛКЕ.,,,Europe/Riga,,,
SW-14.02-14-00-HedonistRitual-ChocolateFondant,2026/02/14/SW-14.02-14-00-HedonistRitual-ChocolateFondant.md,2026-02-14,14:02,"Гедонизм, Шоколад, Фондан, Рецепт",ГОТОВ (VISUAL LAYOUT V3.0 - RECIPE CARD),#HEDONIST_RITUAL: ШОКОЛАДНОЕ СЕРДЦЕ. МОМЕНТ ИСТИНЫ.,,,Europe/Riga,,,
SW-14.02-17-00-GlobalEcho-LoveDesserts,2026/02/14/SW-14.02-17-00-GlobalEcho-LoveDesserts.md,2026-02-14,17:02,"Глобал, Традиции, Валентин, Любовь",ГОТОВ (VISUAL LAYOUT V3.0 - GASTRO MAP),#GLOBAL_ECHO: СЛАДКАЯ КАРТА ЛЮБВИ. ЧЕМ УГОЩАЮТ ЛЮБИМЫХ.,,,Europe/Riga,,,
SW-14.02-20-00-SweetDream-PinkVanilla,2026/02/14/SW-14.02-20-00-SweetDream-PinkVanilla.md,2026-02-14,20:02,"Гедонизм, Роза, Ваниль, Мечта",ГОТОВ (VISUAL LAYOUT V3.0 - RECIPE CARD),#SWEET_DREAM: ОБЛАКО НЕЖНОСТИ. ВКУС ПЕРВОГО ПОЦЕЛУЯ.,,,Europe/Riga,,,
SW-14.02-22-30-VogueVisual-ChocolateWarmth,2026/02/14/SW-14.02-22-30-VogueVisual-ChocolateWarmth.md,2026-02-14,22:02,"Визуал, Шоколад, Турин, Уют",ГОТОВ (VISUAL LAYOUT V3.0 - TRAVEL LOG SWEET),#VOGUE_VISUAL: МАГИЯ ШОКОЛАДА. ТЕПЛО ВНУТРИ.,,,Europe/Riga,,,
AC-15.02-08-00-StarMap-Aquarius,2026/02/15/AC-15.02-08-00-StarMap-Aquarius.md,2026-02-15,08:02,"Астрология, Гринвич, Галилей, Открытия",ГОТОВ (VISUAL LAYOUT V3.0 - THE MANUSCRIPT),#STAR_MAP: АСТРОЛОГИЯ ОТКРЫТИЙ. ЭРА ВОДОЛЕЯ.,,,Europe/Riga,,,
AC-15.02-12-00-SymbolCode-Light,2026/02/15/AC-15.02-12-00-SymbolCode-Light.md,2026-02-15,12:02,"Символизм, ИсторияСвета, Эдисон, Просвещение",ГОТОВ (VISUAL LAYOUT V3.0 - THE MANUSCRIPT),#SYMBOL_CODE: ЛАМПА И СВЕТ. КАК МЫ ПОБЕДИЛИ ТЬМУ.,,,Europe/Riga,,,
AC-15.02-15-00-SacredPerson-Galileo,2026/02/15/AC-15.02-15-00-SacredPerson-Galileo.md,2026-02-15,15:02,"Личность, Наука, Галилей, Флоренция",ГОТОВ (VISUAL LAYOUT V3.0 - THE MANUSCRIPT),"#SACRED_PERSON: ГАЛИЛЕЙ. ЧЕЛОВЕК, КОТОРЫЙ СМОТРЕЛ ВВЕРХ.",,,Europe/Riga,,,
AC-15.02-18-00-ArtSoul-Renaissance,2026/02/15/AC-15.02-18-00-ArtSoul-Renaissance.md,2026-02-15,18:02,"Искусство, Ренессанс, Флоренция, Индивидуальность",ГОТОВ (VISUAL LAYOUT V3.0 - THE MANUSCRIPT),#ART_SOUL: РЕНЕССАНС. РОЖДЕНИЕ ИНДИВИДУАЛЬНОСТИ.,,,Europe/Riga,,,
AC-15.02-21-00-NightOmen-StarSky,2026/02/15/AC-15.02-21-00-NightOmen-StarSky.md,2026-02-15,21:02,"Ночь, Космос, Тенерифе, Знамение",ГОТОВ (VISUAL LAYOUT V3.0 - THE MANUSCRIPT),#NIGHT_OMEN: ЗВЕЗДНОЕ НЕБО. ЧЕРТЕЖ БЕСКОНЕЧНОСТИ.,,,Europe/Riga,,,
NB-15.02-09-30-LocalSpirit-Menton,2026/02/15/NB-15.02-09-30-LocalSpirit-Menton.md,2026-02-15,09:02,"Традиции, Франция, Фестиваль, Лимон",ГОТОВ (VISUAL LAYOUT V3.0 - TRAVEL LOG),#LOCAL_SPIRIT: МЕНТОН. ЛИМОННЫЙ ФЕСТИВАЛЬ.,,,Europe/Riga,,,
NB-15.02-12-30-CostumeCode-Rajasthan,2026/02/15/NB-15.02-12-30-CostumeCode-Rajasthan.md,2026-02-15,12:02,"Индия, Раджастхан, Тюрбан, Традиции",ГОТОВ (VISUAL LAYOUT V3.0 - TRAVEL LOG),#COSTUME_CODE: РАДЖАСТХАН. ЯЗЫК ТЮРБАНА.,,,Europe/Riga,,,
NB-15.02-18-30-TraditionKeeper-Ganges,2026/02/15/NB-15.02-18-30-TraditionKeeper-Ganges.md,2026-02-15,18:02,"Индия, Варанаси, Ганг, Ритуалы",ГОТОВ (VISUAL LAYOUT V3.0 - TRAVEL LOG),#TRADITION_KEEPER: ГАНГ. САКРАЛЬНОЕ УТРО.,,,Europe/Riga,,,
NB-15.02-21-30-LegendKeeper-Scheherazade,2026/02/15/NB-15.02-21-30-LegendKeeper-Scheherazade.md,2026-02-15,21:02,"Легенды, Багдад, Шахерезада, Сторителлинг",ГОТОВ (VISUAL LAYOUT V3.0 - TRAVEL LOG),#LEGEND_KEEPER: ШАХЕРЕЗАДА. МАГИЯ 1001 НОЧИ.,,,Europe/Riga,,,
NB-15.02-22-00-VisualJourney-Samarkand,2026/02/15/NB-15.02-22-00-VisualJourney-Samarkand.md,2026-02-15,22:02,"Визуал, Самарканд, Узбекистан, ШёлковыйПуть",ГОТОВ (VISUAL LAYOUT V3.0 - TRAVEL LOG),#VISUAL_JOURNEY: ЗОЛОТАЯ ПЫЛЬ ВОСТОКА. МАГИЯ САМАРКАНДА.,,,Europe/Riga,,,
SW-15.02-10-00-SignatureCake-Napoleon,2026/02/15/SW-15.02-10-00-SignatureCake-Napoleon.md,2026-02-15,10:02,"Рецепт, Наполеон, Париж, Гедонизм",ГОТОВ (VISUAL LAYOUT V3.0 - RECIPE CARD),#SIGNATURE_CAKE: НАПОЛЕОН. ТЫСЯЧА СЛОЕВ НЕЖНОСТИ.,,,Europe/Riga,,,
SW-15.02-14-30-VintageBake-Croissant,2026/02/15/SW-15.02-14-30-VintageBake-Croissant.md,2026-02-15,14:02,"Рецепт, Круассан, Париж, Техника",ГОТОВ (VISUAL LAYOUT V3.0 - RECIPE CARD),#VINTAGE_BAKE: КРУАССАН. ГЕОМЕТРИЯ ПАРИЖСКОГО УТРА.,,,Europe/Riga,,,
SW-15.02-17-00-GastroHistory-Antoinette,2026/02/15/SW-15.02-17-00-GastroHistory-Antoinette.md,2026-02-15,17:02,"История, Версаль, Гедонизм",ГОТОВ (VISUAL LAYOUT V3.0 - RECIPE CARD),#GASTRO_HISTORY: МАРИЯ-АНТУАНЕТТА. КРЕМОВАЯ РЕВОЛЮЦИЯ.,,,Europe/Riga,,,
SW-15.02-20-00-SweetDream-Powder,2026/02/15/SW-15.02-20-00-SweetDream-Powder.md,2026-02-15,20:02,"Текстура, Пудра, Гедонизм",ГОТОВ (VISUAL LAYOUT V3.0 - RECIPE CARD),#SWEET_DREAM: САХАРНАЯ ПУДРА. ТЕКСТУРА НЕВЕСОМОСТИ.,,,Europe/Riga,,,
SW-15.02-22-00-CozyCup-Latte,2026/02/15/SW-15.02-22-00-CozyCup-Latte.md,2026-02-15,22:02,"Уют, Латте, Гедонизм",ГОТОВ (VISUAL LAYOUT V3.0 - RECIPE CARD),#COZY_CUP: ЛАТТЕ С СОЛЕНОЙ КАРАМЕЛЬЮ. ВЕЧЕРНИЙ РИТУАЛ.,,,Europe/Riga,,,
AC-16.02-08-00-GlobalRadar,2026/02/16/AC-16.02-08-00-GlobalRadar.md,2026-02-16,08:02,"Радар, ГлобальныйСписок, Вена2026",ГОТОВ (THE MANUSCRIPT V3.0),GLOBAL EVENT RADAR: ULTIMATE LIST. 16.02.,,,Europe/Riga,,,
AC-16.02-10-15-RitualKey-Monday,2026/02/16/AC-16.02-10-15-RitualKey-Monday.md,2026-02-16,10:02,"Понедельник, Сакральное, Порог",ГОТОВ (VISUAL LAYOUT V3.0 - MANUSCRIPT),#RITUAL_KEY: РИТУАЛ ПОРОГА. АРХИТЕКТУРА ПОНЕДЕЛЬНИКА.,,,Europe/Riga,,,
AC-16.02-12-30-SymbolCode-Keys,2026/02/16/AC-16.02-12-30-SymbolCode-Keys.md,2026-02-16,12:02,"Символизм, Порог, Доступ, Рациональность",ГОТОВ (VISUAL LAYOUT V3.0 - MANUSCRIPT),#SYMBOL_CODE: КЛЮЧИ И ПОРОГИ. МАГИЯ ОТКРЫТИЯ ДВЕРЕЙ.,,,Europe/Riga,,,
AC-16.02-15-00-HistoryMystery-Templars,2026/02/16/AC-16.02-15-00-HistoryMystery-Templars.md,2026-02-16,15:02,"Тамплиеры, Томар, Мистерия",ГОТОВ (VISUAL LAYOUT V3.0 - MANUSCRIPT),#HISTORY_MYSTERY: СОКРОВИЩА ТАМПЛИЕРОВ. ГЕОМЕТРИЯ ТАЙНЫ.,,,Europe/Riga,,,
AC-16.02-17-30-SacredPerson-Nietzsche,2026/02/16/AC-16.02-17-30-SacredPerson-Nietzsche.md,2026-02-16,17:02,"Философия, Ницше, Воля, Сверхчеловек",ГОТОВ (VISUAL LAYOUT V3.0 - MANUSCRIPT),#SACRED_PERSON: ФРИДРИХ НИЦШЕ. ВОЛЯ К ЖИЗНИ КАК АРХИТЕКТУРНЫЙ АКТ.,,,Europe/Riga,,,
AC-16.02-20-00-NightOmen-Flight,2026/02/16/AC-16.02-20-00-NightOmen-Flight.md,2026-02-16,20:02,"Ночь, Полет, Токио, Минимализм",ГОТОВ (VISUAL LAYOUT V3.0 - MANUSCRIPT),#NIGHT_OMEN: СНЫ О ПОЛЕТАХ. ВЕРТИКАЛЬНАЯ СВОБОДА.,,,Europe/Riga,,,
NB-16.02-08-45-PlaceOfPower-Yunnan,2026/02/16/NB-16.02-08-45-PlaceOfPower-Yunnan.md,2026-02-16,08:02,"Китай, Юньнань, Традиции, Рассвет",ГОТОВ (VISUAL LAYOUT V3.0 - TRAVEL LOG),#PLACE_OF_POWER: ЮНЬНАНЬ. ТЕРРАСЫ ВРЕМЕНИ.,,,Europe/Riga,,,
NB-16.02-11-00-CraftMagic-Lantern,2026/02/16/NB-16.02-11-00-CraftMagic-Lantern.md,2026-02-16,11:02,"Китай, Ремесло, Фонари, Традиции",ГОТОВ (VISUAL LAYOUT V3.0 - TRAVEL LOG),#CRAFT_MAGIC: КРАСНЫЙ ФОНАРЬ. ГЕОМЕТРИЯ СВЕТА.,,,Europe/Riga,,,
NB-16.02-13-15-StreetVibe-HongKong,2026/02/16/NB-16.02-13-15-StreetVibe-HongKong.md,2026-02-16,13:02,"Гонконг, КитайскийНовыйГод, Неон, Вайб",ГОТОВ (VISUAL LAYOUT V3.0 - TRAVEL LOG),#STREET_VIBE: ГОНКОНГ. НЕОНОВОЕ ПРЕДЧУВСТВИЕ.,,,Europe/Riga,,,
NB-16.02-16-00-FolkLegend-Nian,2026/02/16/NB-16.02-16-00-FolkLegend-Nian.md,2026-02-16,16:02,"Китай, Мифология, Защита, Традиции",ГОТОВ (VISUAL LAYOUT V3.0 - TRAVEL LOG),#FOLK_LEGEND: НЯНЬ. ПОЧЕМУ МЫ ЗАЖИГАЕМ КРАСНЫЙ.,,,Europe/Riga,,,
NB-16.02-18-00-VisualJourney-Dragon,2026/02/16/NB-16.02-18-00-VisualJourney-Dragon.md,2026-02-16,18:02,"Китай, Шанхай, Киберпанк, Дракон",ГОТОВ (VISUAL LAYOUT V3.0 - TRAVEL LOG),#VISUAL_JOURNEY: НЕОНОВЫЙ ДРАКОН. ШАНХАЙ.,,,Europe/Riga,,,
SW-16.02-09-30-SignatureCake-OatmealCookies,2026/02/16/SW-16.02-09-30-SignatureCake-OatmealCookies.md,2026-02-16,09:02,"Рецепт, Стокгольм, Текстура, Утро",ГОТОВ (VISUAL LAYOUT V3.0 - RECIPE CARD),#SIGNATURE_CAKE: ОВСЯНОЕ ПЕЧЕНЬЕ С ТЕМНЫМ ШОКОЛАДОМ.,,,Europe/Riga,,,
SW-16.02-11-45-CozyDrink-EspressoTonic,2026/02/16/SW-16.02-11-45-CozyDrink-EspressoTonic.md,2026-02-16,11:02,"Напиток, Кофе, Гедонизм",ГОТОВ (VISUAL LAYOUT V3.0 - RECIPE CARD),#COZY_DRINK: ЭСПРЕССО-ТОНИК. ЛЕДЯНАЯ ЭНЕРГИЯ ПОНЕДЕЛЬНИКА.,,,Europe/Riga,,,
SW-16.02-14-00-SeasonTaste-Granola,2026/02/16/SW-16.02-14-00-SeasonTaste-Granola.md,2026-02-16,14:02,"Гранола, Хруст, Рецепт",ГОТОВ (VISUAL LAYOUT V3.0 - RECIPE CARD),#SEASON_TASTE: ГРАНОЛА: ЗОЛОТО УТРА. КАРАМЕЛЬНЫЙ ХРУСТ.,,,Europe/Riga,,,
SW-16.02-17-00-ChocolateRitual-Dark85,2026/02/16/SW-16.02-17-00-ChocolateRitual-Dark85.md,2026-02-16,17:02,"Шоколад, Ритуал, Гедонизм",ГОТОВ (VISUAL LAYOUT V3.0 - RECIPE CARD),#CHOCOLATE_RITUAL: ТЕМНЫЙ ШОКОЛАД 85%. ЧИСТАЯ ЭНЕРГИЯ.,,,Europe/Riga,,,
SW-16.02-21-00-SweetDream-CookieCrunch,2026/02/16/SW-16.02-21-00-SweetDream-CookieCrunch.md,2026-02-16,21:02,"Печенье, Текстура, Сон",ГОТОВ (VISUAL LAYOUT V3.0 - RECIPE CARD),#SWEET_DREAM: ХРУСТ ПЕЧЕНЬЯ. ЗВУК ВЕЧЕРНЕЙ ТИШИНЫ.,,,Europe/Riga,,,
YV_Cup_Results_Group_A_17.03,2026/03/17/YV_Cup_Results_Group_A_17.03.md,2026-03-17,,"TOURNAMENT, RESULTS",ГОТОВ (EDITORIAL ANALYST V4.0),ИТОГИ ГРУППЫ А. ГРУЗИЯ И АЛБАНИЯ В ПЛЕЙ-ОФФ.,,,Europe/Riga,,,
YV_Cup_Results_Group_B_17.03,2026/03/17/YV_Cup_Results_Group_B_17.03.md,2026-03-17,,"TOURNAMENT, RESULTS",ГОТОВ (EDITORIAL ANALYST V4.0),ИТОГИ ГРУППЫ B. ШВЕЦИЯ И БРИТАНИЯ В ПЛЕЙ-ОФФ.,,,Europe/Riga,,,
YV_EuroGroove_Reminder_17.03,2026/03/17/YV_EuroGroove_Reminder_17.03.md,2026-03-17,,CHART_REMINDER,ГОТОВ (EDITORIAL ANALYST V4.0),НАПОМИНАНИЕ: ЭФИР EUROGROOVE - ЧЕРЕЗ 10 МИНУТ,,,Europe/Riga,,,
YV_EuroGroove_Results_17.03,2026/03/17/YV_EuroGroove_Results_17.03.md,2026-03-17,,"Чарты, Результаты, Топ-24",ГОТОВ (EDITORIAL ANALYST V4.0),ИТОГИ ЧАРТА EUROGROOVE: MULTIVERSE RUNNERS UP,,,Europe/Riga,,,
YV_WorldSound_Announce_17.03,2026/03/17/YV_WorldSound_Announce_17.03.md,2026-03-17,,"CHART_ANNOUNCE, STANDARD",ГОТОВ (EDITORIAL ANALYST V4.0),АНОНС ЧАРТА WORLDSOUND: AIRWAVE VELOCITY,,,Europe/Riga,,,
AL-20.03-09-00-MANIFESTO,2026/03/20/AL-20.03-09-00-MANIFESTO.md,2026-03-20,09:03,"Marginalia, Personal",ГОТОВ (EDITORIAL ANALYST V4.0),Возвращение. От хаоса к Маргиналиям.,,,Europe/Riga,,,
AL-20.03-11-33-ENTRY-01-EQUINOX,2026/03/20/AL-20.03-11-33-ENTRY-01-EQUINOX.md,2026-03-20,11:03,"Marginalia, Equinox",ГОТОВ (EDITORIAL ANALYST V4.0),"Грамматика равновесия: Лимон, мак и точка пересечения.",,,Europe/Riga,,,
AL-21.03-09-00-FRAGMENT-03,2026/03/21/AL-21.03-09-00-FRAGMENT-03.md,2026-03-21,09:03,"Marginalia, Modernism",ГОТОВ (EDITORIAL ANALYST V4.0),Фрагмент №03: О плуге времени. Всемирный день поэзии.,,,Europe/Riga,,,
AL-21.03-18-00-TEXT-02,2026/03/21/AL-21.03-18-00-TEXT-02.md,2026-03-21,18:03,"Marginalia, NordicBaking",ГОТОВ (EDITORIAL ANALYST V4.0),Текст №02: Кардамоновые узлы. Специя северного ветра.,,,Europe/Riga,,,
AL-22.03-09-00-SOURCE-01,2026/03/22/AL-22.03-09-00-SOURCE-01.md,2026-03-22,09:03,"Marginalia, BalticMyth",ГОТОВ (EDITORIAL ANALYST V4.0),Первоисточник №01: Лайма и искусство невидимого плетения.,,,Europe/Riga,,,
AL-22.03-18-00-TEXT-03,2026/03/22/AL-22.03-18-00-TEXT-03.md,2026-03-22,18:03,"Marginalia, Efficiency",ГОТОВ (EDITORIAL ANALYST V4.0),Текст №03: Творожные лепешки на сковороде. Ода легкости.,,,Europe/Riga,,,
AL-23.03-20-45-EVENING-LIGHT,2026/03/23/AL-23.03-20-45-EVENING-LIGHT.md,2026-03-23,20:03,THE_CALENDAR,ГОТОВ (EDITORIAL ANALYST V4.0),HE CALENDAR: Вечерний свет и ритм понедельника.,,,Europe/Riga,,,
AL-23.03-22-15-NIGHT-BREAD,2026/03/23/AL-23.03-22-15-NIGHT-BREAD.md,2026-03-23,22:03,THE_TEXT,ГОТОВ (EDITORIAL ANALYST V4.0),HE TEXT: Ритуал ночного хлеба и балтийская рожь.,,,Europe/Riga,,,
AL-24.03-09-00-PAUSE-ARCHITECTURE,2026/03/24/AL-24.03-09-00-PAUSE-ARCHITECTURE.md,2026-03-24,09:03,THE_FRAGMENT,ГОТОВ (EDITORIAL ANALYST V4.0),HE FRAGMENT: Архитектура паузы и роскошь тишины.,,,Europe/Riga,,,
AL-24.03-18-00-FEAST-OF-LOTS,2026/03/24/AL-24.03-18-00-FEAST-OF-LOTS.md,2026-03-24,18:03,THE_CALENDAR,ГОТОВ (EDITORIAL ANALYST V4.0),HE CALENDAR: Пир жребия и глобальный ритуал обмена.,,,Europe/Riga,,,
AL-25.03-12-25-STORK-DAY,2026/03/25/AL-25.03-12-25-STORK-DAY.md,2026-03-25,12:03,HERITAGE,ГОТОВ (EDITORIAL ANALYST V4.0),[HERITAGE] День Аиста (Bārbaļu diena),,,Europe/Riga,,,
AL-25.03-18-00-BIRDS-MILK,2026/03/25/AL-25.03-18-00-BIRDS-MILK.md,2026-03-25,18:03,RECIPE,ГОТОВ (EDITORIAL ANALYST V4.0),[RECIPE] Птичье молоко: Технология невесомости,,,Europe/Riga,,,
AL-26.03-09-00-DRAFTS-ODE,2026/03/26/AL-26.03-09-00-DRAFTS-ODE.md,2026-03-26,09:03,"SOURCE, Marginalia",ГОТОВ (EDITORIAL ANALYST V4.0),[SOURCE] Drafts: Ода черновикам,,,Europe/Riga,,,
AL-26.03-18-00-LEMON-CURD,2026/03/26/AL-26.03-18-00-LEMON-CURD.md,2026-03-26,18:03,"TEXTS, Patisserie",ГОТОВ (EDITORIAL ANALYST V4.0),[TEXTS] Лимонный курд: Алхимия кислоты,,,Europe/Riga,,,
AL-27.03-09-00-THEATRE-DAY,2026/03/27/AL-27.03-09-00-THEATRE-DAY.md,2026-03-27,09:03,"CALENDAR, Marginalia",ГОТОВ (EDITORIAL ANALYST V4.0),[CALENDAR] Всемирный день театра: Анатомия Маски,,,Europe/Riga,,,
AL-27.03-18-00-BIEZPIENA-SACEPUMS,2026/03/27/AL-27.03-18-00-BIEZPIENA-SACEPUMS.md,2026-03-27,18:03,"TEXTS, Patisserie",ГОТОВ (EDITORIAL ANALYST V4.0),[TEXTS] Biezpiena sacepums: Технология домашнего уюта,,,Europe/Riga,,,
AL-28.03-09-00-NARCISSUS-DEPTH,2026/03/28/AL-28.03-09-00-NARCISSUS-DEPTH.md,2026-03-28,09:03,"SOURCE, Marginalia",ГОТОВ (EDITORIAL ANALYST V4.0),[SOURCE] Океан внутри: Миф о Нарциссе,,,Europe/Riga,,,
AL-28.03-18-00-BAKERY-Rye-Chips,2026/03/28/AL-28.03-18-00-BAKERY-Rye-Chips.md,2026-03-28,18:03,BAKERY,ГОТОВ (EDITORIAL ANALYST V4.0),Ржаные чипсы: Искусство вычитания,,,Europe/Riga,,,
AL-28.03-18-00-RYE-CHIPS,2026/03/28/AL-28.03-18-00-RYE-CHIPS.md,2026-03-28,18:03,"TEXTS, Patisserie",ГОТОВ (EDITORIAL ANALYST V4.0),[TEXTS] Ржаные чипсы с солью: Искусство вычитания,,,Europe/Riga,,,
AL-28.03-21-00-LISTS-Sad-Books,2026/03/28/AL-28.03-21-00-LISTS-Sad-Books.md,2026-03-28,21:03,LISTS,ГОТОВ (EDITORIAL ANALYST V4.0),"Топ-5 книг, которые лечат грустью",,,Europe/Riga,,,
AL-29.03-09-00-MARCH-EDGES,2026/03/29/AL-29.03-09-00-MARCH-EDGES.md,2026-03-29,09:03,"CALENDAR, Marginalia",ГОТОВ (EDITORIAL ANALYST V4.0),[CALENDAR] Переход: Края Марта,,,Europe/Riga,,,
AL-29.03-18-00-ART-NOUVEAU-MYTH,2026/03/29/AL-29.03-18-00-ART-NOUVEAU-MYTH.md,2026-03-29,18:03,"FRAGMENT, Marginalia",ГОТОВ (EDITORIAL ANALYST V4.0),[FRAGMENT] Югендстиль: Застывший миф,,,Europe/Riga,,,
YV_Asia_Launch,2026/03/29/YV_Asia_Launch.md,2026-03-29,,"FLASH, ASIA",ГОТОВ (EDITORIAL ANALYST V4.0),Анонс Eurovision Song Contest Asia 2026,,,Europe/Riga,,,
YV_Asia_Recap_March,2026/03/29/YV_Asia_Recap_March.md,2026-03-29,,INSIDER,ГОТОВ (EDITORIAL ANALYST V4.0),Дайджест новостей Eurovision Asia: Бангкок утвержден,,,Europe/Riga,,,
YV_Cup_Results_Battle_04,2026/03/29/YV_Cup_Results_Battle_04.md,2026-03-29,,RESULTS,ГОТОВ (EDITORIAL ANALYST V4.0),Итоги 1/8 финала: Паритет 50/50 и победа Грузии.,,,Europe/Riga,,,
AL-30.03-09-00-APRIL-PREMONITION,2026/03/30/AL-30.03-09-00-APRIL-PREMONITION.md,2026-03-30,09:03,"CALENDAR, Marginalia",ГОТОВ (EDITORIAL ANALYST V4.0),[CALENDAR] Апрельские тизеры: Предчувствие,,,Europe/Riga,,,
AL-30.03-18-00-PERSEPHONE-PHYSICS,2026/03/30/AL-30.03-18-00-PERSEPHONE-PHYSICS.md,2026-03-30,18:03,"SOURCE, Marginalia",ГОТОВ (EDITORIAL ANALYST V4.0),[SOURCE] Миф о Персефоне: Физика возвращения,,,Europe/Riga,,,
AL-31.03-09-00-FRAGMENT-B,2026/03/31/AL-31.03-09-00-FRAGMENT-B.md,2026-03-31,09:03,FRAGMENT,ГОТОВ (EDITORIAL ANALYST V4.0),Тени как негатив города - Философия исчезновения,,,Europe/Riga,,,
AL-31.03-18-00-FINALE-A,2026/03/31/AL-31.03-18-00-FINALE-A.md,2026-03-31,18:03,FINALE,ГОТОВ (EDITORIAL ANALYST V4.0),Мартовское послевкусие - Итоги Marginalia,,,Europe/Riga,,,
YV-31.03-09-00-AL-Fragment,2026/03/31/YV-31.03-09-00-AL-Fragment.md,2026-03-31,09:03,"Almanac, FRAGMENT",ГОТОВ (EDITORIAL ANALYST V4.0),Архитектура тени - Геометрия уходящего марта,,,Europe/Riga,,,
YV-31.03-18-00-AL-Finale,2026/03/31/YV-31.03-18-00-AL-Finale.md,2026-03-31,18:03,"Almanac, FINALE",ГОТОВ (EDITORIAL ANALYST V4.0),Граница сезонов - От Marginalia к Апрелю,,,Europe/Riga,,,
AL-01.04-18-00-BAKERY-Trompe-Loeil,2026/04/01/AL-01.04-18-00-BAKERY-Trompe-Loeil.md,2026-04-01,18:04,BAKERY,ГОТОВ (ALMANAC ARCHIVIST V3.0),Технология Edible Stones (Рецептура и шаги),,,Europe/Riga,,,
AL-01.04-21-00-LISTS-Great-Hoaxes,2026/04/01/AL-01.04-21-00-LISTS-Great-Hoaxes.md,2026-04-01,21:04,LISTS,ГОТОВ (ALMANAC ARCHIVIST V3.1),Топ-5 мистификаций в истории (Методология и Индекс),,,Europe/Riga,,,
AL-02.04-18-00-LORE-Amber-Room,2026/04/02/AL-02.04-18-00-LORE-Amber-Room.md,2026-04-02,18:04,LORE,ГОТОВ (ALMANAC ARCHIVIST V3.1),Янтарь как носитель генетической памяти (История и Миф),,,Europe/Riga,,,
AL-02.04-21-00-CHRONOS-Blue-Hour,2026/04/02/AL-02.04-21-00-CHRONOS-Blue-Hour.md,2026-04-02,21:04,CHRONOS,ГОТОВ (ALMANAC ARCHIVIST V3.1),Феномен «синего часа» (Метафизика перехода),,,Europe/Riga,,,
AL-03.04-18-00-SOURCE-Geometry-Silence,2026/04/03/AL-03.04-18-00-SOURCE-Geometry-Silence.md,2026-04-03,18:04,SOURCE,ГОТОВ (ALMANAC ARCHIVIST V2.0),Геометрия тишины: Пифагорейские концепции в современном эмбиенте,,,Europe/Riga,,,
AL-03.04-21-00-FRAGMENT-Glass-Ghost,2026/04/03/AL-03.04-21-00-FRAGMENT-Glass-Ghost.md,2026-04-03,21:04,FRAGMENT,ГОТОВ (ALMANAC ARCHIVIST V2.0),Стеклянный призрак: Магия отражений в окнах столицы тени,,,Europe/Riga,,,
AL-04.04-18-00-RECIPE-Cloud-Tart,2026/04/04/AL-04.04-18-00-RECIPE-Cloud-Tart.md,2026-04-04,18:04,RECIPE,ГОТОВ (ALMANAC ARCHIVIST V2.0),Облачный тарт: Секреты идеальной обожженной меренги,,,Europe/Riga,,,
AL-04.04-21-00-TEXTS-Poetics-Threshold,2026/04/04/AL-04.04-21-00-TEXTS-Poetics-Threshold.md,2026-04-04,21:04,TEXTS,ГОТОВ (ALMANAC ARCHIVIST V2.0),Поэтика порога: Ожидание как литературная форма,,,Europe/Riga,,,
AL-05.04-18-00-HERITAGE-Ritual-Hearth,2026/04/05/AL-05.04-18-00-HERITAGE-Ritual-Hearth.md,2026-04-05,18:04,HERITAGE,ГОТОВ (ALMANAC ARCHIVIST V2.0),Ритуал очага: Сакральное значение центрального огня,,,Europe/Riga,,,
AL-05.04-21-00-CALENDAR-First-Sprout,2026/04/05/AL-05.04-21-00-CALENDAR-First-Sprout.md,2026-04-05,21:04,CALENDAR,ГОТОВ (ALMANAC ARCHIVIST V2.0),Первый росток: Алхимия раннего цветения в столице тени,,,Europe/Riga,,,
AL-06.04-18-00-SOURCE-Time-Sand,2026/04/06/AL-06.04-18-00-SOURCE-Time-Sand.md,2026-04-06,18:04,SOURCE,ГОТОВ (ALMANAC ARCHIVIST V2.0),Время песка: Метафора неизбежности и циклического возврата,,,Europe/Riga,,,
AL-06.04-21-00-FRAGMENT-Rhythm-Pavement,2026/04/06/AL-06.04-21-00-FRAGMENT-Rhythm-Pavement.md,2026-04-06,21:04,FRAGMENT,ГОТОВ (ALMANAC ARCHIVIST V2.0),Ритм брусчатки: Звук и архитектура городской среды,,,Europe/Riga,,,
AL-07.04-15-04-BAKERY,2026/04/07/AL-07.04-15-04-BAKERY.md,2026-04-07,15:04,UTILITY,ГОТОВ (ALMANAC RECIPE TECHNICIAN V2.0),Тарт Татен: Легенда об ошибке,,,Europe/Riga,,,
AL-07.04-15-04-WORKFLOW,2026/04/07/AL-07.04-15-04-WORKFLOW.md,2026-04-07,15:04,UTILITY,ГОТОВ (ALMANAC ARCHIVIST V1.0),Алгоритм наблюдения за небом,,,Europe/Riga,,,
AL-07.04-18-02-LORE,2026/04/07/AL-07.04-18-02-LORE.md,2026-04-07,18:04,CORE,ГОТОВ (ALMANAC ARCHIVIST V1.0),Миф об Арахне: Ткачиха судеб,,,Europe/Riga,,,
AL-08.04-15-04-BAKERY,2026/04/08/AL-08.04-15-04-BAKERY.md,2026-04-08,15:04,UTILITY,ГОТОВ (ALMANAC RECIPE TECHNICIAN V2.0),Булочки Семла: Шведская сказка,,,Europe/Riga,,,
AL-08.04-18-02-FRAGMENT,2026/04/08/AL-08.04-18-02-FRAGMENT.md,2026-04-08,18:04,CORE,ГОТОВ (ALMANAC ARCHIVIST V1.0),Кицунэ: Лисьи чары,,,Europe/Riga,,,
AL-09.04-15-04-BAKERY,2026/04/09/AL-09.04-15-04-BAKERY.md,2026-04-09,15:04,UTILITY,ГОТОВ (ALMANAC RECIPE TECHNICIAN V2.0),Торт Захер: Дуэль в Вене,,,Europe/Riga,,,
AL-09.04-15-04-LISTS,2026/04/09/AL-09.04-15-04-LISTS.md,2026-04-09,15:04,UTILITY,ГОТОВ (ALMANAC ARCHIVIST V1.0),5 оттенков серого в интерьере,,,Europe/Riga,,,
AL-09.04-18-02-SOURCE,2026/04/09/AL-09.04-18-02-SOURCE.md,2026-04-09,18:04,CORE,ГОТОВ (ALMANAC ARCHIVIST V1.0),Сирин и Алконост: Птицы судьбы,,,Europe/Riga,,,
AL-10.04-15-04-BAKERY,2026/04/10/AL-10.04-15-04-BAKERY.md,2026-04-10,15:04,UTILITY,ГОТОВ (ALMANAC RECIPE TECHNICIAN V2.0),Медовые Мадлен: Пруст и Литература,,,Europe/Riga,,,
AL-10.04-15-04-WORKFLOW,2026/04/10/AL-10.04-15-04-WORKFLOW.md,2026-04-10,15:04,UTILITY,ГОТОВ (ALMANAC ARCHIVIST V1.0),Искусство бумажного дневника,,,Europe/Riga,,,
AL-10.04-18-02-CHRONOS,2026/04/10/AL-10.04-18-02-CHRONOS.md,2026-04-10,18:04,CORE,ГОТОВ (ALMANAC ARCHIVIST V1.0),Янус: Бог порогов и апреля,,,Europe/Riga,,,
AL-11.04-15-04-BAKERY,2026/04/11/AL-11.04-15-04-BAKERY.md,2026-04-11,15:04,UTILITY,ГОТОВ (ALMANAC RECIPE TECHNICIAN V2.0),Торт Павлова: История Балерины,,,Europe/Riga,,,
AL-11.04-18-02-FRAGMENT,2026/04/11/AL-11.04-18-02-FRAGMENT.md,2026-04-11,18:04,CORE,ГОТОВ (ALMANAC ARCHIVIST V1.0),Лабиринт Минотавра: Тень внутри,,,Europe/Riga,,,
AL-12.04-15-04-BAKERY,2026/04/12/AL-12.04-15-04-BAKERY.md,2026-04-12,15:04,UTILITY,ГОТОВ (ALMANAC RECIPE TECHNICIAN V2.0),Десерт Амброзия: Еда Богов,,,Europe/Riga,,,
AL-12.04-15-04-LISTS,2026/04/12/AL-12.04-15-04-LISTS.md,2026-04-12,15:04,UTILITY,ГОТОВ (ALMANAC ARCHIVIST V1.0),"Фильмы, где ничего не происходит",,,Europe/Riga,,,
AL-12.04-18-02-LORE,2026/04/12/AL-12.04-18-02-LORE.md,2026-04-12,18:04,CORE,ГОТОВ (ALMANAC ARCHIVIST V1.0),Иггдрасиль: Мировое Древо,,,Europe/Riga,,,
AL-13.04-15-04-BAKERY-Palmier,2026/04/13/AL-13.04-15-04-BAKERY-Palmier.md,2026-04-13,15:04,"Marginalia, BAKERY",ГОТОВ (ALMANAC ARCHIVIST V2.0),Песочная геометрия: механика идеального слоеного ушка,,,Europe/Riga,,,
AL-13.04-18-02-LORE-SleepingForest,2026/04/13/AL-13.04-18-02-LORE-SleepingForest.md,2026-04-13,18:04,"Marginalia, LORE",ГОТОВ (ALMANAC ARCHIVIST V2.0),Мотив спящего леса в мифологии и сказках,,,Europe/Riga,,,
AL-14.04-15-04-LISTS-FogMovies,2026/04/14/AL-14.04-15-04-LISTS-FogMovies.md,2026-04-14,15:04,"Marginalia, LISTS",ГОТОВ (ALMANAC ARCHIVIST V2.0),4 фильма с идеальным туманом,,,Europe/Riga,,,
AL-14.04-18-02-CHRONOS-FairyTime,2026/04/14/AL-14.04-18-02-CHRONOS-FairyTime.md,2026-04-14,18:04,"Marginalia, CHRONOS",ГОТОВ (ALMANAC ARCHIVIST V2.0),Колесо года: механика перехода от Остары к Белтейну,,,Europe/Riga,,,
AL-15.04-15-04-WORKFLOW-DraftMechanics,2026/04/15/AL-15.04-15-04-WORKFLOW-DraftMechanics.md,2026-04-15,15:04,"Marginalia, WORKFLOW",ГОТОВ (ALMANAC ARCHIVIST V2.0),Механика черновика: почему лучшие мысли рождаются на полях,,,Europe/Riga,,,
AL-15.04-18-02-SOURCE-AndersenIce,2026/04/15/AL-15.04-18-02-SOURCE-AndersenIce.md,2026-04-15,18:04,"Marginalia, SOURCE",ГОТОВ (ALMANAC ARCHIVIST V2.0),Сказки Андерсена: лед и зеркала как символы,,,Europe/Riga,,,
AL-16.04-15-04-BAKERY-CinnamonKnot,2026/04/16/AL-16.04-15-04-BAKERY-CinnamonKnot.md,2026-04-16,15:04,"BAKERY, NARRATIVE",ГОТОВ (ALMANAC ARCHIVIST V2.0),Коричный узел: Геометрия закручивания,,,Europe/Riga,,,
AL-16.04-18-02-SOURCE-Grimm,2026/04/16/AL-16.04-18-02-SOURCE-Grimm.md,2026-04-16,18:04,"SOURCE, MYTH",ГОТОВ (ALMANAC ARCHIVIST V2.0),Братья Гримм: Сахарные домики как архетип соблазна,,,Europe/Riga,,,
AL-17.04-10-00-BAKERY-Medovik,2026/04/17/AL-17.04-10-00-BAKERY-Medovik.md,2026-04-17,10:04,"BAKERY, PATISSERIE",ГОТОВ (ALMANAC ARCHIVIST V2.0),Медовик: Архитектура 12 слоев,,,Europe/Riga,,,
AL-17.04-18-02-CHRONOS-Beltain,2026/04/17/AL-17.04-18-02-CHRONOS-Beltain.md,2026-04-17,18:04,"CHRONOS, RITUAL",ГОТОВ (ALMANAC ARCHIVIST V2.0),Предчувствие Белтейна: Огни в тумане,,,Europe/Riga,,,
AL-18.04-12-00-BAKERY-BlueberryTart,2026/04/18/AL-18.04-12-00-BAKERY-BlueberryTart.md,2026-04-18,12:04,"BAKERY, PATISSERIE",ГОТОВ (ALMANAC ARCHIVIST V2.0),Черничный тарт: Цвет северных сумерек,,,Europe/Riga,,,
AL-18.04-21-00-LORE-EternalOrnament,2026/04/18/AL-18.04-21-00-LORE-EternalOrnament.md,2026-04-18,21:04,"LORE, SYMBOL",ГОТОВ (ALMANAC ARCHIVIST V2.0),Орнамент бесконечности: Космический код в ткани,,,Europe/Riga,,,
AL-19.04-15-04-BAKERY-CottageCheeseCookies,2026/04/19/AL-19.04-15-04-BAKERY-CottageCheeseCookies.md,2026-04-19,15:04,#BAKERY,ГОТОВ (EDITORIAL ANALYST V4.0),Творожное печенье «Белые камни тумана»,,,Europe/Riga,,,
AL-19.04-18-02-SOURCE-HoffmannShadows,2026/04/19/AL-19.04-18-02-SOURCE-HoffmannShadows.md,2026-04-19,18:04,#SOURCE,ГОТОВ (EDITORIAL ANALYST V4.0),Тени Гофмана: Кража отражений,,,Europe/Riga,,,
AL-20.04-15-04-LISTS-LinenTextures,2026/04/20/AL-20.04-15-04-LISTS-LinenTextures.md,2026-04-20,15:04,#LISTS,ГОТОВ (EDITORIAL ANALYST V4.0),5 тактильных кодов балтийского минимализма,,,Europe/Riga,,,
AL-20.04-18-02-CHRONOS-FairyTalePhysics,2026/04/20/AL-20.04-18-02-CHRONOS-FairyTalePhysics.md,2026-04-20,18:04,#CHRONOS,ГОТОВ (EDITORIAL ANALYST V4.0),Физика сказочного времени: Дилатация и лиминальность,,,Europe/Riga,,,
AL-21.04-15-04-BAKERY-CinnamonBuns,2026/04/21/AL-21.04-15-04-BAKERY-CinnamonBuns.md,2026-04-21,15:04,#BAKERY,ГОТОВ (EDITORIAL ANALYST V4.0),Булочки с корицей: Ритуал «медленного времени»,,,Europe/Riga,,,
AL-21.04-18-02-CHRONOS-JurgiMovingDay,2026/04/21/AL-21.04-18-02-CHRONOS-JurgiMovingDay.md,2026-04-21,18:04,#CHRONOS,ГОТОВ (EDITORIAL ANALYST V4.0),Канун Jurģi: Магия переезда и защиты,,,Europe/Riga,,,
AL-22.04-15-04-BAKERY-Cannele,2026/04/22/AL-22.04-15-04-BAKERY-Cannele.md,2026-04-22,15:04,BAKERY,ГОТОВ (EDITORIAL ANALYST V4.0),"Каннеле: Медь, воск и тишина",,,Europe/Riga,,,
AL-22.04-18-02-SOURCE-Persephone,2026/04/22/AL-22.04-18-02-SOURCE-Persephone.md,2026-04-22,18:04,SOURCE,ГОТОВ (EDITORIAL ANALYST V4.0),Миф о Персефоне: Зерно возвращения,,,Europe/Riga,,,
AL-23.04-15-04-BAKERY-Eclairs,2026/04/23/AL-23.04-15-04-BAKERY-Eclairs.md,2026-04-23,15:04,BAKERY,ГОТОВ (EDITORIAL ANALYST V4.0),Эклеры: Магия пара и пустоты,,,Europe/Riga,,,
AL-23.04-18-02-SOURCE-DanteBeatrice,2026/04/23/AL-23.04-18-02-SOURCE-DanteBeatrice.md,2026-04-23,18:04,SOURCE,ГОТОВ (EDITORIAL ANALYST V4.0),Данте и Беатриче: Поэтика недостижимого,,,Europe/Riga,,,
AL-24.04-15-04-BAKERY-OatCookies,2026/04/24/AL-24.04-15-04-BAKERY-OatCookies.md,2026-04-24,15:04,BAKERY,ГОТОВ (EDITORIAL ANALYST V4.0),Овсяное печенье: Эстетика грубого зерна,,,Europe/Riga,,,
AL-24.04-18-02-LORE-Golem,2026/04/24/AL-24.04-18-02-LORE-Golem.md,2026-04-24,18:04,LORE,ГОТОВ (EDITORIAL ANALYST V4.0),Голем: Бремя созидания,,,Europe/Riga,,,
AL-25.04-15-04-BAKERY-Tiramisu,2026/04/25/AL-25.04-15-04-BAKERY-Tiramisu.md,2026-04-25,15:04,BAKERY,ГОТОВ (EDITORIAL ANALYST V4.0),Тирамису: Воздушный подъем и кофе,,,Europe/Riga,,,
AL-25.04-18-02-SOURCE-BorgesLibrary,2026/04/25/AL-25.04-18-02-SOURCE-BorgesLibrary.md,2026-04-25,18:04,SOURCE,ГОТОВ (EDITORIAL ANALYST V4.0),Борхес и Вавилонская библиотека: Геометрия бесконечности,,,Europe/Riga,,,
AL-26.04-15-04-WORKFLOW-EmptySheet,2026/04/26/AL-26.04-15-04-WORKFLOW-EmptySheet.md,2026-04-26,15:04,WORKFLOW,ГОТОВ (EDITORIAL ANALYST V4.0),Магия пустого листа: Страх и импульс,,,Europe/Riga,,,
AL-26.04-18-02-SOURCE-EcoNameRose,2026/04/26/AL-26.04-18-02-SOURCE-EcoNameRose.md,2026-04-26,18:04,SOURCE,ГОТОВ (EDITORIAL ANALYST V4.0),Умберто Эко и «Имя розы»: Библиотека как крепость,,,Europe/Riga,,,
AL-27.04-15-04-BAKERY-ParisBrest,2026/04/27/AL-27.04-15-04-BAKERY-ParisBrest.md,2026-04-27,15:04,BAKERY,ГОТОВ (EDITORIAL ANALYST V4.0),Париж-Брест: Колесо времени и пралине,,,Europe/Riga,,,
AL-27.04-18-02-SOURCE-WoolfStream,2026/04/27/AL-27.04-18-02-SOURCE-WoolfStream.md,2026-04-27,18:04,SOURCE,ГОТОВ (EDITORIAL ANALYST V4.0),Вирджиния Вулф: Поток сознания и время,,,Europe/Riga,,,
AL-28.04-15-04-BAKERY-VictorianSponge,2026/04/28/AL-28.04-15-04-BAKERY-VictorianSponge.md,2026-04-28,15:04,BAKERY,ГОТОВ (EDITORIAL ANALYST V4.0),Викторианский спонж: Магия равных долей,,,Europe/Riga,,,
AL-28.04-18-02-CHRONOS-Kairos,2026/04/28/AL-28.04-18-02-CHRONOS-Kairos.md,2026-04-28,18:04,CHRONOS,ГОТОВ (EDITORIAL ANALYST V4.0),"Кайрос: Время, пойманное за чуб",,,Europe/Riga,,,
AL-29.04-15-04-LISTS-SilkTextures,2026/04/29/AL-29.04-15-04-LISTS-SilkTextures.md,2026-04-29,15:04,LISTS,ГОТОВ (EDITORIAL ANALYST V4.0),4 фактуры шелка: Эстетика преломления,,,Europe/Riga,,,
AL-29.04-18-02-LORE-Chimera,2026/04/29/AL-29.04-18-02-LORE-Chimera.md,2026-04-29,18:04,LORE,ГОТОВ (EDITORIAL ANALYST V4.0),Химера: Мифология невозможного синтеза,,,Europe/Riga,,,
AL-30.04-15-04-LISTS-SpringStorm,2026/04/30/AL-30.04-15-04-LISTS-SpringStorm.md,2026-04-30,15:04,LISTS,ГОТОВ (EDITORIAL ANALYST V4.0),3 запаха весенней грозы: Озоновая очистка,,,Europe/Riga,,,
AL-30.04-18-02-ALMANAC-FINALE,2026/04/30/AL-30.04-18-02-ALMANAC-FINALE.md,2026-04-30,18:04,ALMANAC_FINALE,ГОТОВ (EDITORIAL ANALYST V4.0),Вальпургиева ночь: Сквозь тени к огню,,,Europe/Riga,,,
AL-01.05-10-04-CHRONOS-May-Dew,2026/05/01/AL-01.05-10-04-CHRONOS-May-Dew.md,2026-05-01,10:05,CHRONOS,ГОТОВ,Майская роса: Серебро линейного времени,,,Europe/Riga,,,
AL-01.05-15-04-BAKERY-Almond-Cloud,2026/05/01/AL-01.05-15-04-BAKERY-Almond-Cloud.md,2026-05-01,15:05,CAKES,ГОТОВ,Миндальный торт «Облако»: Цветение и текстура,,,Europe/Riga,,,
AL-02.05-10-04-LORE-Fates,2026/05/02/AL-02.05-10-04-LORE-Fates.md,2026-05-02,10:05,LORE,ГОТОВ,Парки: Ткачихи на пороге лета,,,Europe/Riga,,,
AL-02.05-15-04-LISTS-Linen-Text,2026/05/02/AL-02.05-15-04-LISTS-Linen-Text.md,2026-05-02,15:05,LISTS,ГОТОВ,4 текстуры дикого льна: Тактильный архив,,,Europe/Riga,,,
AL-03.05-10-04-SOURCE-Hoffmann,2026/05/03/AL-03.05-10-04-SOURCE-Hoffmann.md,2026-05-03,10:05,SOURCE,ГОТОВ,Тени Гофмана: Физика сказочного сумрака,,,Europe/Riga,,,
AL-03.05-15-04-FRAGMENT-Silver-Spoon,2026/05/03/AL-03.05-15-04-FRAGMENT-Silver-Spoon.md,2026-05-03,15:05,FRAGMENT,ГОТОВ,Сказка о серебряной ложке: Вспышка памяти,,,Europe/Riga,,,
AL-04.05-15-04-LISTS-Storm-Scent,2026/05/04/AL-04.05-15-04-LISTS-Storm-Scent.md,2026-05-04,15:05,"LISTS, SENSORY",ГОТОВ (ORCHESTRATION MASTER V8.0),4 аромата «после грозы». Ольфакторный пульс города.,,,Europe/Riga,,,
AL-04.05-18-02-LORE-Blacksmith,2026/05/04/AL-04.05-18-02-LORE-Blacksmith.md,2026-05-04,18:05,"LORE, MYTHOLOGY",ГОТОВ (ORCHESTRATION MASTER V8.0),Миф о небесном кузнеце. Очищение громом.,,,Europe/Riga,,,
AL-05.05-15-04-BAKERY-Blueberry-Fog,2026/05/05/AL-05.05-15-04-BAKERY-Blueberry-Fog.md,2026-05-05,15:05,"BAKERY, RECIPE",ГОТОВ (ORCHESTRATION MASTER V8.0),#BAKERY: Черничный пирог «Туманный берег».,,,Europe/Riga,,,
AL-05.05-18-02-CHRONOS-Blue-Hour,2026/05/05/AL-05.05-18-02-CHRONOS-Blue-Hour.md,2026-05-05,18:05,"CHRONOS, RITUAL",ГОТОВ (ORCHESTRATION MASTER V8.0),#CHRONOS: Ритуал синего часа. Наблюдение за светом.,,,Europe/Riga,,,
AL-06.05-15-04-LISTS-Abandoned-Gardens,2026/05/06/AL-06.05-15-04-LISTS-Abandoned-Gardens.md,2026-05-06,15:05,"LISTS, LITERATURE",ГОТОВ (ORCHESTRATION MASTER V8.0),3 книги о заброшенных садах. Метафоры памяти.,,,Europe/Riga,,,
AL-06.05-18-02-SOURCE-Moon-Plants,2026/05/06/AL-06.05-18-02-SOURCE-Moon-Plants.md,2026-05-06,18:05,"SOURCE, MYTHOLOGY",ГОТОВ (ORCHESTRATION MASTER V8.0),Селинология: Тайный язык цветов и Луны.,,,Europe/Riga,,,
AL-07.05-15-04-CHRONOS-Old-Glass,2026/05/07/AL-07.05-15-04-CHRONOS-Old-Glass.md,2026-05-07,15:05,"CHRONOS, FRAGMENT",ГОТОВ (ORCHESTRATION MASTER V8.0),#CHRONOS: Текстура старого стекла. Преломление времени.,,,Europe/Riga,,,
AL-07.05-18-02-LORE-Amber-Tear,2026/05/07/AL-07.05-18-02-LORE-Amber-Tear.md,2026-05-07,18:05,"LORE, MYTHOLOGY",ГОТОВ (ORCHESTRATION MASTER V8.0),#LORE: Легенда о янтарной слезе. Baltic Anchor.,,,Europe/Riga,,,
AL-08.05-15-04-BAKERY-Lemon-Madeleines,2026/05/08/AL-08.05-15-04-BAKERY-Lemon-Madeleines.md,2026-05-08,15:05,"BAKERY, RECIPE",ГОТОВ (ORCHESTRATION MASTER V8.0),#BAKERY: Лимонные мадлен «Память сердца».,,,Europe/Riga,,,
AL-08.05-18-02-LISTS-Light-Schemes,2026/05/08/AL-08.05-18-02-LISTS-Light-Schemes.md,2026-05-08,18:05,"LISTS, VISUAL",ГОТОВ (ORCHESTRATION MASTER V8.0),3 световые схемы для съемки в стиле 35mm.,,,Europe/Riga,,,
AL-09.05-10-04-LORE-Kitsune,2026/05/09/AL-09.05-10-04-LORE-Kitsune.md,2026-05-09,10:05,LORE,ГОТОВ,Японская мифология: Кицунэ и природа реальности,,,Europe/Riga,,,
AL-09.05-15-04-CAKES-Rhubarb-Strawberry,2026/05/09/AL-09.05-15-04-CAKES-Rhubarb-Strawberry.md,2026-05-09,15:05,CAKES,ГОТОВ,Сезонная выпечка: Пирог с ревенем и первой клубникой,,,Europe/Riga,,,
AL-09.05-18-02-CHRONOS-Storm-Silence,2026/05/09/AL-09.05-18-02-CHRONOS-Storm-Silence.md,2026-05-09,18:05,CHRONOS,ГОТОВ (EDITORIAL ANALYST V4.0),Сенсорика момента: Предгрозовое состояние воздуха,,,Europe/Riga,,,
AL-10.05-10-04-FRAGMENT-Dew-Metal,2026/05/10/AL-10.05-10-04-FRAGMENT-Dew-Metal.md,2026-05-10,10:05,FRAGMENT,ГОТОВ (EDITORIAL ANALYST V4.0),Фрагмент: Майская роса на холодном металле,,,Europe/Riga,,,
AL-10.05-15-04-LISTS-Tart-Edges,2026/05/10/AL-10.05-15-04-LISTS-Tart-Edges.md,2026-05-10,15:05,LISTS,ГОТОВ,Сервис: 5 техник идеального «бортика» для тартов,,,Europe/Riga,,,
AL-10.05-18-02-CALENDAR-Turquoise-Threshold,2026/05/10/AL-10.05-18-02-CALENDAR-Turquoise-Threshold.md,2026-05-10,18:05,CALENDAR,ГОТОВ,Архетипы: Бирюза и магия торжественного входа,,,Europe/Riga,,,
AL-11.05-10-04-LORE-Arachne,2026/05/11/AL-11.05-10-04-LORE-Arachne.md,2026-05-11,10:05,LORE,ГОТОВ,Греческая мифология: Арахна и цена безупречности,,,Europe/Riga,,,
AL-11.05-15-04-CAKES-Rose-Sponge,2026/05/11/AL-11.05-15-04-CAKES-Rose-Sponge.md,2026-05-11,15:05,CAKES,ГОТОВ,Классическая выпечка: Викторианский спонж с лепестками роз,,,Europe/Riga,,,
AL-11.05-18-02-WHEEL-Spring-Peak,2026/05/11/AL-11.05-18-02-WHEEL-Spring-Peak.md,2026-05-11,18:05,WHEEL,ГОТОВ,Круг года: Пик весны и биологический порог,,,Europe/Riga,,,
AL-12.05-10-04-SOURCE-Andersen-Cold,2026/05/12/AL-12.05-10-04-SOURCE-Andersen-Cold.md,2026-05-12,10:05,SOURCE,ГОТОВ,Авторские тексты: Андерсен и метафизика ледяного сердца,,,Europe/Riga,,,
AL-12.05-15-04-BUNS-Cardamom-Snails,2026/05/12/AL-12.05-15-04-BUNS-Cardamom-Snails.md,2026-05-12,15:05,BUNS,ГОТОВ,Домашняя выпечка: Улитки с кардамоном и ванилью,,,Europe/Riga,,,
AL-12.05-18-02-HERITAGE-Living-Fire,2026/05/12/AL-12.05-18-02-HERITAGE-Living-Fire.md,2026-05-12,18:05,HERITAGE,ГОТОВ,Исчезающие ритуалы: Добыча живого огня,,,Europe/Riga,,,
AL-13.05-10-04-OMENS-Water-Signs,2026/05/13/AL-13.05-10-04-OMENS-Water-Signs.md,2026-05-13,10:05,OMENS,ГОТОВ,Приметы: Майские знаки воды и птиц,,,Europe/Riga,,,
AL-13.05-15-04-RECIPE-Meringue-Tech,2026/05/13/AL-13.05-15-04-RECIPE-Meringue-Tech.md,2026-05-13,15:05,RECIPE,ГОТОВ,Техника: Французская меренга - Физика структуры,,,Europe/Riga,,,
AL-13.05-18-02-CHRONOS-Temp-Break,2026/05/13/AL-13.05-18-02-CHRONOS-Temp-Break.md,2026-05-13,18:05,CHRONOS,ГОТОВ (EDITORIAL ANALYST V4.0),Сенсорика: Температурный перелом в мае,,,Europe/Riga,,,
AL-14.05-10-04-LORE-Hermes-Lot,2026/05/14/AL-14.05-10-04-LORE-Hermes-Lot.md,2026-05-14,10:05,LORE,ГОТОВ,Греческая мифология: Гермес и архитектура жребия,,,Europe/Riga,,,
AL-14.05-15-04-PATISSERIE-Pear-Tatin,2026/05/14/AL-14.05-15-04-PATISSERIE-Pear-Tatin.md,2026-05-14,15:05,PATISSERIE,ГОТОВ,Высокая выпечка: Тарт Татен с грушей и розмарином,,,Europe/Riga,,,
AL-14.05-18-02-CALENDAR-The-Chosen-One,2026/05/14/AL-14.05-18-02-CALENDAR-The-Chosen-One.md,2026-05-14,18:05,CALENDAR,ГОТОВ,Архетипы: Фигура «Избранного» в фольклоре,,,Europe/Riga,,,
AL-15.05-10-04-SOURCE-Borges-Archive,2026/05/15/AL-15.05-10-04-SOURCE-Borges-Archive.md,2026-05-15,10:05,SOURCE,ГОТОВ,Авторские тексты: Борхес и Вавилонская библиотека,,,Europe/Riga,,,
AL-15.05-15-04-BUNS-Lemon-Glaze,2026/05/15/AL-15.05-15-04-BUNS-Lemon-Glaze.md,2026-05-15,15:05,BUNS,ГОТОВ,Пятничный ритуал: Лимонные булочки с глазурью,,,Europe/Riga,,,
AL-15.05-18-02-CHRONOS-13-Hours,2026/05/15/AL-15.05-18-02-CHRONOS-13-Hours.md,2026-05-15,18:05,CHRONOS,ГОТОВ (EDITORIAL ANALYST V4.0),Сенсорика момента: 13 часов чистого света,,,Europe/Riga,,,
AL-16.05-10-04-SOURCE-Andersen-Mermaid,2026/05/16/AL-16.05-10-04-SOURCE-Andersen-Mermaid.md,2026-05-16,10:05,SOURCE,ГОТОВ,"Андерсен «Русалочка» - Любовь, которую нельзя было назвать",,,Europe/Riga,,,
AL-16.05-15-04-BUNS-Bird-Cherry,2026/05/16/AL-16.05-15-04-BUNS-Bird-Cherry.md,2026-05-16,15:05,BUNS,ГОТОВ,Черёмуховые булочки - Горечь короткого окна,,,Europe/Riga,,,
AL-16.05-18-02-CHRONOS-Bird-Cherry-Evening,2026/05/16/AL-16.05-18-02-CHRONOS-Bird-Cherry-Evening.md,2026-05-16,18:05,CHRONOS,ГОТОВ,Черёмуха в 18:02 - Запах как пороговый маркер,,,Europe/Riga,,,
AL-17.05-10-04-LORE-Morrigan,2026/05/17/AL-17.05-10-04-LORE-Morrigan.md,2026-05-17,10:05,LORE,ГОТОВ,Морриган - Прачка у брода,,,Europe/Riga,,,
AL-17.05-15-04-CAKES-Opera,2026/05/17/AL-17.05-15-04-CAKES-Opera.md,2026-05-17,15:05,CAKES,ГОТОВ,Торт Опера - Семь слоёв молчания,,,Europe/Riga,,,
AL-17.05-18-02-CALENDAR-May-Day-Beltane,2026/05/17/AL-17.05-18-02-CALENDAR-May-Day-Beltane.md,2026-05-17,18:05,CALENDAR,ГОТОВ,Первомай и Белтейн - Один архетип через три тысячи лет,,,Europe/Riga,,,
AL-18.05-10-04-FRAGMENT-Amber-Window,2026/05/18/AL-18.05-10-04-FRAGMENT-Amber-Window.md,2026-05-18,10:05,FRAGMENT,ГОТОВ,Янтарь на подоконнике,,,Europe/Riga,,,
AL-18.05-15-04-WORKFLOW-Cold-Butter,2026/05/18/AL-18.05-15-04-WORKFLOW-Cold-Butter.md,2026-05-18,15:05,WORKFLOW,ГОТОВ,Протокол работы с холодным маслом,,,Europe/Riga,,,
AL-18.05-18-02-CHRONOS-First-No-Sweater,2026/05/18/AL-18.05-18-02-CHRONOS-First-No-Sweater.md,2026-05-18,18:05,CHRONOS,ГОТОВ,Первый вечер без свитера,,,Europe/Riga,,,
AL-19.05-10-04-LORE-Persephone,2026/05/19/AL-19.05-10-04-LORE-Persephone.md,2026-05-19,10:05,LORE,ГОТОВ,"Персефона - Имя, которое выбрала сама",,,Europe/Riga,,,
AL-19.05-15-04-CAKES-Strawberry,2026/05/19/AL-19.05-15-04-CAKES-Strawberry.md,2026-05-19,15:05,CAKES,ГОТОВ,Клубничный торт - Нарратив кислой ягоды,,,Europe/Riga,,,
AL-19.05-18-02-CHRONOS-Five-Hour-Night,2026/05/19/AL-19.05-18-02-CHRONOS-Five-Hour-Night.md,2026-05-19,18:05,CHRONOS,ГОТОВ,Пять часов настоящей ночи,,,Europe/Riga,,,
AL-20.05-10-04-SOURCE-Bulgakov,2026/05/20/AL-20.05-10-04-SOURCE-Bulgakov.md,2026-05-20,10:05,SOURCE,ГОТОВ,Булгаков - «Рукописи не горят» как провокация,,,Europe/Riga,,,
AL-20.05-15-04-PATISSERIE-Madeleine,2026/05/20/AL-20.05-15-04-PATISSERIE-Madeleine.md,2026-05-20,15:05,PATISSERIE,ГОТОВ,Мадлен - Горб как доказательство,,,Europe/Riga,,,
AL-20.05-18-02-CALENDAR-The-Returner,2026/05/20/AL-20.05-18-02-CALENDAR-The-Returner.md,2026-05-20,18:05,CALENDAR,ГОТОВ,Архетип Возвращающегося - один сюжет в четырёх культурах,,,Europe/Riga,,,
AL-21.05-10-04-OMENS-Bird-Cherry-Cold,2026/05/21/AL-21.05-10-04-OMENS-Bird-Cherry-Cold.md,2026-05-21,10:05,OMENS,ГОТОВ,Черёмуховые холода - Физика народного наблюдения,,,Europe/Riga,,,
AL-21.05-15-04-RECIPE-Italian-Meringue,2026/05/21/AL-21.05-15-04-RECIPE-Italian-Meringue.md,2026-05-21,15:05,RECIPE,ГОТОВ,Итальянская меренга - Почему горячий сироп,,,Europe/Riga,,,
AL-21.05-18-02-HERITAGE-First-Cattle-Drive,2026/05/21/AL-21.05-18-02-HERITAGE-First-Cattle-Drive.md,2026-05-21,18:05,HERITAGE,ГОТОВ,Первый выгон скота - Ритуал порога пастбища,,,Europe/Riga,,,
AL-22.05-10-04-LORE-Hekate,2026/05/22/AL-22.05-10-04-LORE-Hekate.md,2026-05-22,10:05,LORE,ГОТОВ,Геката - Старше Олимпа,,,Europe/Riga,,,
AL-22.05-15-04-CAKES-Medovik,2026/05/22/AL-22.05-15-04-CAKES-Medovik.md,2026-05-22,15:05,CAKES,ГОТОВ,Медовик - Архитектура ожидания,,,Europe/Riga,,,
AL-22.05-18-02-CHRONOS-Sun-Wall,2026/05/22/AL-22.05-18-02-CHRONOS-Sun-Wall.md,2026-05-22,18:05,CHRONOS,ГОТОВ,Стена держит день,,,Europe/Riga,,,
AL-23.05-10-04-LORE-Hephaestus,2026/05/23/AL-23.05-10-04-LORE-Hephaestus.md,2026-05-23,10:05,LORE,ГОТОВ,Гефест - Невидимая ось Олимпа,,,Europe/Riga,,,
AL-23.05-15-04-CAKES-Black-Forest,2026/05/23/AL-23.05-15-04-CAKES-Black-Forest.md,2026-05-23,15:05,CAKES,ГОТОВ,Чёрный лес - Архитектура контраста,,,Europe/Riga,,,
AL-23.05-18-02-HERITAGE-Nine-Herbs,2026/05/23/AL-23.05-18-02-HERITAGE-Nine-Herbs.md,2026-05-23,18:05,HERITAGE,ГОТОВ,Девять трав Лиго - Календарь сбора,,,Europe/Riga,,,
AL-24.05-10-04-FRAGMENT-Cracked-Saucer,2026/05/24/AL-24.05-10-04-FRAGMENT-Cracked-Saucer.md,2026-05-24,10:05,FRAGMENT,ГОТОВ,Треснувшее блюдце,,,Europe/Riga,,,
AL-24.05-15-04-LISTS-Late-May-Smells,2026/05/24/AL-24.05-15-04-LISTS-Late-May-Smells.md,2026-05-24,15:05,LISTS,ГОТОВ,Четыре запаха конца мая,,,Europe/Riga,,,
AL-24.05-18-02-CALENDAR-Pentecost,2026/05/24/AL-24.05-18-02-CALENDAR-Pentecost.md,2026-05-24,18:05,CALENDAR,ГОТОВ,Огонь на пятидесятый день - Пятидесятница в трёх культурах,,,Europe/Riga,,,
AL-25.05-10-04-LORE-Yggdrasil,2026/05/25/AL-25.05-10-04-LORE-Yggdrasil.md,2026-05-25,10:05,LORE,ГОТОВ,"Иггдрасиль - дерево, которое умирает непрерывно",,,Europe/Riga,,,
AL-25.05-15-04-CAKES-Esterhazy,2026/05/25/AL-25.05-15-04-CAKES-Esterhazy.md,2026-05-25,15:05,CAKES,ГОТОВ,Эстерхази - орех против шоколада,,,Europe/Riga,,,
AL-25.05-18-02-CHRONOS-Cut-Grass,2026/05/25/AL-25.05-18-02-CHRONOS-Cut-Grass.md,2026-05-25,18:05,CHRONOS,ГОТОВ,Запах скошенной травы в первый раз за год,,,Europe/Riga,,,
AL-26.05-10-04-SOURCE-Poe-Usher,2026/05/26/AL-26.05-10-04-SOURCE-Poe-Usher.md,2026-05-26,10:05,SOURCE,ГОТОВ,По «Падение дома Ашеров» - дом как психика,,,Europe/Riga,,,
AL-26.05-15-04-PATISSERIE-Canele,2026/05/26/AL-26.05-15-04-PATISSERIE-Canele.md,2026-05-26,15:05,PATISSERIE,ГОТОВ,Канеле - почему нужна медная форма,,,Europe/Riga,,,
AL-26.05-18-02-CHRONOS-First-Storm,2026/05/26/AL-26.05-18-02-CHRONOS-First-Storm.md,2026-05-26,18:05,CHRONOS,ГОТОВ,Первые майские грозы - три запаха в строгой последовательности,,,Europe/Riga,,,
AL-27.05-10-04-OMENS-Fallen-Spoon,2026/05/27/AL-27.05-10-04-OMENS-Fallen-Spoon.md,2026-05-27,10:05,OMENS,ГОТОВ,Упавшая ложка - кто идёт,,,Europe/Riga,,,
AL-27.05-15-04-RECIPE-Tempering,2026/05/27/AL-27.05-15-04-RECIPE-Tempering.md,2026-05-27,15:05,RECIPE,ГОТОВ,Темперирование шоколада - форма V,,,Europe/Riga,,,
AL-27.05-18-02-HERITAGE-Green-Whitsun,2026/05/27/AL-27.05-18-02-HERITAGE-Green-Whitsun.md,2026-05-27,18:05,HERITAGE,ГОТОВ,Зелёные святки - что исчезло раньше зелени,,,Europe/Riga,,,
AL-28.05-10-04-SOURCE-Woolf-Waves,2026/05/28/AL-28.05-10-04-SOURCE-Woolf-Waves.md,2026-05-28,10:05,SOURCE,ГОТОВ,Вирджиния Вулф «Волны» - время как ритм,,,Europe/Riga,,,
AL-28.05-15-04-CAKES-Sacher,2026/05/28/AL-28.05-15-04-CAKES-Sacher.md,2026-05-28,15:05,CAKES,ГОТОВ,Захер - семь лет за одно слово,,,Europe/Riga,,,
AL-28.05-18-02-CHRONOS-Seventeen-Hours,2026/05/28/AL-28.05-18-02-CHRONOS-Seventeen-Hours.md,2026-05-28,18:05,CHRONOS,ГОТОВ,17 часов света - тело уже перенастроилось,,,Europe/Riga,,,
AL-29.05-10-04-SOURCE-Gogol-Viy,2026/05/29/AL-29.05-10-04-SOURCE-Gogol-Viy.md,2026-05-29,10:05,SOURCE,ГОТОВ,Гоголь «Вий» - страх как точная механика,,,Europe/Riga,,,
AL-29.05-15-04-BUNS-Elderflower,2026/05/29/AL-29.05-15-04-BUNS-Elderflower.md,2026-05-29,15:05,BUNS,ГОТОВ,Бузиновые булочки - окно открылось,,,Europe/Riga,,,
AL-29.05-18-02-CHRONOS-Lilac-Goodbye,2026/05/29/AL-29.05-18-02-CHRONOS-Lilac-Goodbye.md,2026-05-29,18:05,CHRONOS,ГОТОВ,Сирень уходит - последние дни до 2027 года,,,Europe/Riga,,,
AL-30.05-10-04-LORE-Freyja,2026/05/30/AL-30.05-10-04-LORE-Freyja.md,2026-05-30,10:05,LORE,ГОТОВ,Фрейя - богиня которая выбирает первой,,,Europe/Riga,,,
AL-30.05-15-04-CAKES-Pavlova,2026/05/30/AL-30.05-15-04-CAKES-Pavlova.md,2026-05-30,15:05,CAKES,ГОТОВ,Pavlova - облако для последних весенних ягод,,,Europe/Riga,,,
AL-30.05-18-02-HERITAGE-Well-Offering,2026/05/30/AL-30.05-18-02-HERITAGE-Well-Offering.md,2026-05-30,18:05,HERITAGE,ГОТОВ,Задабривание колодца - договор с водой,,,Europe/Riga,,,
AL-31.05-10-04-FRAGMENT-Stone-Hole,2026/05/31/AL-31.05-10-04-FRAGMENT-Stone-Hole.md,2026-05-31,10:05,FRAGMENT,ГОТОВ,"Куриный бог - камень, переживший имя",,,Europe/Riga,,,
AL-31.05-15-04-WORKFLOW-Elderflower,2026/05/31/AL-31.05-15-04-WORKFLOW-Elderflower.md,2026-05-31,15:05,WORKFLOW,ГОТОВ,Протокол работы с цветком бузины,,,Europe/Riga,,,
AL-31.05-18-02-CHRONOS-Last-May-Sunday,2026/05/31/AL-31.05-18-02-CHRONOS-Last-May-Sunday.md,2026-05-31,18:05,CHRONOS,ГОТОВ,Последний воскресный вечер мая - переход на углу,,,Europe/Riga,,,
AL-01.06-10-04-LORE-Baldur,2026/06/01/AL-01.06-10-04-LORE-Baldur.md,2026-06-01,10:06,LORE,ГОТОВ,Бальдр - храбрый идёт первым,,,Europe/Riga,,,
AL-01.06-15-04-CAKES-Snickers,2026/06/01/AL-01.06-15-04-CAKES-Snickers.md,2026-06-01,15:06,CAKES,ГОТОВ,"Snickers-торт - четыре вещи, которые никто не собирал вместе до 1930",,,Europe/Riga,,,
AL-01.06-18-02-CHRONOS-Meteorological-Summer,2026/06/01/AL-01.06-18-02-CHRONOS-Meteorological-Summer.md,2026-06-01,18:06,CHRONOS,ГОТОВ,Календарное лето - первый день,,,Europe/Riga,,,
AL-02.06-10-04-LORE-Dying-God,2026/06/02/AL-02.06-10-04-LORE-Dying-God.md,2026-06-02,10:06,LORE,ГОТОВ,Умирающий бог в четырёх культурах,,,Europe/Riga,,,
AL-02.06-15-04-PATISSERIE-Elderflower-Syrup,2026/06/02/AL-02.06-15-04-PATISSERIE-Elderflower-Syrup.md,2026-06-02,15:06,PATISSERIE,ГОТОВ,Бузиновый сироп - перевод аромата,,,Europe/Riga,,,
AL-02.06-18-02-CHRONOS-Pine-Noon,2026/06/02/AL-02.06-18-02-CHRONOS-Pine-Noon.md,2026-06-02,18:06,CHRONOS,ГОТОВ,Лес работает в полдень - запах хвои в полную силу,,,Europe/Riga,,,
AL-03.06-10-04-OMENS-First-Thunder,2026/06/03/AL-03.06-10-04-OMENS-First-Thunder.md,2026-06-03,10:06,OMENS,ГОТОВ,Первый гром - можно купаться,,,Europe/Riga,,,
AL-03.06-15-04-RECIPE-Choux,2026/06/03/AL-03.06-15-04-RECIPE-Choux.md,2026-06-03,15:06,RECIPE,ГОТОВ,"Заварное тесто - тесто, которое делают дважды",,,Europe/Riga,,,
AL-03.06-18-02-CHRONOS-No-Heater,2026/06/03/AL-03.06-18-02-CHRONOS-No-Heater.md,2026-06-03,18:06,CHRONOS,ГОТОВ,Первое утро без обогревателя,,,Europe/Riga,,,
AL-04.06-10-04-SOURCE-Chekhov,2026/06/04/AL-04.06-10-04-SOURCE-Chekhov.md,2026-06-04,10:06,SOURCE,ГОТОВ,Чехов «Палата №6» - кто из нас на каторге,,,Europe/Riga,,,
AL-04.06-15-04-CAKES-Wild-Strawberry,2026/06/04/AL-04.06-15-04-CAKES-Wild-Strawberry.md,2026-06-04,15:06,CAKES,ГОТОВ,"Земляничный торт - ягода, которая не нуждается в торте",,,Europe/Riga,,,
AL-04.06-18-02-CHRONOS-Caraway-Bloom,2026/06/04/AL-04.06-18-02-CHRONOS-Caraway-Bloom.md,2026-06-04,18:06,CHRONOS,ГОТОВ,Тмин зацвёл - окно перед Лиго,,,Europe/Riga,,,
AL-05.06-10-04-SOURCE-Akutagawa,2026/06/05/AL-05.06-10-04-SOURCE-Akutagawa.md,2026-06-05,10:06,SOURCE,ГОТОВ,Акутагава «В чаще» - семь правд одного убийства,,,Europe/Riga,,,
AL-05.06-15-04-BUNS-Caraway,2026/06/05/AL-05.06-15-04-BUNS-Caraway.md,2026-06-05,15:06,BUNS,ГОТОВ,Булочки с тмином - хлеб с замедленным высвобождением,,,Europe/Riga,,,
AL-05.06-18-02-CALENDAR-World-Environment,2026/06/05/AL-05.06-18-02-CALENDAR-World-Environment.md,2026-06-05,18:06,CALENDAR,ГОТОВ,Всемирный день окружающей среды - что переоткрыли в 1972,,,Europe/Riga,,,
AL-06.06-10-04-LORE-Loki-Sigyn,2026/06/06/AL-06.06-10-04-LORE-Loki-Sigyn.md,2026-06-06,10:06,LORE,ГОТОВ,Локи и Сигюн - единственная безусловная любовь Асгарда,,,Europe/Riga,,,
AL-06.06-15-04-CAKES-Tres-Leches,2026/06/06/AL-06.06-15-04-CAKES-Tres-Leches.md,2026-06-06,15:06,CAKES,ГОТОВ,"Tres Leches - торт, который должен быть мокрым",,,Europe/Riga,,,
AL-06.06-18-02-HERITAGE-Sami-Yoik,2026/06/06/AL-06.06-18-02-HERITAGE-Sami-Yoik.md,2026-06-06,18:06,HERITAGE,ГОТОВ,"Самский йойк - звуковая фотография, исчезающая с носителем",,,Europe/Riga,,,
AL-07.06-10-04-FRAGMENT-Old-Key,2026/06/07/AL-07.06-10-04-FRAGMENT-Old-Key.md,2026-06-07,10:06,FRAGMENT,ГОТОВ,Старый ключ без замка,,,Europe/Riga,,,
AL-07.06-15-04-LISTS-First-Summer-Smells,2026/06/07/AL-07.06-15-04-LISTS-First-Summer-Smells.md,2026-06-07,15:06,LISTS,ГОТОВ,Четыре первых летних запаха,,,Europe/Riga,,,
AL-07.06-18-02-CALENDAR-Mothers-Day,2026/06/07/AL-07.06-18-02-CALENDAR-Mothers-Day.md,2026-06-07,18:06,CALENDAR,ГОТОВ,День матери - праздник без всемирной даты,,,Europe/Riga,,,
AL-08.06-10-04-LORE-Lilith,2026/06/08/AL-08.06-10-04-LORE-Lilith.md,2026-06-08,10:06,LORE,ГОТОВ,"Лилит - женщина, которую вычеркнули из Бытия",,,Europe/Riga,,,
AL-08.06-15-04-CAKES-Praga,2026/06/08/AL-08.06-15-04-CAKES-Praga.md,2026-06-08,15:06,CAKES,ГОТОВ,"Прага - торт, который родился не в Праге",,,Europe/Riga,,,
AL-08.06-18-02-CHRONOS-Hay-Coumarin,2026/06/08/AL-08.06-18-02-CHRONOS-Hay-Coumarin.md,2026-06-08,18:06,CHRONOS,ГОТОВ,"Запах сена - одна молекула, три имени",,,Europe/Riga,,,
AL-09.06-10-04-SOURCE-Kafka,2026/06/09/AL-09.06-10-04-SOURCE-Kafka.md,2026-06-09,10:06,SOURCE,ГОТОВ,"Кафка «Превращение» - семья, которой облегчение",,,Europe/Riga,,,
AL-09.06-15-04-PATISSERIE-Elderflower-Cremeux,2026/06/09/AL-09.06-15-04-PATISSERIE-Elderflower-Cremeux.md,2026-06-09,15:06,PATISSERIE,ГОТОВ,Бузиновое cremeux - третья текстура,,,Europe/Riga,,,
AL-09.06-18-02-CHRONOS-Four-Hour-Night,2026/06/09/AL-09.06-18-02-CHRONOS-Four-Hour-Night.md,2026-06-09,18:06,CHRONOS,ГОТОВ,Четыре часа настоящей темноты,,,Europe/Riga,,,
AL-10.06-10-04-OMENS-Low-Birds,2026/06/10/AL-10.06-10-04-OMENS-Low-Birds.md,2026-06-10,10:06,OMENS,ГОТОВ,Птицы летят низко - три звена пищевой цепочки,,,Europe/Riga,,,
AL-10.06-15-04-RECIPE-Puff-Pastry,2026/06/10/AL-10.06-15-04-RECIPE-Puff-Pastry.md,2026-06-10,15:06,RECIPE,ГОТОВ,Слоёное тесто - математика хрустящего,,,Europe/Riga,,,
AL-10.06-18-02-HERITAGE-Transhumance,2026/06/10/AL-10.06-18-02-HERITAGE-Transhumance.md,2026-06-10,18:06,HERITAGE,ГОТОВ,Transhumance - миллионы животных идут вверх прямо сейчас,,,Europe/Riga,,,
AL-11.06-10-04-SOURCE-Kawabata,2026/06/11/AL-11.06-10-04-SOURCE-Kawabata.md,2026-06-11,10:06,SOURCE,ГОТОВ,Кавабата «Снежная страна» - красота в моменте исчезновения,,,Europe/Riga,,,
AL-11.06-15-04-CAKES-Basque-Burnt,2026/06/11/AL-11.06-15-04-CAKES-Basque-Burnt.md,2026-06-11,15:06,CAKES,ГОТОВ,"Basque Burnt Cheesecake - чизкейк, который должен сгореть",,,Europe/Riga,,,
AL-11.06-18-02-CHRONOS-NW-Glow,2026/06/11/AL-11.06-18-02-CHRONOS-NW-Glow.md,2026-06-11,18:06,CHRONOS,ГОТОВ,Северо-западный угол неба горит ночью,,,Europe/Riga,,,
AL-12.06-10-04-SOURCE-Platonov,2026/06/12/AL-12.06-10-04-SOURCE-Platonov.md,2026-06-12,10:06,SOURCE,ГОТОВ,Платонов «Котлован» - яма как метод,,,Europe/Riga,,,
AL-12.06-15-04-BUNS-Challah,2026/06/12/AL-12.06-15-04-BUNS-Challah.md,2026-06-12,15:06,BUNS,ГОТОВ,Хала - хлеб для одного вечера в неделю,,,Europe/Riga,,,
AL-12.06-18-02-CHRONOS-Plateau,2026/06/12/AL-12.06-18-02-CHRONOS-Plateau.md,2026-06-12,18:06,CHRONOS,ГОТОВ,Плато перед обвалом - свет почти не растёт,,,Europe/Riga,,,
AL-13.06-10-04-LORE-Inanna,2026/06/13/AL-13.06-10-04-LORE-Inanna.md,2026-06-13,10:06,LORE,ГОТОВ,"Иннана - семь ворот, семь снятий, цена возвращения",,,Europe/Riga,,,
AL-13.06-15-04-CAKES-Red-Velvet,2026/06/13/AL-13.06-15-04-CAKES-Red-Velvet.md,2026-06-13,15:06,CAKES,ГОТОВ,Red Velvet - торт-фоссилия химической случайности,,,Europe/Riga,,,
AL-13.06-18-02-HERITAGE-Sand-Mandala,2026/06/13/AL-13.06-18-02-HERITAGE-Sand-Mandala.md,2026-06-13,18:06,HERITAGE,ГОТОВ,Тибетская песочная мандала - искусство для разрушения,,,Europe/Riga,,,
AL-14.06-10-04-FRAGMENT-Empty-Spool,2026/06/14/AL-14.06-10-04-FRAGMENT-Empty-Spool.md,2026-06-14,10:06,FRAGMENT,ГОТОВ,Пустая катушка из-под нитки,,,Europe/Riga,,,
AL-14.06-15-04-WORKFLOW-Herbs-For-Solstice,2026/06/14/AL-14.06-15-04-WORKFLOW-Herbs-For-Solstice.md,2026-06-14,15:06,WORKFLOW,ГОТОВ,Протокол сбора трёх трав за неделю до Литы,,,Europe/Riga,,,
AL-14.06-18-02-CALENDAR-Latvia-14-June,2026/06/14/AL-14.06-18-02-CALENDAR-Latvia-14-June.md,2026-06-14,18:06,CALENDAR,ГОТОВ,"14 июня в Латвии - две памяти, одна дата",,,Europe/Riga,,,
AL-15.06-10-04-LORE-Amaterasu,2026/06/15/AL-15.06-10-04-LORE-Amaterasu.md,2026-06-15,10:06,LORE,ГОТОВ,"Аматерасу - богиня, которую выманили из пещеры зеркалом",,,Europe/Riga,,,
AL-15.06-15-04-CAKES-Princess,2026/06/15/AL-15.06-15-04-CAKES-Princess.md,2026-06-15,15:06,CAKES,ГОТОВ,Принцесс-торт - летний луг под куполом,,,Europe/Riga,,,
AL-15.06-18-02-CHRONOS-Twenty-Two-Thirty,2026/06/15/AL-15.06-18-02-CHRONOS-Twenty-Two-Thirty.md,2026-06-15,18:06,CHRONOS,ГОТОВ,Свет в 22:30 - юридические сумерки в которые ещё можно читать,,,Europe/Riga,,,
AL-16.06-10-04-SOURCE-Shakespeare,2026/06/16/AL-16.06-10-04-SOURCE-Shakespeare.md,2026-06-16,10:06,SOURCE,ГОТОВ,"Шекспир «Сон в летнюю ночь» - этнография, не сказка",,,Europe/Riga,,,
AL-16.06-15-04-PATISSERIE-Strawberry-Tart,2026/06/16/AL-16.06-15-04-PATISSERIE-Strawberry-Tart.md,2026-06-16,15:06,PATISSERIE,ГОТОВ,Земляничный тарт - три техники под одной крышей,,,Europe/Riga,,,
AL-16.06-18-02-CHRONOS-Northern-Sleep,2026/06/16/AL-16.06-18-02-CHRONOS-Northern-Sleep.md,2026-06-16,18:06,CHRONOS,ГОТОВ,Северянин в июне зажат между двумя «не сейчас»,,,Europe/Riga,,,
AL-17.06-10-04-OMENS-Solstice-Dew,2026/06/17/AL-17.06-10-04-OMENS-Solstice-Dew.md,2026-06-17,10:06,OMENS,ГОТОВ,Утренняя роса перед солнцестоянием - химия в одной капле,,,Europe/Riga,,,
AL-17.06-15-04-RECIPE-Creme-Patissiere,2026/06/17/AL-17.06-15-04-RECIPE-Creme-Patissiere.md,2026-06-17,15:06,RECIPE,ГОТОВ,Заварной крем - окно в 12 градусов,,,Europe/Riga,,,
AL-17.06-18-02-HERITAGE-Hula-Kahiko,2026/06/17/AL-17.06-18-02-HERITAGE-Hula-Kahiko.md,2026-06-17,18:06,HERITAGE,ГОТОВ,Хула кахико - операционная система памяти островов,,,Europe/Riga,,,
AL-18.06-10-04-LORE-Shiva,2026/06/18/AL-18.06-10-04-LORE-Shiva.md,2026-06-18,10:06,LORE,ГОТОВ,Шива-танцор - создание через разрушение,,,Europe/Riga,,,
AL-18.06-15-04-CAKES-Raspberry,2026/06/18/AL-18.06-15-04-CAKES-Raspberry.md,2026-06-18,15:06,CAKES,ГОТОВ,Малиновый торт - техника невмешательства,,,Europe/Riga,,,
AL-18.06-18-02-CHRONOS-Sun-Stands,2026/06/18/AL-18.06-18-02-CHRONOS-Sun-Stands.md,2026-06-18,18:06,CHRONOS,ГОТОВ,Солнцестояние буквально - солнце стоит на всех языках,,,Europe/Riga,,,
AL-19.06-10-04-SOURCE-Basho,2026/06/19/AL-19.06-10-04-SOURCE-Basho.md,2026-06-19,10:06,SOURCE,ГОТОВ,Басё - хайку как сжатое присутствие,,,Europe/Riga,,,
AL-19.06-15-04-BUNS-Lemon,2026/06/19/AL-19.06-15-04-BUNS-Lemon.md,2026-06-19,15:06,BUNS,ГОТОВ,Лимонные булочки - цедра как концентрат,,,Europe/Riga,,,
AL-19.06-18-02-WHEEL-Lita-Two-Days,2026/06/19/AL-19.06-18-02-WHEEL-Lita-Two-Days.md,2026-06-19,18:06,WHEEL,ГОТОВ,Лита через 2 дня - астрономия пика,,,Europe/Riga,,,
AL-20.06-10-04-LORE-Fern-Flower,2026/06/20/AL-20.06-10-04-LORE-Fern-Flower.md,2026-06-20,10:06,LORE,ГОТОВ,Цвет папоротника - архетип невозможного цветка,,,Europe/Riga,,,
AL-20.06-15-04-CAKES-Lemon,2026/06/20/AL-20.06-15-04-CAKES-Lemon.md,2026-06-20,15:06,CAKES,ГОТОВ,Лимонный торт - анти-Захер,,,Europe/Riga,,,
AL-20.06-18-02-HERITAGE-Lita-Candles,2026/06/20/AL-20.06-18-02-HERITAGE-Lita-Candles.md,2026-06-20,18:06,HERITAGE,ГОТОВ,"Свечи в ночь Лиго - воск, которого больше нет",,,Europe/Riga,,,
AL-21.06-10-04-FRAGMENT-Button,2026/06/21/AL-21.06-10-04-FRAGMENT-Button.md,2026-06-21,10:06,FRAGMENT,ГОТОВ,Пуговица из несуществующего пальто,,,Europe/Riga,,,
AL-21.06-15-04-CAKES-Sakotis,2026/06/21/AL-21.06-15-04-CAKES-Sakotis.md,2026-06-21,15:06,CAKES,ГОТОВ,Шакотис - торт солнечных лучей,,,Europe/Riga,,,
AL-21.06-18-02-WHEEL-Lita,2026/06/21/AL-21.06-18-02-WHEEL-Lita.md,2026-06-21,18:06,WHEEL,ГОТОВ,ЛИТА - точка максимума года,,,Europe/Riga,,,
AL-22.06-10-04-LORE-Baldur-After,2026/06/22/AL-22.06-10-04-LORE-Baldur-After.md,2026-06-22,10:06,LORE,ГОТОВ,Бальдр после смерти - один отказ меняет возвращение,,,Europe/Riga,,,
AL-22.06-15-04-CAKES-Carrot,2026/06/22/AL-22.06-15-04-CAKES-Carrot.md,2026-06-22,15:06,CAKES,ГОТОВ,Морковный торт - дитя продовольственного дефицита,,,Europe/Riga,,,
AL-22.06-18-02-CHRONOS-Day-Shorter,2026/06/22/AL-22.06-18-02-CHRONOS-Day-Shorter.md,2026-06-22,18:06,CHRONOS,ГОТОВ,Первый день шестимесячного спуска,,,Europe/Riga,,,
AL-23.06-10-04-SOURCE-John-Baptist,2026/06/23/AL-23.06-10-04-SOURCE-John-Baptist.md,2026-06-23,10:06,SOURCE,ГОТОВ,Лука и Иоанн Креститель - астрономия скрытая в Евангелии,,,Europe/Riga,,,
AL-23.06-15-04-PATISSERIE-Coca,2026/06/23/AL-23.06-15-04-PATISSERIE-Coca.md,2026-06-23,15:06,PATISSERIE,ГОТОВ,Coca de Sant Joan - хлеб одной ночи в году,,,Europe/Riga,,,
AL-23.06-18-02-HERITAGE-Living-Fire,2026/06/23/AL-23.06-18-02-HERITAGE-Living-Fire.md,2026-06-23,18:06,HERITAGE,ГОТОВ,"Живой огонь - техника, исчезающая везде",,,Europe/Riga,,,
AL-24.06-10-04-OMENS-Dew,2026/06/24/AL-24.06-10-04-OMENS-Dew.md,2026-06-24,10:06,OMENS,ГОТОВ,Утренняя роса 24 июня - примета в 15 культурах и физика за ней,,,Europe/Riga,,,
AL-24.06-15-04-PIES-Mandryka,2026/06/24/AL-24.06-15-04-PIES-Mandryka.md,2026-06-24,15:06,PIES,ГОТОВ,Мандрика - купальский творожный пирог. Первый #PIES в архиве канала,,,Europe/Riga,,,
AL-24.06-18-02-CALENDAR-Midsummer-Four,2026/06/24/AL-24.06-18-02-CALENDAR-Midsummer-Four.md,2026-06-24,18:06,CALENDAR,ГОТОВ,"Иванов день в четырёх культурах - один архетип, четыре конструкции",,,Europe/Riga,,,
AL-25.06-10-04-SOURCE-Rulfo,2026/06/25/AL-25.06-10-04-SOURCE-Rulfo.md,2026-06-25,10:06,SOURCE,ГОТОВ,"Хуан Рульфо «Pedro Páramo» - книга, где мёртвые говорят",,,Europe/Riga,,,
AL-25.06-15-04-CAKES-Blueberry,2026/06/25/AL-25.06-15-04-CAKES-Blueberry.md,2026-06-25,15:06,CAKES,ГОТОВ,Черничный торт - окно первой недели лесной черники,,,Europe/Riga,,,
AL-25.06-18-02-CYCLES-72ko,2026/06/25/AL-25.06-18-02-CYCLES-72ko.md,2026-06-25,18:06,CYCLES,ГОТОВ,Японский 72 ko - год из 72 сезонов по 5 дней. ПЕРВЫЙ #CYCLES В АРХИВЕ,,,Europe/Riga,,,
AL-26.06-10-04-SOURCE-Akhmatova,2026/06/26/AL-26.06-10-04-SOURCE-Akhmatova.md,2026-06-26,10:06,SOURCE,ГОТОВ,Ахматова «Реквием» - поэма без носителя,,,Europe/Riga,,,
AL-26.06-15-04-BUNS-Poppy,2026/06/26/AL-26.06-15-04-BUNS-Poppy.md,2026-06-26,15:06,BUNS,ГОТОВ,Маковые булочки - окно «травяного» молока конца июня,,,Europe/Riga,,,
AL-26.06-18-02-ETYMON-Solstice,2026/06/26/AL-26.06-18-02-ETYMON-Solstice.md,2026-06-26,18:06,ETYMON,ГОТОВ,"SOLSTICE - солнце, которое останавливается. ПЕРВЫЙ #ETYMON В АРХИВЕ",,,Europe/Riga,,,
AL-27.06-10-04-LORE-Dragon,2026/06/27/AL-27.06-10-04-LORE-Dragon.md,2026-06-27,10:06,LORE,ГОТОВ,Дракон в двух мирах - кросс-культурный режим LORE,,,Europe/Riga,,,
AL-27.06-15-04-CAKES-Tiramisu,2026/06/27/AL-27.06-15-04-CAKES-Tiramisu.md,2026-06-27,15:06,CAKES,ГОТОВ,Tiramisu - десерт-энергетик из Тревизо 1981 года,,,Europe/Riga,,,
AL-27.06-18-02-HERITAGE-Dozhinki,2026/06/27/AL-27.06-18-02-HERITAGE-Dozhinki.md,2026-06-27,18:06,HERITAGE,ГОТОВ,"Дожинки начинаются в конце июня - момент отсчёта, утерянный в HERITAGE",,,Europe/Riga,,,
AL-28.06-10-04-FRAGMENT-Glasses,2026/06/28/AL-28.06-10-04-FRAGMENT-Glasses.md,2026-06-28,10:06,FRAGMENT,ГОТОВ,"Очки с одним стеклом - 5 предложений, тишина в финале",,,Europe/Riga,,,
AL-28.06-15-04-PROSE-Sei-Shonagon,2026/06/28/AL-28.06-15-04-PROSE-Sei-Shonagon.md,2026-06-28,15:06,PROSE,ГОТОВ,Сэй Сёнагон «Записки у изголовья» - перечисление как форма внимания. ПЕРВЫЙ #PROSE В АРХИВЕ,,,Europe/Riga,,,
AL-28.06-18-02-CALENDAR-June-Echoes,2026/06/28/AL-28.06-18-02-CALENDAR-June-Echoes.md,2026-06-28,18:06,CALENDAR,ГОТОВ,28 июня - три исторических отклика одной даты в XX веке,,,Europe/Riga,,,
AL-29.06-10-04-LORE-Koschei,2026/06/29/AL-29.06-10-04-LORE-Koschei.md,2026-06-29,10:06,LORE,ГОТОВ,"Кощей - бессмертие в семи слоях. Парадокс защиты, лингвистический разбор",,,Europe/Riga,,,
AL-29.06-15-04-CAKES-Fondant,2026/06/29/AL-29.06-15-04-CAKES-Fondant.md,2026-06-29,15:06,CAKES,ГОТОВ,"Шоколадный фондан - торт, который не должен пропечься. Michel Bras 1981",,,Europe/Riga,,,
AL-29.06-18-02-CHRONOS-Light-Shift,2026/06/29/AL-29.06-18-02-CHRONOS-Light-Shift.md,2026-06-29,18:06,CHRONOS,ГОТОВ,"Тело пересчитывает свет - 8 дней после солнцестояния, минус 4 минуты",,,Europe/Riga,,,
AL-30.06-10-04-SOURCE-Calvino,2026/06/30/AL-30.06-10-04-SOURCE-Calvino.md,2026-06-30,10:06,SOURCE,ГОТОВ,"Кальвино «Невидимые города» - города как состояния, забытые причины и сохранённые формы",,,Europe/Riga,,,
AL-30.06-15-04-PATISSERIE-Elderflower,2026/06/30/AL-30.06-15-04-PATISSERIE-Elderflower.md,2026-06-30,15:06,PATISSERIE,ГОТОВ,Бузиновое мороженое - архив июньского сезона в холоде,,,Europe/Riga,,,
AL-30.06-18-02-CHRONOS-June-End,2026/06/30/AL-30.06-18-02-CHRONOS-June-End.md,2026-06-30,18:06,CHRONOS,ГОТОВ,"Последний вечер июня - вторник, незаметный порог месяца",,,Europe/Riga,,,
AL-01.07-10-04-LORE-Demeter,2026/07/01/AL-01.07-10-04-LORE-Demeter.md,2026-07-01,10:07,LORE,ГОТОВ,Деметра и обратная сезонность - почему лето в Греции это горе,,,Europe/Riga,,,
AL-01.07-15-04-PATISSERIE-Blueberry-Tart,2026/07/01/AL-01.07-15-04-PATISSERIE-Blueberry-Tart.md,2026-07-01,15:07,PATISSERIE,ГОТОВ,"Черничный тарт - пик биологии, французская техника pâte sucrée + crème pâtissière",,,Europe/Riga,,,
AL-01.07-18-02-CHRONOS-Pine-Resin,2026/07/01/AL-01.07-18-02-CHRONOS-Pine-Resin.md,2026-07-01,18:07,CHRONOS,ГОТОВ,Запах смолы в полдень - сосновые терпены и окно июля,,,Europe/Riga,,,
AL-02.07-10-04-SOURCE-Marquez,2026/07/02/AL-02.07-10-04-SOURCE-Marquez.md,2026-07-02,10:07,SOURCE,ГОТОВ,Маркес «Сто лет одиночества» - тройное время в первом предложении,,,Europe/Riga,,,
AL-02.07-15-04-CAKES-Shortcake,2026/07/02/AL-02.07-15-04-CAKES-Shortcake.md,2026-07-02,15:07,CAKES,ГОТОВ,"Клубничный шорткейк - последняя клубника, американская летняя классика",,,Europe/Riga,,,
AL-02.07-18-02-CHRONOS-Light-Loss,2026/07/02/AL-02.07-18-02-CHRONOS-Light-Loss.md,2026-07-02,18:07,CHRONOS,ГОТОВ,Свет короче на 1.5 минуты в день - скорость синусоиды растёт,,,Europe/Riga,,,
AL-03.07-10-04-DIVINATION-Tarot-Before-Occultism,2026/07/03/AL-03.07-10-04-DIVINATION-Tarot-Before-Occultism.md,2026-07-03,10:07,DIVINATION,ГОТОВ,Таро до оккультизма - сначала это была игра,,,Europe/Riga,,,
AL-03.07-15-04-PATISSERIE-Croissant,2026/07/03/AL-03.07-15-04-PATISSERIE-Croissant.md,2026-07-03,15:07,PATISSERIE,ГОТОВ,"Croissant - полумесяц, легенда и техника слоёного дрожжевого теста",,,Europe/Riga,,,
AL-03.07-18-02-CHRONOS-Aphelion-Shadow,2026/07/03/AL-03.07-18-02-CHRONOS-Aphelion-Shadow.md,2026-07-03,18:07,CHRONOS,ГОТОВ,Короткая тень перед афелием - почему лето не от близости Солнца,,,Europe/Riga,,,
AL-04.07-10-04-LORE-Dumuzi,2026/07/04/AL-04.07-10-04-LORE-Dumuzi.md,2026-07-04,10:07,LORE,ГОТОВ,Думузи - умирающий бог как замена в смерти,,,Europe/Riga,,,
AL-04.07-15-04-PIES-Kulebyaka,2026/07/04/AL-04.07-15-04-PIES-Kulebyaka.md,2026-07-04,15:07,PIES,ГОТОВ,Кулебяка с капустой - архитектурный пирог и контроль влаги,,,Europe/Riga,,,
AL-04.07-18-02-HERITAGE-Herb-Window,2026/07/04/AL-04.07-18-02-HERITAGE-Herb-Window.md,2026-07-04,18:07,HERITAGE,ГОТОВ,"Окно сбора трав - знание дней, которое исчезает",,,Europe/Riga,,,
AL-05.07-10-04-FRAGMENT-Old-Key,2026/07/05/AL-05.07-10-04-FRAGMENT-Old-Key.md,2026-07-05,10:07,FRAGMENT,ГОТОВ,Старый ключ без замка,,,Europe/Riga,,,
AL-05.07-15-04-LISTS-Early-July-Smells,2026/07/05/AL-05.07-15-04-LISTS-Early-July-Smells.md,2026-07-05,15:07,LISTS,ГОТОВ,Четыре запаха раннего июля,,,Europe/Riga,,,
AL-05.07-18-02-CALENDAR-Two-Midsummer-Dates,2026/07/05/AL-05.07-18-02-CALENDAR-Two-Midsummer-Dates.md,2026-07-05,18:07,CALENDAR,ГОТОВ,Иван Купала - две даты одного летнего узла,,,Europe/Riga,,,
AL-06.07-10-04-DIVINATION-Midsummer-Oracles,2026/07/06/AL-06.07-10-04-DIVINATION-Midsummer-Oracles.md,2026-07-06,10:07,DIVINATION,ГОТОВ,Midsummer oracles - как ночь превращали в вопрос,,,Europe/Riga,,,
AL-06.07-15-04-FLATBREAD-Injera,2026/07/06/AL-06.07-15-04-FLATBREAD-Injera.md,2026-07-06,15:07,FLATBREAD,ГОТОВ,"Injera - ферментация, которая держит стол",,,Europe/Riga,,,
AL-06.07-18-02-CHRONOS-Warm-Evening,2026/07/06/AL-06.07-18-02-CHRONOS-Warm-Evening.md,2026-07-06,18:07,CHRONOS,ГОТОВ,Канун midsummer-цикла - вечер ещё держит тепло,,,Europe/Riga,,,
AL-07.07-10-04-SOURCE-Gogol-Kupala,2026/07/07/AL-07.07-10-04-SOURCE-Gogol-Kupala.md,2026-07-07,10:07,SOURCE,ГОТОВ,Гоголь «Вечер накануне Ивана Купала» - фольклор как литературный монтаж,,,Europe/Riga,,,
AL-07.07-15-04-PATISSERIE-Makowiec,2026/07/07/AL-07.07-15-04-PATISSERIE-Makowiec.md,2026-07-07,15:07,PATISSERIE,ГОТОВ,"Makowiec - маковый рулет, спираль и техника плотной начинки",,,Europe/Riga,,,
AL-07.07-18-02-CALENDAR-Kupala-Several-Calendars,2026/07/07/AL-07.07-18-02-CALENDAR-Kupala-Several-Calendars.md,2026-07-07,18:07,CALENDAR,ГОТОВ,Иван Купала - один сезонный узел в нескольких календарях,,,Europe/Riga,,,
SV-07.07-12-04-DIRECTION-PULSE-After-First-Week,2026/07/07/SV-07.07-12-04-DIRECTION-PULSE-After-First-Week.md,2026-07-07,12:07,"SERVICE, DIRECTION-PULSE",ГОТОВ,Что усилить после первой недели июля,,,Europe/Riga,,,
AL-08.07-10-04-OMENS-Fireweed-Hay,2026/07/08/AL-08.07-10-04-OMENS-Fireweed-Hay.md,2026-07-08,10:07,OMENS,ГОТОВ,Цветёт иван-чай - сено готово,,,Europe/Riga,,,
AL-08.07-15-04-RECIPE-Pectin-vs-Gelatin,2026/07/08/AL-08.07-15-04-RECIPE-Pectin-vs-Gelatin.md,2026-07-08,15:07,RECIPE,ГОТОВ,Пектин против желатина в ягодных тартах,,,Europe/Riga,,,
AL-08.07-18-02-CHRONOS-After-Kupala-Air,2026/07/08/AL-08.07-18-02-CHRONOS-After-Kupala-Air.md,2026-07-08,18:07,CHRONOS,ГОТОВ,Воздух после Купалы - зелёный июнь становится сухим июлем,,,Europe/Riga,,,
AL-09.07-10-04-SOURCE-Sei-Shonagon-Lists,2026/07/09/AL-09.07-10-04-SOURCE-Sei-Shonagon-Lists.md,2026-07-09,10:07,SOURCE,ГОТОВ,Сэй Сёнагон «Записки у изголовья» - список как литературный прибор,,,Europe/Riga,,,
AL-09.07-15-04-PATISSERIE-Fresh-Raspberry-Tart,2026/07/09/AL-09.07-15-04-PATISSERIE-Fresh-Raspberry-Tart.md,2026-07-09,15:07,PATISSERIE,ГОТОВ,Малиновый тарт - свежая ягода и контроль времени,,,Europe/Riga,,,
AL-09.07-18-02-CHRONOS-Earth-Smell-Needs-Impact,2026/07/09/AL-09.07-18-02-CHRONOS-Earth-Smell-Needs-Impact.md,2026-07-09,18:07,CHRONOS,ГОТОВ,"Запах земли появляется, когда поверхность нарушена",,,Europe/Riga,,,
AL-10.07-10-04-DIVINATION-Zodiac-Circle,2026/07/10/AL-10.07-10-04-DIVINATION-Zodiac-Circle.md,2026-07-10,10:07,DIVINATION,ГОТОВ,"Зодиак - круг живых существ, а не прогноз характеров",,,Europe/Riga,,,
AL-10.07-15-04-BREAD-Pao-de-Queijo,2026/07/10/AL-10.07-15-04-BREAD-Pao-de-Queijo.md,2026-07-10,15:07,BREAD,ГОТОВ,Pão de queijo - сырный хлеб без пшеницы,,,Europe/Riga,,,
AL-10.07-18-02-CHRONOS-Pine-Resin-Heat,2026/07/10/AL-10.07-18-02-CHRONOS-Pine-Resin-Heat.md,2026-07-10,18:07,CHRONOS,ГОТОВ,Нагретая хвоя и смола - вечер после сухого тёплого дня,,,Europe/Riga,,,
SV-10.07-12-04-CALENDAR-RADAR-July-Nodes,2026/07/10/SV-10.07-12-04-CALENDAR-RADAR-July-Nodes.md,2026-07-10,12:07,"SERVICE, CALENDAR-RADAR",ГОТОВ,Ближайшие календарные узлы июля,,,Europe/Riga,,,
AL-11.07-10-04-LORE-Raven-Steals-Sun,2026/07/11/AL-11.07-10-04-LORE-Raven-Steals-Sun.md,2026-07-11,10:07,LORE,ГОТОВ,Raven steals the sun - свет как украденный предмет,,,Europe/Riga,,,
AL-11.07-15-04-CAKES-Victoria-vs-American-Layer,2026/07/11/AL-11.07-15-04-CAKES-Victoria-vs-American-Layer.md,2026-07-11,15:07,CAKES,ГОТОВ,Victoria sponge и американский layer cake - две архитектуры слоя,,,Europe/Riga,,,
AL-11.07-18-02-HERITAGE-Haymaking-Songs,2026/07/11/AL-11.07-18-02-HERITAGE-Haymaking-Songs.md,2026-07-11,18:07,HERITAGE,ГОТОВ,"Сенокос - работа, которая пелась",,,Europe/Riga,,,
AL-12.07-10-04-PROSE-Basho-Hiraizumi,2026/07/12/AL-12.07-10-04-PROSE-Basho-Hiraizumi.md,2026-07-12,10:07,PROSE,ГОТОВ,Бэшё «Оку-но хосомити» - хайбун как жанр,,,Europe/Riga,,,
AL-12.07-15-04-DRINKS-Mugicha,2026/07/12/AL-12.07-15-04-DRINKS-Mugicha.md,2026-07-12,15:07,DRINKS,ГОТОВ,Mugicha - холодный чай без чайного листа,,,Europe/Riga,,,
AL-12.07-18-02-CALENDAR-Mid-July-Memory-Map,2026/07/12/AL-12.07-18-02-CALENDAR-Mid-July-Memory-Map.md,2026-07-12,18:07,CALENDAR,ГОТОВ,Середина июля как календарная развилка,,,Europe/Riga,,,
AL-13.07-10-04-LORE-Baldr-Mistletoe,2026/07/13/AL-13.07-10-04-LORE-Baldr-Mistletoe.md,2026-07-13,10:07,LORE,ГОТОВ,"Балдр - смерть через предмет, который не был спрошен",,,Europe/Riga,,,
AL-13.07-15-04-CAKES-Strawberry-Victoria-Sponge,2026/07/13/AL-13.07-15-04-CAKES-Strawberry-Victoria-Sponge.md,2026-07-13,15:07,CAKES,ГОТОВ,"Клубничный Victoria sponge - два коржа, ягода и летняя устойчивость",,,Europe/Riga,,,
AL-13.07-18-02-CHRONOS-Light-After-Solstice,2026/07/13/AL-13.07-18-02-CHRONOS-Light-After-Solstice.md,2026-07-13,18:07,CHRONOS,ГОТОВ,Солнце уже заметно короче 21 июня,,,Europe/Riga,,,
SV-13.07-12-04-ORACLE-NOTE-Wheel-Week,2026/07/13/SV-13.07-12-04-ORACLE-NOTE-Wheel-Week.md,2026-07-13,12:07,"SERVICE, ORACLE-NOTE",ГОТОВ,Символический прогноз недели,,,Europe/Riga,,,
AL-14.07-10-04-SOURCE-Chekhov-Steppe,2026/07/14/AL-14.07-10-04-SOURCE-Chekhov-Steppe.md,2026-07-14,10:07,SOURCE,ГОТОВ,Чехов «Степь» - зной как замедление синтаксиса,,,Europe/Riga,,,
AL-14.07-15-04-PATISSERIE-Tarte-Aux-Abricots,2026/07/14/AL-14.07-15-04-PATISSERIE-Tarte-Aux-Abricots.md,2026-07-14,15:07,PATISSERIE,ГОТОВ,Tarte aux abricots - абрикос середины лета,,,Europe/Riga,,,
AL-14.07-18-02-MODERN-Bastille-Day,2026/07/14/AL-14.07-18-02-MODERN-Bastille-Day.md,2026-07-14,18:07,MODERN,ГОТОВ,Bastille Day - 91 год до признания,,,Europe/Riga,,,
AL-15.07-10-04-OMENS-Cuckoo-Silent,2026/07/15/AL-15.07-10-04-OMENS-Cuckoo-Silent.md,2026-07-15,10:07,OMENS,ГОТОВ,Кукушка ушла - лето на излёте,,,Europe/Riga,,,
AL-15.07-15-04-FERMENT-Dosa-Batter,2026/07/15/AL-15.07-15-04-FERMENT-Dosa-Batter.md,2026-07-15,15:07,FERMENT,ГОТОВ,"Dosa batter - ночь, которая делает тесто живым",,,Europe/Riga,,,
AL-15.07-18-02-CYCLES-72ko-Lotus-Falcon,2026/07/15/AL-15.07-18-02-CYCLES-72ko-Lotus-Falcon.md,2026-07-15,18:07,CYCLES,ГОТОВ,"Японский 72 ko - лотосы открываются, соколы уже близко",,,Europe/Riga,,,
AL-16.07-10-04-SOURCE-Platonov-Arthel,2026/07/16/AL-16.07-10-04-SOURCE-Platonov-Arthel.md,2026-07-16,10:07,SOURCE,ГОТОВ,Платонов «Котлован» - язык травмы,,,Europe/Riga,,,
AL-16.07-15-04-CAKES-Black-Forest-Cherry,2026/07/16/AL-16.07-15-04-CAKES-Black-Forest-Cherry.md,2026-07-16,15:07,CAKES,ГОТОВ,Шоколадно-вишнёвый торт - чёрный лес,,,Europe/Riga,,,
AL-16.07-18-02-CHRONOS-Evening-Light-Loss,2026/07/16/AL-16.07-18-02-CHRONOS-Evening-Light-Loss.md,2026-07-16,18:07,CHRONOS,ГОТОВ,"Темнеет раньше, чем неделю назад",,,Europe/Riga,,,
AL-17.07-09-04-PERSONAE-Maui-Sun,2026/07/17/AL-17.07-09-04-PERSONAE-Maui-Sun.md,2026-07-17,09:07,PERSONAE,ГОТОВ,"Maui - тот, кто поймал солнце",,,Europe/Riga,,,
AL-17.07-15-04-FLATBREAD-Chapati,2026/07/17/AL-17.07-15-04-FLATBREAD-Chapati.md,2026-07-17,15:07,"FLATBREAD, FOOD",ГОТОВ,Chapati - хлеб без духовки,,,Europe/Riga,,,
AL-17.07-21-04-CYCLES-72ko-Hawks,2026/07/17/AL-17.07-21-04-CYCLES-72ko-Hawks.md,2026-07-17,21:07,CYCLES,ГОТОВ,72 ko - ястребы учатся летать,,,Europe/Riga,,,
AL-18.07-09-04-BESTIARY-Dragon-Boundary,2026/07/18/AL-18.07-09-04-BESTIARY-Dragon-Boundary.md,2026-07-18,09:07,BESTIARY,ГОТОВ,Dragon - существо на краю карты,,,Europe/Riga,,,
AL-18.07-15-04-PRESERVE-Salted-Lemons,2026/07/18/AL-18.07-15-04-PRESERVE-Salted-Lemons.md,2026-07-18,15:07,"PRESERVE, FOOD",ГОТОВ,Salted lemons - соль меняет цитрус,,,Europe/Riga,,,
AL-18.07-21-04-FEAST-Mandela-Day-Table,2026/07/18/AL-18.07-21-04-FEAST-Mandela-Day-Table.md,2026-07-18,21:07,FEAST,ГОТОВ,Mandela Day - стол как 67 минут действия,,,Europe/Riga,,,
AL-19.07-09-04-OBJECTS-Key-Threshold,2026/07/19/AL-19.07-09-04-OBJECTS-Key-Threshold.md,2026-07-19,09:07,OBJECTS,ГОТОВ,"Key - предмет, который решает вход",,,Europe/Riga,,,
AL-19.07-15-04-SOUP-Tom-Yum,2026/07/19/AL-19.07-15-04-SOUP-Tom-Yum.md,2026-07-19,15:07,"SOUP, FOOD",ГОТОВ,"Tom yum - суп, который держит кислоту",,,Europe/Riga,,,
AL-19.07-21-04-RITES-Wedding-Anniversary-Materials,2026/07/19/AL-19.07-21-04-RITES-Wedding-Anniversary-Materials.md,2026-07-19,21:07,RITES,ГОТОВ,Wedding anniversaries - брак считают материалами,,,Europe/Riga,,,
AL-20.07-09-04-ETYMON-Moon-Month-Measure,2026/07/20/AL-20.07-09-04-ETYMON-Moon-Month-Measure.md,2026-07-20,09:07,ETYMON,ГОТОВ,Moon / month - Луна как мера времени,,,Europe/Riga,,,
AL-20.07-15-04-CONDIMENTS-Toum-Emulsion,2026/07/20/AL-20.07-15-04-CONDIMENTS-Toum-Emulsion.md,2026-07-20,15:07,"CONDIMENTS, FOOD",ГОТОВ,"Toum - чеснок, который удерживает масло",,,Europe/Riga,,,
AL-20.07-21-04-MODERN-Apollo-11-2017-UTC,2026/07/20/AL-20.07-21-04-MODERN-Apollo-11-2017-UTC.md,2026-07-20,21:07,MODERN,ГОТОВ,Apollo 11 - 20:17 UTC,,,Europe/Riga,,,
AL-21.07-09-04-LORE-Artemis-Absent,2026/07/21/AL-21.07-09-04-LORE-Artemis-Absent.md,2026-07-21,09:07,"LORE, LOST",ГОТОВ,Артемида была занята - как пожар превратился в легенду,,,Europe/Riga,,,
AL-21.07-15-04-FOODWAYS-Lamington-Drive,2026/07/21/AL-21.07-15-04-FOODWAYS-Lamington-Drive.md,2026-07-21,15:07,"FOODWAYS, TABLE",ГОТОВ,Lamington drive - когда пирожное становится общественной кассой,,,Europe/Riga,,,
AL-21.07-21-04-CALENDAR-State-Birthdays,2026/07/21/AL-21.07-21-04-CALENDAR-State-Birthdays.md,2026-07-21,21:07,"CALENDAR, BIOGRAPHICAL-DATE",ГОТОВ,Как государство выбирает себе день рождения,,,Europe/Riga,,,
SV-21.07-12-04-CALENDAR-RADAR-Week-20-26,2026/07/21/SV-21.07-12-04-CALENDAR-RADAR-Week-20-26.md,2026-07-21,12:07,"SERVICE, CALENDAR-RADAR",ГОТОВ,Calendar radar - 21-26 июля,,,Europe/Riga,,,
