date,countryCode,localName,name,global,types,counties,launchYear
2026-01-01,AD,Any nou,New Year's Day,True,Public,,
2026-01-06,AD,Reis,Epiphany,True,Public,,
2026-02-16,AD,Carnaval,Carnival,True,Public,,
2026-03-14,AD,Dia de la Constitució,Constitution Day,True,Public,,
2026-04-03,AD,Divendres Sant,Good Friday,True,Public,,
2026-04-06,AD,Dilluns de Pasqua,Easter Monday,True,Public,,
2026-05-01,AD,Festa del Treball,Labour Day,True,Public,,
2026-05-25,AD,Dilluns de Pentecosta,Whit Monday,True,Public,,
2026-08-15,AD,Assumpció,Assumption Day,True,Public,,
2026-09-08,AD,Mare de Déu de Meritxell,National Holiday,True,Public,,
2026-11-01,AD,Tots Sants,All Saints' Day,True,Public,,
2026-12-08,AD,Immaculada Concepció,Immaculate Conception,True,Public,,
2026-12-25,AD,Nadal,Christmas Day,True,Public,,
2026-12-26,AD,Sant Esteve,St. Stephen's Day,True,Public,,
2026-01-01,AL,Viti i Ri,New Year's Day,True,Public,,
2026-01-02,AL,Viti i Ri,New Year's Day,True,Public,,
2026-03-16,AL,Dita e Verës,Summer Day,True,Public,,
2026-03-23,AL,Dita e Sulltan Nevruzit,Nowruz,True,Public,,
2026-04-05,AL,Pashkët Katolike,Easter Sunday,True,Public,,
2026-04-06,AL,E hëna e Pashkëve Katolike,Easter Monday,True,Public,,
2026-04-12,AL,Pashkët Ortodokse,Easter Sunday,True,Public,,
2026-04-13,AL,E hëna e Pashkëve Ortodokse,Easter Monday,True,Public,,
2026-05-01,AL,Dita Ndërkombëtare e Punonjësve,May Day,True,Public,,
2026-09-07,AL,Dita e Nënë Terezës,Mother Teresa Day,True,Public,,
2026-11-30,AL,Dita e Pavarësisë,Independence Day,True,Public,,
2026-11-30,AL,Dita e Çlirimit,Liberation Day,True,Public,,
2026-12-08,AL,Dita Kombëtare e Rinisë,Youth Day,True,Public,,
2026-12-25,AL,Krishtlindjet,Christmas Day,True,Public,,
2026-01-01,AM,Ամանոր,New Year's Day,True,Public,,
2026-01-02,AM,Ամանոր,New Year's Day,True,Public,,
2026-01-05,AM,Սուրբ Ծնունդ,Christmas Day,True,Public,,
2026-01-06,AM,Սուրբ Ծնունդ,Christmas Day,True,Public,,
2026-01-28,AM,Բանակի օր,Army Day,True,Public,,
2026-03-08,AM,Կանանց տոն,Women's Day,True,Public,,
2026-04-05,AM,Ամանոր,Easter Sunday,True,Public,,
2026-04-24,AM,Եղեռնի զոհերի հիշատակի օր,Armenian Genocide Remembrance Day,True,Public,,
2026-05-01,AM,Աշխատանքի օր,Labour Day,True,Public,,
2026-05-09,AM,Հաղթանակի և Խաղաղության տոն,Victory and Peace Day,True,Public,,
2026-05-28,AM,Հանրապետության օր,Republic Day,True,Public,,
2026-07-05,AM,Սահմանադրության օր,Constitution Day,True,Public,,
2026-09-21,AM,Անկախության օր,Independence Day,True,Public,,
2026-12-31,AM,Ամանոր,New Year's Eve,True,Public,,
2026-01-01,AR,Año Nuevo,New Year's Day,True,Public,,
2026-02-16,AR,Carnaval,Carnival,True,Public,,
2026-02-17,AR,Carnaval,Carnival,True,Public,,
2026-03-24,AR,Día Nacional de la Memoria por la Verdad y la Justicia,Day of Remembrance for Truth and Justice,True,Public,,
2026-04-02,AR,Día del Veterano y de los Caídos en la Guerra de Malvinas,Day of the Veterans and Fallen of the Malvinas War,True,Public,,
2026-04-03,AR,Viernes Santo,Good Friday,True,Public,,
2026-05-01,AR,Día del Trabajador,Labour Day,True,Public,,
2026-05-25,AR,Día de la Revolución de Mayo,May Revolution,True,Public,,
2026-06-15,AR,Paso a la Inmortalidad del General Martín Miguel de Güemes,Anniversary of the Passing of General Martín Miguel de Güemes,True,Public,,
2026-06-20,AR,Paso a la Inmortalidad del General Manuel Belgrano,General Manuel Belgrano Memorial Day,True,Public,,
2026-07-09,AR,Día de la Independencia,Independence Day,True,Public,,
2026-08-17,AR,Paso a la Inmortalidad del General José de San Martín,General José de San Martín Memorial Day,True,Public,,
2026-10-12,AR,Día del Respeto a la Diversidad Cultural,Day of Respect for Cultural Diversity,True,Public,,
2026-11-23,AR,Día de la Soberanía Nacional,National Sovereignty Day,True,Public,,
2026-12-08,AR,Día de la Inmaculada Concepción de María,Immaculate Conception Day,True,Public,,
2026-12-25,AR,Navidad,Christmas Day,True,Public,,
2026-01-01,AT,Neujahr,New Year's Day,True,Public,,
2026-01-06,AT,Heilige Drei Könige,Epiphany,True,Public,,
2026-03-19,AT,Josefstag,Saint Joseph's Day,False,School,AT-2; AT-6; AT-7; AT-8,
2026-04-05,AT,Ostersonntag,Easter Sunday,True,Public,,
2026-04-06,AT,Ostermontag,Easter Monday,True,Public,,
2026-05-01,AT,Staatsfeiertag,National Holiday,True,Public,,
2026-05-04,AT,Florianitag,Saint Florian's Day,False,School,AT-4,
2026-05-14,AT,Christi Himmelfahrt,Ascension Day,True,Public,,
2026-05-24,AT,Pfingstsonntag,Pentecost,True,Public,,
2026-05-25,AT,Pfingstmontag,Whit Monday,True,Public,,
2026-06-04,AT,Fronleichnam,Corpus Christi,True,Public,,
2026-08-15,AT,Maria Himmelfahrt,Assumption Day,True,Public,,
2026-09-24,AT,Rupertitag,Saint Rupert's Day,False,School,AT-5,
2026-10-26,AT,Nationalfeiertag,National Holiday,True,Public,,
2026-11-01,AT,Allerheiligen,All Saints' Day,True,Public,,
2026-11-11,AT,Martinstag,Saint Martin's Day,False,School,AT-1,
2026-11-15,AT,Leopolditag,Saint Leopold's Day,False,School,AT-3; AT-9,
2026-12-08,AT,Mariä Empfängnis,Immaculate Conception,True,Public,,
2026-12-25,AT,Weihnachten,Christmas Day,True,Public,,
2026-12-26,AT,Stefanitag,St. Stephen's Day,True,Public,,
2026-01-01,AU,New Year's Day,New Year's Day,True,Public,,
2026-01-26,AU,Australia Day,Australia Day,True,Public,,
2026-03-02,AU,Labour Day,Labour Day,False,Public,AU-WA,
2026-03-09,AU,Canberra Day,Canberra Day,False,Public,AU-ACT,
2026-03-09,AU,Adelaide Cup Day,Adelaide Cup Day,False,Public,AU-SA,
2026-03-09,AU,Eight Hours Day,Eight Hours Day,False,Public,AU-TAS,
2026-03-09,AU,Labour Day,Labour Day,False,Public,AU-VIC,
2026-04-03,AU,Good Friday,Good Friday,True,Public,,
2026-04-04,AU,Easter Eve,Holy Saturday,False,Public,AU-ACT; AU-NSW; AU-NT; AU-QLD; AU-SA; AU-VIC,
2026-04-05,AU,Easter Sunday,Easter Sunday,False,Public,AU-ACT; AU-NSW; AU-NT; AU-QLD; AU-SA; AU-VIC; AU-WA,
2026-04-06,AU,Easter Monday,Easter Monday,True,Public,,
2026-04-25,AU,Anzac Day,Anzac Day,False,Public,AU-NT; AU-QLD; AU-SA; AU-TAS; AU-VIC,
2026-04-27,AU,Anzac Day,Anzac Day,False,Public,AU-NSW; AU-ACT; AU-WA,
2026-05-04,AU,May Day,May Day,False,Public,AU-NT,
2026-05-04,AU,Labour Day,Labour Day,False,Public,AU-QLD,
2026-06-01,AU,Reconciliation Day,Reconciliation Day,False,Public,AU-ACT,
2026-06-01,AU,Western Australia Day,Western Australia Day,False,Public,AU-WA,
2026-06-08,AU,King's Birthday,King's Birthday,False,Public,AU-ACT; AU-NSW; AU-NT; AU-SA; AU-TAS; AU-VIC,
2026-08-03,AU,Picnic Day,Picnic Day,False,Public,AU-NT,
2026-09-28,AU,King's Birthday,King's Birthday,False,Public,AU-WA,
2026-10-05,AU,Labour Day,Labour Day,False,Public,AU-ACT; AU-NSW; AU-SA,
2026-10-05,AU,King's Birthday,King's Birthday,False,Public,AU-QLD,
2026-11-03,AU,Melbourne Cup,Melbourne Cup,False,Public,AU-VIC,
2026-12-25,AU,Christmas Day,Christmas Day,True,Public,,
2026-12-28,AU,Boxing Day,St. Stephen's Day,True,Public,,
2026-01-01,AX,Nyårsdagen,New Year's Day,True,Public,,
2026-01-06,AX,Trettondagen,Epiphany,True,Public,,
2026-04-03,AX,Långfredag,Good Friday,True,Public,,
2026-04-05,AX,Påskdagen,Easter Sunday,True,Public,,
2026-04-06,AX,Annandag påsk,Easter Monday,True,Public,,
2026-05-01,AX,Första maj,May Day,True,Public,,
2026-05-14,AX,Kristi himmelsfärdsdagn,Ascension Day,True,Public,,
2026-05-24,AX,Pingstdagen,Pentecost,True,Public,,
2026-06-09,AX,Självstyrelsedagen,Autonomy Day,True,Public,,
2026-06-19,AX,Midsommarafton,Midsummer Evey,True,Public,,
2026-06-20,AX,Midsommardagen,Midsummer Day,True,Public,,
2026-11-07,AX,Alla helgons dag,All Saints Day,True,Public,,
2026-12-06,AX,Självständighetsdagen,Independence Day,True,Public,,
2026-12-24,AX,Julafton,Christmas Eve,True,Public,,
2026-12-25,AX,Juldagen,Christmas Day,True,Public,,
2026-12-26,AX,Annandag jul,St. Stephen's Day,True,Public,,
2026-01-01,BA,Nova Godina,New Year's Day,True,Public,,
2026-01-02,BA,Nova Godina,New Year's Day,True,Public,,
2026-01-06,BA,Božić (za pravoslavce),Christmas Eve (Orthodox),False,Public,BA-SRP,
2026-01-07,BA,Božić (za pravoslavce),Christmas Day (Orthodox),False,Public,BA-SRP,
2026-03-01,BA,Dan nezavisnosti Bosne i Hercegovine,Independence day,False,Public,BA-BIH,
2026-04-10,BA,Veliki petak,Good Friday,False,Public,BA-SRP,
2026-04-12,BA,Vaskrs (Uskrs),Easter Sunday,False,Public,BA-SRP,
2026-04-13,BA,Vaskrsni (Uskrsni) ponedeljak,Easter Monday,False,Public,BA-SRP,
2026-05-01,BA,Praznik rada,May Day / International Workers' Day,True,Public,,
2026-05-02,BA,Praznik rada,May Day / International Workers' Day,True,Public,,
2026-05-09,BA,Dan pobjede nad fašizmom,Victory Day over fascism,False,Public,BA-SRP,
2026-11-21,BA,Dan uspostavljanja Opšteg okvirnog sporazuma za mir u BiH,Day of the establishment of the General Framework Agreement for Peace in BiH,False,Public,BA-SRP,
2026-11-25,BA,Dan državnosti Bosne i Hercegovine,Statehood Day,False,Public,BA-BIH,
2026-12-24,BA,Božić (za rimokatolike),Christmas Eve (Roman Catholic),False,Public,BA-BIH,
2026-12-25,BA,Božić (za rimokatolike),Christmas Day (Roman Catholic),False,Public,BA-BIH,
2026-01-01,BB,New Year's Day,New Year's Day,True,Public,,
2026-01-21,BB,Errol Barrow Day,Errol Barrow Day,True,Public,,
2026-04-03,BB,Good Friday,Good Friday,True,Public,,
2026-04-06,BB,Easter Monday,Easter Monday,True,Public,,
2026-04-28,BB,National Heroes' Day,National Heroes' Day,True,Public,,
2026-05-01,BB,Labour Day,Labour Day,True,Public,,
2026-05-25,BB,Whit Monday,Whit Monday,True,Public,,
2026-08-01,BB,Emancipation Day,Emancipation Day,True,Public,,
2026-08-03,BB,Kadooment Day,Kadooment Day,True,Public,,
2026-11-30,BB,Independence Day,Independence Day,True,Public,,
2026-12-25,BB,Christmas Day,Christmas Day,True,Public,,
2026-12-26,BB,Boxing Day,Boxing Day,True,Public,,
2026-02-21,BD,শহিদ দিবস ও আন্তর্জাতিক মাতৃভাষা দিবস,International Mother Language Day,True,Public,,
2026-03-26,BD,স্বাধীনতা ও জাতীয় দিবস,Independence and National Day,True,Public,,
2026-04-14,BD,নববর্ষ,Bengali New Year,True,Public,,
2026-05-01,BD,মে দিবস,Labour Day,True,Public,,
2026-08-05,BD,জুলাই গণঅভ্যুত্থান দিবস,July Mass Uprising Day,True,Public,,
2026-12-16,BD,বিজয় দিবস,Victory Day,True,Public,,
2026-12-25,BD,বড়দিন,Christmas Day,True,Public,,
2026-01-01,BE,Nieuwjaar,New Year's Day,True,Public,,
2026-04-03,BE,Goede Vrijdag,Good Friday,True,Bank,,
2026-04-05,BE,Pasen,Easter Sunday,True,Public,,
2026-04-06,BE,Paasmaandag,Easter Monday,True,Public,,
2026-05-01,BE,Dag van de arbeid,Labour Day,True,Public,,
2026-05-14,BE,Onze Lieve Heer hemel,Ascension Day,True,Public,,
2026-05-15,BE,Day after Ascension Day,Day after Ascension Day,True,Bank,,
2026-05-25,BE,Pinkstermaandag,Whit Monday,True,Public,,
2026-07-21,BE,Nationale feestdag,Belgian National Day,True,Public,,
2026-08-15,BE,Onze Lieve Vrouw hemelvaart,Assumption Day,True,Public,,
2026-11-01,BE,Allerheiligen,All Saints' Day,True,Public,,
2026-11-11,BE,Wapenstilstand,Armistice Day,True,Public,,
2026-12-25,BE,Kerstdag,Christmas Day,True,Public,,
2026-12-26,BE,Boxing Day,St. Stephen's Day,True,Bank,,
2026-01-01,BG,Нова година,New Year's Day,True,Public,,
2026-01-02,BG,Ден на валутната смяна,Currency change day,True,Public,,
2026-03-03,BG,Ден на oсвобождението на България от Oсманско робство,Liberation Day,True,Public,,
2026-04-10,BG,Разпети петък,Good Friday,True,Public,,
2026-04-11,BG,Велика събота,Holy Saturday,True,Public,,
2026-04-12,BG,Великден,Easter Sunday,True,Public,,
2026-04-13,BG,Велики понеделник,Easter Monday,True,Public,,
2026-05-01,BG,Ден на труда и на международната работническа солидарност,International Workers' Day,True,Public,,
2026-05-06,BG,"Гергьовден, ден на храбростта и Българската армия",Saint George's Day,True,Public,,
2026-05-25,BG,Ден на Българската просвета и култура и на славянската писменост,Saints Cyril and Methodius Day,True,Public,,
2026-09-07,BG,Ден на съединението,Unification Day,True,Public,,
2026-09-22,BG,Ден на независимостта на България,Independence Day,True,Public,,
2026-12-24,BG,Бъдни вечер,Christmas Eve,True,Public,,
2026-12-25,BG,Рождество Христово,Christmas Day,True,Public,,
2026-12-26,BG,Рождество Христово,Second day of Christmas,True,Public,,
2026-01-01,BJ,New Year's Day,New Year's Day,True,Public,,
2026-01-10,BJ,Traditional Day,Traditional Day,True,Public,,
2026-04-05,BJ,Easter Sunday,Easter Sunday,True,Public,,
2026-04-06,BJ,Easter Monday,Easter Monday,True,Public,,
2026-05-01,BJ,Labour Day,Labour Day,True,Public,,
2026-05-14,BJ,Ascension Day,Ascension Day,True,Public,,
2026-05-25,BJ,Whit Monday,Whit Monday,True,Public,,
2026-08-01,BJ,Independence Day,Independence Day,True,Public,,
2026-08-15,BJ,Assumption Day,Assumption Day,True,Public,,
2026-10-26,BJ,Armed Forces Day,Armed Forces Day,True,Public,,
2026-11-01,BJ,All Saints' Day,All Saints' Day,True,Public,,
2026-11-30,BJ,National Day,National Day,True,Public,,
2026-12-25,BJ,Christmas Day,Christmas Day,True,Public,,
2026-12-26,BJ,Boxing Day,St. Stephen's Day,True,Public,,
2026-01-01,BO,Año Nuevo,New Year's Day,True,Public,,
2026-02-02,BO,Fiesta de la Virgen de Candelaria,Feast of the Virgin of Candelaria,True,Public,,
2026-02-16,BO,Feriado por Carnaval,Carnival,True,Public,,
2026-02-17,BO,Feriado por Carnaval,Carnival,True,Public,,
2026-04-03,BO,Viernes Santo,Good Friday,True,Public,,
2026-05-01,BO,Dia del trabajo,Labour Day,True,Public,,
2026-06-04,BO,Corpus Christi,Corpus Christi,True,Public,,
2026-06-21,BO,Año Nuevo Andino,Andean New Year,True,Public,,
2026-08-02,BO,Día de la Revolución Agraria,Agrarian Reform Day,True,Public,,
2026-08-06,BO,Dia de la Patria,Independence Day,True,Public,,
2026-11-02,BO,Todos Santos,All Saints' Day,True,Public,,
2026-12-25,BO,Navidad,Christmas Day,True,Public,,
2026-01-01,BR,Confraternização Universal,New Year's Day,True,Public,,
2026-02-16,BR,Carnaval,Carnival,True,Bank; Optional,,
2026-02-17,BR,Carnaval,Carnival,True,Bank; Optional,,
2026-04-03,BR,Sexta-feira Santa,Good Friday,True,Public,,
2026-04-05,BR,Domingo de Páscoa,Easter Sunday,True,Public,,
2026-04-21,BR,Dia de Tiradentes,Tiradentes,True,Public,,
2026-05-01,BR,Dia do Trabalhador,Labour Day,True,Public,,
2026-06-04,BR,Corpus Christi,Corpus Christi,True,Public,,
2026-07-09,BR,Revolução Constitucionalista de 1932,Constitutionalist Revolution of 1932,False,Public,BR-SP,
2026-09-07,BR,Dia da Independência,Independence Day,True,Public,,
2026-10-12,BR,Nossa Senhora Aparecida,Our Lady of Aparecida,True,Public,,
2026-11-02,BR,Dia de Finados,All Souls' Day,True,Public,,
2026-11-15,BR,Proclamação da República,Republic Proclamation Day,True,Public,,
2026-11-20,BR,Dia da Consciência Negra,Black Awareness Day,True,Public,,
2026-12-25,BR,Natal,Christmas Day,True,Public,,
2026-01-02,BS,New Year's Day,New Year's Day,True,Public,,
2026-01-12,BS,Majority Rule Day,Majority Rule Day,True,Public,,
2026-04-03,BS,Perry Christie Day,Perry Christie Day,True,Public,,
2026-04-03,BS,Good Friday,Good Friday,True,Public,,
2026-04-06,BS,Easter Monday,Easter Monday,True,Public,,
2026-05-25,BS,Whit Monday,Whit Monday,True,Public,,
2026-07-10,BS,Independence Day,Independence Day,True,Public,,
2026-08-07,BS,Emancipation Day,Emancipation Day,True,Public,,
2026-10-12,BS,National Heroes' Day,National Heroes' Day,True,Public,,
2026-12-25,BS,Christmas Day,Christmas Day,True,Public,,
2026-12-26,BS,Boxing Day,St. Stephen's Day,True,Public,,
2026-01-01,BW,New Year's Day,New Year's Day,True,Public,,
2026-04-03,BW,Good Friday,Good Friday,True,Public,,
2026-04-06,BW,Easter Monday,Easter Monday,True,Public,,
2026-05-01,BW,Labour Day,Labour Day,True,Public,,
2026-05-14,BW,Ascension Day,Ascension Day,True,Public,,
2026-07-01,BW,Sir Seretse Khama Day,Sir Seretse Khama Day,True,Public,,
2026-07-20,BW,Presidents' Day,Presidents' Day,True,Public,,
2026-09-30,BW,Independence Day,Independence Day,True,Public,,
2026-10-01,BW,Botswana Day holiday,Botswana Day holiday,True,Public,,
2026-12-25,BW,Christmas Day,Christmas Day,True,Public,,
2026-12-26,BW,Boxing Day,St. Stephen's Day,True,Public,,
2026-01-01,BY,Новы год,New Year's Day,True,Public,,
2026-01-02,BY,Новы год,New Year's Day,True,Public,,
2026-01-07,BY,Каляды праваслаўныя,Christmas Day (Orthodox),True,Public,,
2026-03-08,BY,Мiжнародны жаночы дзень,International Women's Day,True,Public,,
2026-04-21,BY,Радунiца,Commemoration Day,True,Public,,
2026-05-01,BY,Дзень працы,Labour Day,True,Public,,
2026-05-09,BY,Дзень Перамогi,Victory Day,True,Public,,
2026-07-03,BY,Дзень Незалежнасцi,Independence Day,True,Public,,
2026-11-07,BY,Дзень Кастрычніцкай рэвалюцыі,October Revolution Day,True,Public,,
2026-12-25,BY,Каляды каталiцкiя,Catholic Christmas Day,True,Public,,
2026-01-01,BZ,New Year's Day,New Year's Day,True,Public,,
2026-01-15,BZ,George Price Day,George Price Day,True,Public,,
2026-03-09,BZ,National Heroes and Benefactors Day,National Heroes and Benefactors Day,True,Public,,
2026-04-03,BZ,Good Friday,Good Friday,True,Public,,
2026-04-04,BZ,Holy Saturday,Holy Saturday,True,Public,,
2026-04-05,BZ,Easter Sunday,Easter Sunday,True,Public,,
2026-04-06,BZ,Easter Monday,Easter Monday,True,Public,,
2026-05-01,BZ,Labour Day,Labour Day,True,Public,,
2026-08-01,BZ,Emancipation Day,Emancipation Day,True,Public,,
2026-09-10,BZ,Saint George's Caye Day,Saint George's Caye Day,True,Public,,
2026-09-21,BZ,Independence Day,Independence Day,True,Public,,
2026-10-12,BZ,Pan America Day,Pan America Day,True,Optional,,
2026-11-19,BZ,Garifuna Settlement Day,Garifuna Settlement Day,True,Public,,
2026-12-25,BZ,Christmas Day,Christmas Day,True,Public,,
2026-12-26,BZ,Boxing Day,Boxing Day,True,Public,,
2026-01-01,CA,New Year's Day,New Year's Day,True,Public,,
2026-02-16,CA,Louis Riel Day,Louis Riel Day,False,Public,CA-MB,
2026-02-16,CA,Islander Day,Islander Day,False,Public,CA-PE,
2026-02-16,CA,Heritage Day,Heritage Day,False,Public,CA-NS,
2026-02-16,CA,Family Day,Family Day,False,Public,CA-AB; CA-BC; CA-NB; CA-ON; CA-SK,
2026-03-17,CA,Saint Patrick's Day,Saint Patrick's Day,False,Public,CA-NL,
2026-04-03,CA,Good Friday,Good Friday,True,Public,,
2026-04-06,CA,Easter Monday,Easter Monday,False,Public,CA-AB; CA-PE,
2026-04-23,CA,Saint George's Day,Saint George's Day,False,Public,CA-NL,
2026-05-18,CA,National Patriots' Day,National Patriots' Day,False,Public,CA-QC,
2026-05-18,CA,Victoria Day,Victoria Day,True,Public,,
2026-06-21,CA,National Aboriginal Day,National Aboriginal Day,False,Public,CA-NT,
2026-06-24,CA,Discovery Day,Discovery Day,False,Public,CA-NL,
2026-06-24,CA,Fête nationale du Québec,National Holiday,False,Public,CA-QC,
2026-07-01,CA,Canada Day,Canada Day,True,Public,,
2026-07-12,CA,Orangemen's Day,Orangemen's Day,False,Public,CA-NL,
2026-08-03,CA,Civic Holiday,Civic Holiday,False,Public,CA-MB; CA-NL; CA-NT; CA-NU; CA-ON,
2026-08-03,CA,British Columbia Day,British Columbia Day,False,Public,CA-BC,
2026-08-03,CA,Heritage Day,Heritage Day,False,Public,CA-AB; CA-YT,
2026-08-03,CA,New Brunswick Day,New Brunswick Day,False,Public,CA-NB,
2026-08-03,CA,Natal Day,Natal Day,False,Public,CA-NS,
2026-08-03,CA,Saskatchewan Day,Saskatchewan Day,False,Public,CA-SK,
2026-08-17,CA,Gold Cup Parade Day,Gold Cup Parade Day,False,Public,CA-PE,
2026-08-17,CA,Discovery Day,Discovery Day,False,Public,CA-YT,
2026-09-07,CA,Labour Day,Labour Day,True,Public,,
2026-09-30,CA,National Day for Truth and Reconciliation,National Day for Truth and Reconciliation,True,Public,,
2026-10-12,CA,Thanksgiving,Thanksgiving,True,Public,,
2026-11-11,CA,Armistice Day,Armistice Day,False,Public,CA-NL,
2026-11-11,CA,Remembrance Day,Remembrance Day,False,Public,CA-AB; CA-BC; CA-NB; CA-NT; CA-NS; CA-NU; CA-PE; CA-SK; CA-YT,
2026-12-25,CA,Christmas Day,Christmas Day,True,Public,,
2026-12-26,CA,Boxing Day,St. Stephen's Day,False,Public,CA-AB; CA-NB; CA-NS; CA-ON; CA-PE,
2026-01-01,CD,New Year's Day,New Year's Day,True,Public,,
2026-01-04,CD,Martyrs Day,Martyrs Day,True,Public,,
2026-01-16,CD,Laurent-Désiré Kabila Assassination,Laurent-Désiré Kabila Assassination,True,Public,,
2026-01-17,CD,Patrice Lumumba Assassination,Patrice Lumumba Assassination,True,Public,,
2026-04-06,CD,Kimbangu's Day,Kimbangu's Day,True,Public,,
2026-05-01,CD,Labour Day,Labour Day,True,Public,,
2026-05-17,CD,Liberation Day,Liberation Day,True,Public,,
2026-06-30,CD,Independence Day,Independence Day,True,Public,,
2026-08-01,CD,Parents' Day,Parents' Day,True,Public,,
2026-08-02,CD,Congolese Genocide Day,Congolese Genocide Day,True,Public,,
2026-12-25,CD,Christmas Day,Christmas Day,True,Public,,
2026-01-01,CG,Jour de l'An,New Year's Day,True,Public,,
2026-04-05,CG,Dimanche de Pâques,Easter Sunday,True,Public,,
2026-04-06,CG,Lundi de Pâques,Easter Monday,True,Public,,
2026-05-01,CG,Fête du Travail,Labour Day,True,Public,,
2026-05-14,CG,Ascension,Ascension Day,True,Public,,
2026-05-25,CG,Lundi de Pentecôte,Whit Monday,True,Public,,
2026-06-10,CG,Fête de la Réconciliation,Reconciliation Day,True,Public,,
2026-08-15,CG,Fête Nationale,National Day,True,Public,,
2026-11-01,CG,Toussaint,All Saints' Day,True,Public,,
2026-11-28,CG,Jour de la République,Republic Day,True,Public,,
2026-12-25,CG,Noël,Christmas Day,True,Public,,
2026-01-01,CH,Neujahr,New Year's Day,True,Public,,
2026-01-02,CH,Berchtoldstag,St. Berchtold's Day,False,Public,CH-BE; CH-FR; CH-SH; CH-AG; CH-TG; CH-VD,
2026-01-06,CH,Heilige Drei Könige,Epiphany,False,Public,CH-TI,
2026-01-06,CH,Heilige Drei Könige,Epiphany,False,Observance,CH-UR; CH-SZ,
2026-03-01,CH,Jahrestag der Ausrufung der Republik,Republic Day,False,Public,CH-NE,
2026-03-19,CH,Josefstag,Saint Joseph's Day,False,Public,CH-SZ; CH-VS,
2026-03-19,CH,Josefstag,Saint Joseph's Day,False,Observance,CH-LU; CH-UR; CH-NW; CH-TI,
2026-04-03,CH,Karfreitag,Good Friday,False,Public,CH-ZH; CH-BE; CH-LU; CH-UR; CH-SZ; CH-OW; CH-NW; CH-GL; CH-ZG; CH-FR; CH-SO; CH-BS; CH-BL; CH-SH; CH-AR; CH-AI; CH-SG; CH-GR; CH-AG; CH-TG; CH-VD; CH-NE; CH-GE; CH-JU,
2026-04-04,CH,Näfelser Fahrt,Näfels procession,False,Public,CH-GL,
2026-04-06,CH,Ostermontag,Easter Monday,False,Public,CH-ZH; CH-BE; CH-GL; CH-FR; CH-BS; CH-BL; CH-SH; CH-AR; CH-AI; CH-SG; CH-GR; CH-AG; CH-TG; CH-TI; CH-VD; CH-GE; CH-JU,
2026-04-06,CH,Ostermontag,Easter Monday,False,Observance,CH-UR; CH-SZ; CH-OW,
2026-05-01,CH,Tag der Arbeit,Labour Day,False,Public,CH-ZH; CH-SO; CH-BS; CH-BL; CH-SH; CH-NE; CH-JU,
2026-05-01,CH,Tag der Arbeit,Labour Day,False,Observance,CH-TG; CH-TI,
2026-05-14,CH,Auffahrt,Ascension Day,True,Public,,
2026-05-25,CH,Pfingstmontag,Whit Monday,False,Public,CH-ZH; CH-BE; CH-GL; CH-FR; CH-BS; CH-BL; CH-SH; CH-AR; CH-AI; CH-SG; CH-GR; CH-AG; CH-TG; CH-VD; CH-GE; CH-JU,
2026-05-25,CH,Pfingstmontag,Whit Monday,False,Observance,CH-UR; CH-SZ; CH-OW; CH-TI,
2026-06-04,CH,Fronleichnam,Corpus Christi,False,Public,CH-LU; CH-UR; CH-SZ; CH-OW; CH-NW; CH-ZG; CH-FR; CH-SO; CH-AI; CH-AG; CH-VS; CH-JU,
2026-06-04,CH,Fronleichnam,Corpus Christi,False,Observance,CH-TI,
2026-06-29,CH,Peter und Paul,Saint Peter and Saint Paul,False,Observance,CH-TI,
2026-08-01,CH,Bundesfeier,Swiss National Day,True,Public,,
2026-08-15,CH,Maria Himmelfahrt,Assumption of the Virgin Mary,False,Public,CH-LU; CH-UR; CH-SZ; CH-OW; CH-NW; CH-ZG; CH-FR; CH-SO; CH-AG; CH-TI; CH-VS,
2026-08-15,CH,Maria Himmelfahrt,Assumption of the Virgin Mary,False,Observance,CH-AI; CH-JU,
2026-09-10,CH,Jeûne genevois,Geneva Prayday,False,Public,CH-GE,
2026-09-20,CH,"Eidgenössischer Dank-, Buss- und Bettag",Federal Day of Thanksgiving,False,Observance,CH-ZH; CH-BE; CH-LU; CH-SZ; CH-OW; CH-NW; CH-GL; CH-SO; CH-BS; CH-BL; CH-SH; CH-SG; CH-GR,
2026-09-21,CH,Bettagsmontag,Federal Fast Monday,False,Public,CH-VD,
2026-11-01,CH,Allerheiligen,All Saints' Day,False,Public,CH-LU; CH-UR; CH-SZ; CH-OW; CH-NW; CH-GL; CH-ZG; CH-FR; CH-SO; CH-SG; CH-AG; CH-TI; CH-VS,
2026-11-01,CH,Allerheiligen,All Saints' Day,False,Observance,CH-AI; CH-JU,
2026-12-08,CH,Mariä Empfängnis,Immaculate Conception,False,Public,CH-UR; CH-OW; CH-NW; CH-ZG; CH-FR; CH-AG; CH-VS,
2026-12-08,CH,Mariä Empfängnis,Immaculate Conception,False,Observance,CH-AI; CH-JU; CH-LU; CH-SZ; CH-TI,
2026-12-25,CH,Weihnachten,Christmas Day,True,Public,,
2026-12-26,CH,Stephanstag,St. Stephen's Day,False,Public,CH-ZH; CH-BE; CH-LU; CH-GL; CH-FR; CH-BS; CH-BL; CH-SH; CH-SG; CH-GR; CH-AG; CH-TG; CH-TI,
2026-12-26,CH,Stephanstag,St. Stephen's Day,False,Observance,CH-UR; CH-SZ; CH-OW,
2026-12-31,CH,Restauration de la République,Restoration Day,False,Public,CH-GE,
2026-01-01,CL,Año Nuevo,New Year's Day,True,Public,,
2026-04-03,CL,Viernes Santo,Good Friday,True,Public,,
2026-04-04,CL,Sábado Santo,Holy Saturday,True,Public,,
2026-05-01,CL,Día del Trabajo,Labour Day,True,Public,,
2026-05-21,CL,Día de las Glorias Navales,Navy Day,True,Public,,
2026-06-07,CL,Asalto y Toma del Morro de Arica,Battle of Arica,False,Public,CL-AP,
2026-06-21,CL,Día Nacional de los Pueblos Indígenas,National Day of Indigenous Peoples,True,Public,,
2026-06-29,CL,San Pedro y San Pablo,Saint Peter and Saint Paul,True,Public,,
2026-07-16,CL,Virgen del Carmen,Our Lady of Mount Carmel,True,Public,,
2026-08-15,CL,Asunción de la Virgen,Assumption of Mary,True,Public,,
2026-09-18,CL,Fiestas Patrias,National holiday,True,Public,,
2026-09-19,CL,Día de las Glorias del Ejército,Army Day,True,Public,,
2026-10-12,CL,Día del Descubrimiento de Dos Mundos,Columbus Day,True,Public,,
2026-10-31,CL,Día Nacional de las Iglesias Evangélicas y Protestantes,Reformation Day,True,Public,,
2026-11-01,CL,Día de Todos los Santos,All Saints Day,True,Public,,
2026-12-08,CL,Inmaculada Concepción,Immaculate Conception,True,Public,,
2026-12-25,CL,Navidad / Natividad del Señor,Christmas Day,True,Public,,
2026-01-01,CN,元旦,New Year's Day,True,Public,,
2026-02-17,CN,春节,Chinese New Year (Spring Festival),True,Public,,
2026-05-01,CN,劳动节,Labour Day,True,Public,,
2026-06-19,CN,端午节,Dragon Boat Festival,True,Public,,
2026-09-25,CN,中秋节,Mid-Autumn Festival,True,Public,,
2026-10-01,CN,国庆节,National Day,True,Public,,
2026-01-01,CO,Año Nuevo,New Year's Day,True,Public,,
2026-01-12,CO,Día de los Reyes Magos,Epiphany,True,Public,,
2026-03-23,CO,Día de San José,Saint Joseph's Day,True,Public,,
2026-04-02,CO,Jueves Santo,Maundy Thursday,True,Public,,
2026-04-03,CO,Viernes Santo,Good Friday,True,Public,,
2026-05-01,CO,Primero de Mayo,Labour Day,True,Public,,
2026-05-18,CO,Ascensión del señor,Ascension Day,True,Public,,
2026-06-08,CO,Corpus Christi,Corpus Christi,True,Public,,
2026-06-15,CO,Sagrado Corazón,Sacred Heart,True,Public,,
2026-06-29,CO,San Pedro y San Pablo,Saint Peter and Saint Paul,True,Public,,
2026-07-20,CO,Declaracion de la Independencia de Colombia,Declaration of Independence,True,Public,,
2026-08-07,CO,Batalla de Boyacá,Battle of Boyacá,True,Public,,
2026-08-17,CO,La Asunción,Assumption of Mary,True,Public,,
2026-10-12,CO,Día de la Raza,Columbus Day,True,Public,,
2026-11-02,CO,Dia de los Santos,All Saints’ Day,True,Public,,
2026-11-16,CO,Independencia de Cartagena,Independence of Cartagena,True,Public,,
2026-12-08,CO,La Inmaculada Concepción,Immaculate Conception,True,Public,,
2026-12-25,CO,Navidad,Christmas Day,True,Public,,
2026-01-01,CR,Año Nuevo,New Year's Day,True,Public,,
2026-04-02,CR,Jueves Santo,Maundy Thursday,True,Public,,
2026-04-03,CR,Viernes Santo,Good Friday,True,Public,,
2026-04-11,CR,Día de Juan Santamaría,Juan Santamaría Day,True,Public,,
2026-05-01,CR,Día Internacional del Trabajo,Labour Day,True,Public,,
2026-07-25,CR,Anexión del Partido de Nicoya a Costa Rica,Annexation of the Party of Nicoya to Costa Rica,True,Public,,
2026-08-02,CR,Fiesta de Nuestra Señora de los Ángeles,Feast of Our Lady of the Angels,True,Public,,
2026-08-15,CR,Día de la Madre,Mother's Day,True,Public,,
2026-09-15,CR,Día de la Independencia,Independence Day,True,Public,,
2026-12-01,CR,Día de la Abolición del Ejército,Army Abolition Day,True,Public,,
2026-12-25,CR,Navidad,Christmas Day,True,Public,,
2026-01-01,CU,Triunfo de la Revolución,Triumph of the Revolution,True,Public,,
2026-01-02,CU,Día de Victoria de las Fuerzas Armadas,Victory of Fidel Castro,True,Public,,
2026-04-03,CU,Good Friday,Good Friday,True,Public,,
2026-05-01,CU,Día de los trabajadores,Labour Day,True,Public,,
2026-07-25,CU,Conmemoración del asalto a Moncada,Day before the Commemoration of the Assault of the Moncada garrison,True,Public,,
2026-07-26,CU,Día de la Rebeldía Nacional,Commemoration of the Assault of the Moncada garrison,True,Public,,
2026-07-27,CU,Conmemoración del asalto a Moncada,Day after the Commemoration of the Assault of the Moncada garrison,True,Public,,
2026-10-10,CU,Día de la Independencia,Independence Day,True,Public,,
2026-12-25,CU,Navidad,Christmas Day,True,Public,,
2026-01-01,CY,Πρωτοχρονιά,New Year's Day,True,Public,,
2026-01-06,CY,Θεοφάνεια,Epiphany,True,Public,,
2026-02-23,CY,Καθαρή Δευτέρα,Green Monday,True,Public,,
2026-03-25,CY,Επέτειος Ελληνικής Ανεξαρτησίας,Greek Independence Day,True,Public,,
2026-04-01,CY,Κυπριακή Εθνική Επέτειος,Cyprus National Day,True,Public,,
2026-04-10,CY,Μεγάλη Παρασκευή,Good Friday,True,Public,,
2026-04-13,CY,Δευτέρα της Διακαινησίμου,Easter Monday,True,Public,,
2026-04-14,CY,Τρίτη της Διακαινησίμου,Easter Tuesday,True,Bank,,
2026-05-01,CY,Πρωτομαγιά,Labour Day,True,Public,,
2026-05-31,CY,Αγίου Πνεύματος,Pentecost,True,Public,,
2026-06-01,CY,Δευτέρα Πεντηκοστής,Whit Monday,True,Public,,
2026-08-15,CY,Η Κοίμησις της Θεοτόκου,Assumption of the Virgin Mary,True,Public,,
2026-10-01,CY,Επέτειος Κυπριακής Ανεξαρτησίας,Cyprus Independence Day,True,Public,,
2026-10-28,CY,Το Όχι,Ohi Day,True,Public,,
2026-12-24,CY,Παραμονή Χριστουγέννων,Christmas Eve,True,Public,,
2026-12-25,CY,Χριστούγεννα,Christmas Day,True,Public,,
2026-12-26,CY,Δεύτερη μέρα των Χριστουγέννων,St. Stephen's Day,True,Public,,
2026-01-01,CZ,Den obnovy samostatného českého státu; Nový rok,New Year's Day,True,Public,,
2026-04-03,CZ,Velký pátek,Good Friday,True,Public,,
2026-04-06,CZ,Velikonoční pondělí,Easter Monday,True,Public,,
2026-05-01,CZ,Svátek práce,Labour Day,True,Public,,
2026-05-08,CZ,Den vítězství,Liberation Day,True,Public,,
2026-07-05,CZ,Den slovanských věrozvěstů Cyrila a Metoděje,Saints Cyril and Methodius Day,True,Public,,
2026-07-06,CZ,Den upálení mistra Jana Husa,Jan Hus Day,True,Public,,
2026-09-28,CZ,Den české státnosti,St. Wenceslas Day,True,Public,,
2026-10-28,CZ,Den vzniku samostatného československého státu,Independent Czechoslovak State Day,True,Public,,
2026-11-17,CZ,Den boje za svobodu a demokracii a Mezinárodní den studentstva,Struggle for Freedom and Democracy Day,True,Public,,
2026-12-24,CZ,Štědrý den,Christmas Eve,True,Public,,
2026-12-25,CZ,1. svátek vánoční,Christmas Day,True,Public,,
2026-12-26,CZ,2. svátek vánoční,St. Stephen's Day,True,Public,,
2026-01-01,DE,Neujahr,New Year's Day,True,Public,,
2026-01-06,DE,Heilige Drei Könige,Epiphany,False,Public,DE-BW; DE-BY; DE-ST,
2026-03-08,DE,Internationaler Frauentag,International Women's Day,False,Public,DE-BE; DE-MV,
2026-04-03,DE,Karfreitag,Good Friday,True,Public,,
2026-04-05,DE,Ostersonntag,Easter Sunday,False,Public,DE-BB,
2026-04-06,DE,Ostermontag,Easter Monday,True,Public,,
2026-05-01,DE,Tag der Arbeit,Labour Day,True,Public,,
2026-05-14,DE,Christi Himmelfahrt,Ascension Day,True,Public,,
2026-05-24,DE,Pfingstsonntag,Pentecost,False,Public,DE-BB,
2026-05-25,DE,Pfingstmontag,Whit Monday,True,Public,,
2026-06-04,DE,Fronleichnam,Corpus Christi,False,Public,DE-BW; DE-BY; DE-HE; DE-NW; DE-RP; DE-SL,
2026-08-15,DE,Mariä Himmelfahrt,Assumption Day,False,Public,DE-SL,
2026-09-20,DE,Weltkindertag,World Children's Day,False,Public,DE-TH,
2026-10-03,DE,Tag der Deutschen Einheit,German Unity Day,True,Public,,
2026-10-31,DE,Reformationstag,Reformation Day,False,Public,DE-BB; DE-MV; DE-SN; DE-ST; DE-TH; DE-HB; DE-HH; DE-NI; DE-SH,
2026-11-01,DE,Allerheiligen,All Saints' Day,False,Public,DE-BW; DE-BY; DE-NW; DE-RP; DE-SL,
2026-11-18,DE,Buß- und Bettag,Repentance and Prayer Day,False,Public,DE-SN,
2026-12-25,DE,Erster Weihnachtstag,Christmas Day,True,Public,,
2026-12-26,DE,Zweiter Weihnachtstag,St. Stephen's Day,True,Public,,
2026-01-01,DK,Nytårsdag,New Year's Day,True,Public,,
2026-04-02,DK,Skærtorsdag,Maundy Thursday,True,Public,,
2026-04-03,DK,Langfredag,Good Friday,True,Public,,
2026-04-05,DK,Påskedag,Easter Sunday,True,Public,,
2026-04-06,DK,2. Påskedag,Easter Monday,True,Public,,
2026-05-14,DK,Kristi Himmelfartsdag,Ascension Day,True,Public,,
2026-05-15,DK,Banklukkedag,Bank closing day,True,Bank; School; Optional,,
2026-05-24,DK,Pinsedag,Pentecost,True,Public,,
2026-05-25,DK,2. Pinsedag,Whit Monday,True,Public,,
2026-06-05,DK,Grundlovsdag,Constitution Day,True,Bank; School; Optional,,
2026-12-24,DK,Juleaftensdag,Christmas Eve,True,Bank; School; Optional,,
2026-12-25,DK,Juledag / 1. juledag,Christmas Day,True,Public,,
2026-12-26,DK,2. juledag,St. Stephen's Day,True,Public,,
2026-12-31,DK,Nytårsaftensdag,New Year's Eve,True,Bank; School; Optional,,
2026-01-01,DO,Día de Año Nuevo,New Year's Day,True,Public,,
2026-01-06,DO,Día de Reyes,Day of Kings,True,Public,,
2026-01-21,DO,Día de Nuestra Señora de la Altagracia,Our Lady of Altagracia,True,Public,,
2026-01-26,DO,Día del Natalicio de Juan Pablo Duarte,Duarte's Birthday,True,Public,,
2026-02-27,DO,Día de la Independencia de la República Dominicana,Independence Day,True,Public,,
2026-04-03,DO,Good Friday,Good Friday,True,Public,,
2026-05-01,DO,Día del Trabajador,Labour Day,True,Public,,
2026-05-28,DO,Día de las Madres,Mother's Day,True,Public,,
2026-06-04,DO,Corpus Christi,Corpus Christi,True,Public,,
2026-08-16,DO,Día de la Restauración Dominicana,Restoration Day,True,Public,,
2026-09-24,DO,Nuestra Senora de las Mercedes,Our Lady of Mercy,True,Public,,
2026-11-06,DO,Día de la Constitución,Constitution Day,True,Public,,
2026-12-25,DO,Navidad,Christmas Day,True,Public,,
2026-01-01,EC,Año Nuevo,New Year's Day,True,Public,,
2026-02-16,EC,Carnaval,Carnival,True,Public,,
2026-02-17,EC,Carnaval,Carnival,True,Public,,
2026-04-03,EC,Good Friday,Good Friday,True,Public,,
2026-05-01,EC,International Workers' Day,International Workers' Day,True,Public,,
2026-05-24,EC,Batalla de Pichincha,The Battle of Pichincha,True,Public,,
2026-08-10,EC,Primer Grito de Independencia,Declaration of Independence of Quito,True,Public,,
2026-10-09,EC,Independencia de Guayaquil,Independence of Guayaquil,True,Public,,
2026-11-02,EC,"Día de los Difuntos, Día de Muertos",All Souls' Day,True,Public,,
2026-11-03,EC,Independencia de Cuenca,Independence of Cuenca,True,Public,,
2026-12-25,EC,Día de Navidad,Christmas Day,True,Public,,
2026-01-01,EE,uusaasta,New Year's Day,True,Public,,
2026-02-24,EE,iseseisvuspäev,Independence Day,True,Public,,
2026-04-03,EE,suur reede,Good Friday,True,Public,,
2026-04-05,EE,ülestõusmispühade 1. püha,Easter Sunday,True,Public,,
2026-05-01,EE,kevadpüha,Spring Day,True,Public,,
2026-05-24,EE,nelipühade 1. püha,Pentecost,True,Public,,
2026-06-23,EE,võidupüha and jaanilaupäev,Victory Day,True,Public,,
2026-06-24,EE,jaanipäev,Midsummer Day,True,Public,,
2026-08-20,EE,taasiseseisvumispäev,Day of Restoration of Independence,True,Public,,
2026-12-24,EE,jõululaupäev,Christmas Eve,True,Public,,
2026-12-25,EE,esimene jõulupüha,Christmas Day,True,Public,,
2026-12-26,EE,teine jõulupüha,St. Stephen's Day,True,Public,,
2026-01-07,EG,عيد الميلاد المجيد,Christmas Day (Orthodox),True,Public,,
2026-01-25,EG,عيد الثورة 25 يناير,Revolution Day 2011 / National Police Day,True,Public,,
2026-04-25,EG,عيد تحرير سيناء,Sinai Liberation Day,True,Public,,
2026-05-01,EG,عيد العمال,Labour Day,True,Public,,
2026-07-02,EG,ثورة 30 يونيو,June 30 Revolution,True,Public,,
2026-07-23,EG,عيد ثورة 23 يوليو,Revolution Day,True,Public,,
2026-10-06,EG,عيد القوات المسلحة,Armed Forces Day,True,Public,,
2026-01-01,ES,Año Nuevo,New Year's Day,True,Public,,
2026-01-06,ES,Día de Reyes / Epifanía del Señor,Epiphany,True,Public,,
2026-02-28,ES,Día de Andalucía,Day of Andalucía,False,Public,ES-AN,
2026-03-01,ES,Dia de les Illes Balears,Day of the Balearic Islands,False,Public,ES-IB,
2026-04-02,ES,Jueves Santo,Maundy Thursday,False,Public,ES-AN; ES-AR; ES-CL; ES-CM; ES-CN; ES-EX; ES-GA; ES-IB; ES-RI; ES-MD; ES-MC; ES-NC; ES-AS; ES-PV; ES-CB,
2026-04-03,ES,Viernes Santo,Good Friday,True,Public,,
2026-04-06,ES,Lunes de Pascua,Easter Monday,False,Public,ES-CT; ES-IB; ES-RI; ES-NC; ES-PV; ES-VC,
2026-04-23,ES,Día de Castilla y León,Castile and León Day,False,Public,ES-CL,
2026-04-23,ES,San Jorge (Día de Aragón),Day of Aragón,False,Public,ES-AR,
2026-05-01,ES,Fiesta del trabajo,Labour Day,True,Public,,
2026-05-02,ES,Fiesta de la Comunidad de Madrid,Day of Madrid,False,Public,ES-MD,
2026-05-17,ES,Día das Letras Galegas,Galician Literature Day,False,Public,ES-GA,
2026-05-30,ES,Día de Canarias,Day of the Canary Islands,False,Public,ES-CN,
2026-05-31,ES,Día de la Región Castilla-La Mancha,Day of Castilla-La Mancha,False,Public,ES-CM,
2026-06-04,ES,Corpus Christi,Corpus Christi,False,Public,ES-CM,
2026-06-09,ES,Día de La Rioja,Day of La Rioja,False,Public,ES-RI,
2026-06-09,ES,Día de la Región de Murcia,Day of Murcia,False,Public,ES-MC,
2026-06-24,ES,Sant Joan,St. John's Day,False,Public,ES-CT; ES-VC,
2026-07-25,ES,Santiago Apóstol,Santiago Apóstol,False,Public,ES-GA; ES-PV,
2026-07-28,ES,Día de las Instituciones de Cantabria,Day of the Cantabrian Institutions,False,Public,ES-CB,
2026-08-15,ES,Asunción,Assumption,True,Public,,
2026-09-08,ES,Día de Asturias,Day of Asturias,False,Public,ES-AS,
2026-09-08,ES,Día de Extremadura,Day of Extremadura,False,Public,ES-EX,
2026-09-11,ES,Diada Nacional de Catalunya,National Day of Catalonia,False,Public,ES-CT,
2026-09-15,ES,Festividad de la Bien Aparecida,Feast of Our Lady of Bien Aparecida,False,Public,ES-CB,
2026-10-09,ES,Dia de la Comunitat Valenciana,Day of the Valencian Community,False,Public,ES-VC,
2026-10-12,ES,Fiesta Nacional de España,National Day of Spain,True,Public,,
2026-11-01,ES,Día de todos los Santos,All Saints Day,True,Public,,
2026-12-06,ES,Día de la Constitución,Constitution Day,True,Public,,
2026-12-08,ES,Inmaculada Concepción,Immaculate Conception,True,Public,,
2026-12-25,ES,Navidad,Christmas Day,True,Public,,
2026-12-26,ES,Feast of Saint Stephen,St. Stephen's Day,False,Public,ES-CT,
2026-01-01,FI,Uudenvuodenpäivä,New Year's Day,True,Public,,
2026-01-06,FI,Loppiainen,Epiphany,True,Public,,
2026-04-03,FI,Pitkäperjantai,Good Friday,True,Public,,
2026-04-05,FI,Pääsiäispäivä,Easter Sunday,True,Public,,
2026-04-06,FI,Toinen pääsiäispäivä,Easter Monday,True,Public,,
2026-05-01,FI,Vappu,May Day,True,Public,,
2026-05-14,FI,Helatorstai,Ascension Day,True,Public,,
2026-05-24,FI,Helluntaipäivä,Pentecost,True,Public,,
2026-06-19,FI,Juhannusaatto,Midsummer Eve,True,Public,,
2026-06-20,FI,Juhannuspäivä,Midsummer Day,True,Public,,
2026-10-31,FI,Pyhäinpäivä,All Saints' Day,True,Public,,
2026-12-06,FI,Itsenäisyyspäivä,Independence Day,True,Public,,
2026-12-24,FI,Jouluaatto,Christmas Eve,True,Public,,
2026-12-25,FI,Joulupäivä,Christmas Day,True,Public,,
2026-12-26,FI,Tapaninpäivä,St. Stephen's Day,True,Public,,
2026-01-01,FO,Nýggjársdagur,New Year's Day,True,Public,,
2026-04-02,FO,Skírhósdagur,Maundy Thursday,True,Public,,
2026-04-03,FO,Langifríggjadagur,Good Friday,True,Public,,
2026-04-05,FO,Páskadagur,Easter Sunday,True,Public,,
2026-04-06,FO,2. Páskadagur,Easter Monday,True,Public,,
2026-04-25,FO,Flaggdagur,National Flag Day,True,Public,,
2026-05-01,FO,Dýri biðidagur,General Prayer Day,True,Public,,
2026-05-14,FO,Kristi himmalsferðar dagur,Ascension Day,True,Public,,
2026-05-24,FO,Hvítasunnudagur,Pentecost,True,Public,,
2026-05-25,FO,2. Hvítasunnudagur,Whit Monday,True,Public,,
2026-06-05,FO,Grundlógardagur Danmarkar,Constitution Day,True,Public,,
2026-07-28,FO,Ólavsøkuaftan,Saint Olav's Eve,True,Public,,
2026-07-29,FO,Ólavsøkudagur,Saint Olav's Day,True,Public,,
2026-12-24,FO,Jólaaftanskvøld,Christmas Eve,True,Public,,
2026-12-25,FO,Jóladagur,Christmas Day,True,Public,,
2026-12-26,FO,2. Jóladagur,St. Stephen's Day,True,Public,,
2026-12-31,FO,Nýggjársaftan,New Year's Eve,True,Public,,
2026-01-01,FR,Jour de l'an,New Year's Day,True,Public,,
2026-04-06,FR,Lundi de Pâques,Easter Monday,True,Public,,
2026-05-01,FR,Fête du Travail,Labour Day,True,Public,,
2026-05-08,FR,Victoire 1945,Victory in Europe Day,True,Public,,
2026-05-14,FR,Ascension,Ascension Day,True,Public,,
2026-05-25,FR,Lundi de Pentecôte,Whit Monday,True,Public,,
2026-07-14,FR,Fête nationale,Bastille Day,True,Public,,
2026-08-15,FR,Assomption,Assumption Day,True,Public,,
2026-11-01,FR,Toussaint,All Saints' Day,True,Public,,
2026-11-11,FR,Armistice 1918,Armistice Day,True,Public,,
2026-12-25,FR,Noël,Christmas Day,True,Public,,
2026-01-01,GA,New Year's Day,New Year's Day,True,Public,,
2026-03-12,GA,Renovation Day,Renovation Day,True,Public,,
2026-04-06,GA,Easter Monday,Easter Monday,True,Public,,
2026-04-17,GA,Women's Day,Women's Day,True,Public,,
2026-05-01,GA,Labour Day,Labour Day,True,Public,,
2026-05-06,GA,Martyr's Day,Martyr's Day,True,Public,,
2026-05-25,GA,Whit Monday,Whit Monday,True,Public,,
2026-08-15,GA,Assumption Day,Assumption Day,True,Public,,
2026-08-17,GA,Independence Day,Independence Day,True,Public,,
2026-11-01,GA,All Saints' Day,All Saints' Day,True,Public,,
2026-12-25,GA,Božić,Christmas Day,True,Public,,
2026-01-01,GB,New Year's Day,New Year's Day,False,Public,GB-ENG; GB-NIR; GB-SCT; GB-WLS,
2026-01-02,GB,2 January,2 January,False,Public,GB-SCT,
2026-03-17,GB,Saint Patrick's Day,Saint Patrick's Day,False,Public,GB-NIR,
2026-04-03,GB,Good Friday,Good Friday,True,Public,,
2026-04-06,GB,Easter Monday,Easter Monday,False,Public,GB-ENG; GB-WLS; GB-NIR,
2026-05-04,GB,Early May Bank Holiday,Early May Bank Holiday,True,Public,,
2026-05-25,GB,Spring Bank Holiday,Spring Bank Holiday,True,Public,,
2026-06-15,GB,World Cup Bank Holiday,World Cup Bank Holiday,False,Public,GB-SCT,
2026-07-13,GB,Battle of the Boyne,Battle of the Boyne,False,Public,GB-NIR,
2026-08-03,GB,Summer Bank Holiday,Summer Bank Holiday,False,Public,GB-SCT,
2026-08-31,GB,Summer Bank Holiday,Summer Bank Holiday,False,Public,GB-ENG; GB-WLS; GB-NIR,
2026-11-30,GB,Saint Andrew's Day,Saint Andrew's Day,False,Public,GB-SCT,
2026-12-25,GB,Christmas Day,Christmas Day,True,Public,,
2026-12-28,GB,Boxing Day,St. Stephen's Day,True,Public,,
2026-01-01,GD,New Year's Day,New Year's Day,True,Public,,
2026-02-07,GD,Independence Day,Independence Day,True,Public,,
2026-04-03,GD,Good Friday,Good Friday,True,Public,,
2026-04-06,GD,Easter Monday,Easter Monday,True,Public,,
2026-05-01,GD,Labour Day,Labour Day,True,Public,,
2026-05-01,GD,Indian Arrival Day,Indian Arrival Day,True,Public,,
2026-05-25,GD,Whit Monday,Whit Monday,True,Public,,
2026-06-04,GD,Corpus Christi,Corpus Christi,True,Public,,
2026-08-03,GD,Emancipation Day,Emancipation Day,True,Public,,
2026-08-11,GD,Carnival,Carnival,True,Public,,
2026-10-25,GD,Thanksgiving Day,Thanksgiving Day,True,Public,,
2026-12-25,GD,Christmas Day,Christmas Day,True,Public,,
2026-12-26,GD,Boxing Day,Boxing Day,True,Public,,
2026-01-01,GE,ახალი წელი,New Year's Day,True,Public,,
2026-01-02,GE,ახალი წელი,New Year's Day,True,Public,,
2026-01-07,GE,ქრისტეშობა,Christmas Day (Orthodox),True,Public,,
2026-01-19,GE,ნათლისღება,Epiphany (Orthodox),True,Public,,
2026-03-03,GE,დედის დღე,Mother's Day,True,Public,,
2026-03-08,GE,ქალთა საერთაშორისო დღე,International Women's Day,True,Public,,
2026-04-09,GE,ეროვნული ერთიანობის დღე,National Unity Day,True,Public,,
2026-04-10,GE,ძველი პარასკევი,Good Friday,True,Public,,
2026-04-11,GE,დიდი შაბათი,Holy Saturday,True,Public,,
2026-04-12,GE,აღდგომის კვირა,Easter Sunday,True,Public,,
2026-04-13,GE,აღდგომის ორშაბათი,Easter Monday,True,Public,,
2026-05-09,GE,ფაშიზმზე გამარჯვების დღე,Day of Victory over Fascism,True,Public,,
2026-05-12,GE,წმინდა მოციქულის ანდრია პირველწოდებულის საქართველოში შემოსვლის დღე,Saint Andrew the First-Called Day,True,Public,,
2026-05-26,GE,დამოუკიდებლობის დღე,Independence Day,True,Public,,
2026-08-28,GE,მარიამობა,Saint Mary's Day,True,Public,,
2026-10-14,GE,სვეტიცხოვლობა,Day of Svetitskhoveli Cathedra,True,Public,,
2026-11-23,GE,გიორგობა,Saint George's Day,True,Public,,
2026-01-01,GG,New Year's Day,New Year's Day,True,Public,,
2026-04-03,GG,Good Friday,Good Friday,True,Public,,
2026-04-06,GG,Easter Monday,Easter Monday,True,Public,,
2026-05-01,GG,Early May Bank Holiday,Early May Bank Holiday,True,Public,,
2026-05-09,GG,Liberation Day,Liberation Day,True,Public,,
2026-05-25,GG,Spring Bank Holiday,Spring Bank Holiday,True,Public,,
2026-08-31,GG,Summer Bank Holiday,Summer Bank Holiday,True,Public,,
2026-12-25,GG,Christmas Day,Christmas Day,True,Public,,
2026-12-26,GG,St. Stephen's Day,Boxing Day,True,Public,,
2026-01-01,GH,New Year's Day,New Year's Day,True,Public,,
2026-01-07,GH,Constitution Day,Constitution Day,True,Public,,
2026-03-06,GH,Independence Day,Independence Day,True,Public,,
2026-04-03,GH,Good Friday,Good Friday,True,Public,,
2026-04-06,GH,Easter Monday,Easter Monday,True,Public,,
2026-05-01,GH,May Day,May Day,True,Public,,
2026-07-01,GH,Republic Day,Republic Day,True,Public,,
2026-09-21,GH,Founders Day,Founders Day,True,Public,,
2026-12-04,GH,Farmers' Day,Farmers' Day,True,Public,,
2026-12-25,GH,Christmas Day,Christmas Day,True,Public,,
2026-12-26,GH,Boxing Day,Boxing Day,True,Public,,
2026-01-01,GI,New Year's Day,New Year's Day,True,Public,,
2026-03-09,GI,Commonwealth Day,Commonwealth Day,True,Public,,
2026-04-03,GI,Good Friday,Good Friday,True,Public,,
2026-04-06,GI,Easter Monday,Easter Monday,True,Public,,
2026-04-28,GI,Workers' Memorial Day,Workers' Memorial Day,True,Public,,
2026-05-01,GI,May Day Bank Holiday,May Day Bank Holiday,True,Public,,
2026-05-25,GI,Spring Bank Holiday,Spring Bank Holiday,True,Public,,
2026-06-08,GI,Queen's Birthday,Queen's Birthday,True,Public,,
2026-08-31,GI,Summer Bank Holiday,Summer Bank Holiday,True,Public,,
2026-09-10,GI,Gibraltar National Day,Gibraltar National Day,True,Public,,
2026-12-25,GI,Christmas Day,Christmas Day,True,Public,,
2026-12-26,GI,St. Stephen's Day,Boxing Day,True,Public,,
2026-01-01,GL,Ukiortaaq,New Year's Day,True,Public,,
2026-01-06,GL,Kunngit pingasut ulluat,Epiphany,True,Bank; School; Optional,,
2026-04-02,GL,Sisamanngortoq illernartoq,Maundy Thursday,True,Public,,
2026-04-03,GL,Tallimanngorneq tannaartoq,Good Friday,True,Public,,
2026-04-05,GL,Poorskip ullua,Easter Sunday,True,Public,,
2026-04-06,GL,Poorskip-aappaa,Easter Monday,True,Public,,
2026-05-01,GL,Tussiarfik,General Prayer Day,True,Public,,
2026-05-14,GL,Qilaliarfik,Ascension Day,True,Public,,
2026-05-15,GL,Atuanngiffik,Bank closing day,True,Bank; School; Optional,,
2026-05-24,GL,Piinsi,Pentecost,True,Public,,
2026-05-25,GL,Piinsip-aappaa,Whit Monday,True,Public,,
2026-06-21,GL,Ullortuneq,Ullortuneq,True,Public,,
2026-12-24,GL,Juulliaraq,Christmas Eve,True,Bank; School; Optional,,
2026-12-25,GL,Juullip ullua,Christmas Day,True,Public,,
2026-12-26,GL,Juullip-aappaa,St. Stephen's Day,True,Public,,
2026-12-31,GL,Ukiutoqaq,New Year's Eve,True,Bank; School; Optional,,
2026-01-01,GM,New Year's Day,New Year's Day,True,Public,,
2026-02-18,GM,Independence Day,Independence Day,True,Public,,
2026-04-03,GM,Good Friday,Good Friday,True,Public,,
2026-04-06,GM,Easter Monday,Easter Monday,True,Public,,
2026-05-01,GM,Labour Day,Labour Day,True,Public,,
2026-05-25,GM,Africa Day,Africa Day,True,Public,,
2026-07-22,GM,Revolution Day,Revolution Day,True,Public,,
2026-08-15,GM,Assumption Day,Assumption Day,True,Public,,
2026-12-25,GM,Christmas Day,Christmas Day,True,Public,,
2026-01-01,GR,Πρωτοχρονιά,New Year's Day,True,Public,,
2026-01-06,GR,Θεοφάνεια,Epiphany,True,Public,,
2026-02-23,GR,Καθαρά Δευτέρα,Clean Monday,True,Public,,
2026-03-25,GR,Ευαγγελισμός της Θεοτόκου,Annunciation,True,Public,,
2026-03-25,GR,Εικοστή Πέμπτη Μαρτίου,Independence Day,True,Public,,
2026-04-10,GR,Μεγάλη Παρασκευή,Good Friday,True,Public,,
2026-04-12,GR,Κυριακή του Πάσχα,Easter Sunday,True,Public,,
2026-04-13,GR,Δευτέρα του Πάσχα,Easter Monday,True,Public,,
2026-05-01,GR,Εργατική Πρωτομαγιά,Labour Day,True,Public,,
2026-05-31,GR,Πεντηκοστή,Pentecost,True,Public,,
2026-06-01,GR,Δευτέρα Πεντηκοστής,Whit Monday,True,Public,,
2026-08-15,GR,Κοίμηση της Θεοτόκου,Assumption Day,True,Public,,
2026-10-28,GR,Το Όχι,Ochi Day,True,Public,,
2026-12-25,GR,Χριστούγεννα,Christmas Day,True,Public,,
2026-12-26,GR,Σύναξις Υπεραγίας Θεοτόκου Μαρίας,St. Stephen's Day,True,Public,,
2026-01-01,GT,New Year's Day,New Year's Day,True,Public,,
2026-04-02,GT,Maundy Thursday,Maundy Thursday,True,Public,,
2026-04-03,GT,Good Friday,Good Friday,True,Public,,
2026-04-04,GT,Holy Saturday,Holy Saturday,True,Public,,
2026-04-05,GT,Easter Sunday,Easter Sunday,True,Public,,
2026-05-01,GT,International Workers' Day,International Workers' Day,True,Public,,
2026-06-30,GT,Army Day,Army Day,True,Public,,
2026-09-15,GT,Independence Day,Independence Day,True,Public,,
2026-10-20,GT,Revolution Day,Revolution Day,True,Public,,
2026-11-01,GT,All Saints' Day,All Saints' Day,True,Public,,
2026-12-24,GT,Christmas Eve,Christmas Eve,True,Public,,
2026-12-25,GT,Christmas Day,Christmas Day,True,Public,,
2026-12-31,GT,New Year's Eve,New Year's Eve,True,Public,,
2026-01-01,GY,New Year's Day,New Year's Day,True,Public,,
2026-02-23,GY,Republic Day,Republic Day,True,Public,,
2026-04-03,GY,Good Friday,Good Friday,True,Public,,
2026-04-06,GY,Easter Monday,Easter Monday,True,Public,,
2026-05-01,GY,Labour Day,Labour Day,True,Public,,
2026-05-05,GY,Arrival Day,Arrival Day,True,Public,,
2026-05-26,GY,Independence Day,Independence Day,True,Public,,
2026-07-06,GY,Caricom Day,Caricom Day,True,Public,,
2026-08-01,GY,Emancipation Day,Emancipation Day,True,Public,,
2026-12-25,GY,Christmas Day,Christmas Day,True,Public,,
2026-12-26,GY,Boxing Day,Boxing Day,True,Public,,
2026-01-01,HK,元旦新年,New Year's Day,True,Public,,
2026-02-17,HK,農曆年初一,Lunar New Year,True,Public,,
2026-02-18,HK,農曆年初二,Second day of Lunar New Year,True,Public,,
2026-02-19,HK,農曆年初三,Third day of Lunar New Year,True,Public,,
2026-04-03,HK,耶穌受難節,Good Friday,True,Public,,
2026-04-04,HK,耶穌受難節翌日,Holy Saturday,True,Public,,
2026-04-04,HK,清明節,Ching Ming Festival,True,Public,,
2026-04-06,HK,復活節星期一,Easter Monday,True,Public,,
2026-05-01,HK,勞動節,Labour Day,True,Public,,
2026-05-25,HK,佛誕,Buddha's Birthday,True,Public,,
2026-06-19,HK,端午節,Dragon Boat Festival,True,Public,,
2026-07-01,HK,香港特別行政區成立紀念日,Hong Kong Special Administrative Region Establishment Day,True,Public,,
2026-09-26,HK,中秋節翌日,Day following the Mid-Autumn Festival,True,Public,,
2026-10-01,HK,中華人民共和國國慶日,National Day,True,Public,,
2026-10-19,HK,重陽節,Chung Yeung Festival,True,Public,,
2026-12-25,HK,聖誕節,Christmas Day,True,Public,,
2026-12-26,HK,聖誕節翌日,Boxing Day,True,Public,,
2026-01-01,HN,New Year's Day,New Year's Day,True,Public,,
2026-04-02,HN,Holy Thursday,Maundy Thursday,True,Public,,
2026-04-03,HN,Good Friday,Good Friday,True,Public,,
2026-04-04,HN,Holy Saturday,Holy Saturday,True,Public,,
2026-04-14,HN,America's Day,America's Day,True,Public,,
2026-05-01,HN,Labour Day,Labour Day,True,Public,,
2026-09-15,HN,Independence Day,Independence Day,True,Public,,
2026-10-03,HN,Francisco Morazán's Day/Soldier's Day,Francisco Morazán's Day/Soldier's Day,True,Public,,
2026-10-12,HN,Columbus Day,Columbus Day,True,Public,,
2026-10-21,HN,Army Day,Army Day,True,Public,,
2026-12-25,HN,Navidad,Christmas Day,True,Public,,
2026-01-01,HR,Nova Godina,New Year's Day,True,Public,,
2026-01-06,HR,"Bogojavljenje, Sveta tri kralja",Epiphany,True,Public,,
2026-04-05,HR,Uskrs i uskrsni ponedjeljak,Easter Sunday,True,Public,,
2026-04-06,HR,Uskrs i uskrsni ponedjeljak,Easter Monday,True,Public,,
2026-05-01,HR,Međunarodni praznik rada,International Workers' Day,True,Public,,
2026-05-30,HR,Dan državnosti,National Day,True,Public,,
2026-06-04,HR,Tijelovo,Corpus Christi,True,Public,,
2026-06-22,HR,Dan antifašističke borbe,Anti-Fascist Struggle Day,True,Public,,
2026-08-05,HR,Dan pobjede i domovinske zahvalnosti i Dan hrvatskih branitelja,Victory and Homeland Thanksgiving Day and the Day of Croatian defenders,True,Public,,
2026-08-15,HR,Velika Gospa,Assumption Day,True,Public,,
2026-11-01,HR,Dan svih svetih,All Saints' Day,True,Public,,
2026-11-18,HR,Dan sjećanja na žrtve Domovinskog rata,Remembrance Day,True,Public,,
2026-12-25,HR,Božić,Christmas Day,True,Public,,
2026-12-26,HR,"Prvi dan po Božiću, Sveti Stjepan, Štefanje, Stipanje",St. Stephen's Day,True,Public,,
2026-01-01,HT,Jour de l'an,New Year's Day,True,Public,,
2026-01-02,HT,Jour des Aieux,Ancestry Day,True,Public,,
2026-01-06,HT,Le Jour des Rois,Epiphany,True,Public,,
2026-02-16,HT,Carnaval,Carnival,True,Public,,
2026-02-17,HT,Carnaval,Carnival,True,Public,,
2026-02-18,HT,Mercredi Des Cendres,Ash Wednesday,True,Public,,
2026-04-02,HT,Jeudi saint,Maundy Thursday,True,Public,,
2026-04-03,HT,Vendredi saint,Good Friday,True,Public,,
2026-04-05,HT,Pâques,Easter Sunday,True,Public,,
2026-05-01,HT,Fête du Travail / Fête des Travailleurs,Labour and Agriculture Day,True,Public,,
2026-05-14,HT,Ascension,Ascension Day,True,Public,,
2026-05-18,HT,Jour du Drapeau et de l'Université,Flag and Universities Day,True,Public,,
2026-06-04,HT,Fête-Dieu,Corpus Christi,True,Public,,
2026-08-15,HT,L'Assomption de Marie,Assumption of Mary,True,Public,,
2026-10-17,HT,Anniversaire de la mort de Dessalines,Dessalines Day,True,Public,,
2026-11-01,HT,La Toussaint,All Saints Day,True,Public,,
2026-11-02,HT,Jour des Morts,All Souls' Day,True,Public,,
2026-11-18,HT,Vertières,Battle of Vertières Day,True,Public,,
2026-12-05,HT,Découverte d'Haïti,Discovery Day,True,Public,,
2026-12-25,HT,Noël,Christmas Day,True,Public,,
2026-01-01,HU,Újév,New Year's Day,True,Public,,
2026-03-15,HU,Nemzeti ünnep,1848 Revolution Memorial Day,True,Public,,
2026-04-03,HU,Nagypéntek,Good Friday,True,Public,,
2026-04-05,HU,Húsvétvasárnap,Easter Sunday,True,Public,,
2026-04-06,HU,Húsvéthétfő,Easter Monday,True,Public,,
2026-05-01,HU,A munka ünnepe,Labour day,True,Public,,
2026-05-24,HU,Pünkösdvasárnap,Pentecost,True,Public,,
2026-05-25,HU,Pünkösdhétfő,Whit Monday,True,Public,,
2026-08-20,HU,Az államalapítás ünnepe,State Foundation Day,True,Public,,
2026-10-23,HU,Nemzeti ünnep,1956 Revolution Memorial Day,True,Public,,
2026-11-01,HU,Mindenszentek,All Saints Day,True,Public,,
2026-12-25,HU,Karácsony,Christmas Day,True,Public,,
2026-12-26,HU,Karácsony másnapja,St. Stephen's Day,True,Public,,
2026-01-01,ID,Tahun Baru Masehi,New Year's Day,True,Public,,
2026-04-03,ID,Wafat Isa Almasih,Good Friday,True,Public,,
2026-04-05,ID,Paskah,Easter Sunday,True,Public,,
2026-05-01,ID,Hari Buruh Internasional,Labour Day,True,Public,,
2026-05-14,ID,Kenaikan Isa Almasih,Ascension Day,True,Public,,
2026-06-01,ID,Hari Lahir Pancasila,Pancasila Day,True,Public,,
2026-08-17,ID,Hari Ulang Tahun Kemerdekaan Republik Indonesia,Independence Day,True,Public,,
2026-12-25,ID,Hari Raya Natal,Christmas Day,True,Public,,
2026-01-01,IE,Lá Caille,New Year's Day,True,Public,,
2026-02-02,IE,Lá Fhéile Bríde,Saint Brigid's Day,True,Public,,
2026-03-17,IE,Lá Fhéile Pádraig,Saint Patrick's Day,True,Public,,
2026-04-03,IE,Aoine an Chéasta,Good Friday,True,Bank; School,,
2026-04-06,IE,Luan Cásca,Easter Monday,True,Public,,
2026-05-04,IE,Lá Bealtaine,May Day,True,Public,,
2026-06-01,IE,Lá Saoire i mí an Mheithimh,June Holiday,True,Public,,
2026-08-03,IE,Lá Saoire i mí Lúnasa,August Holiday,True,Public,,
2026-10-26,IE,Lá Saoire i mí Dheireadh Fómhair,October Holiday,True,Public,,
2026-12-25,IE,Lá Nollag,Christmas Day,True,Public,,
2026-12-26,IE,Lá Fhéile Stiofáin,St. Stephen's Day,True,Public,,
2026-01-01,IM,New Year's Day,New Year's Day,True,Public,,
2026-04-03,IM,Good Friday,Good Friday,True,Public,,
2026-04-06,IM,Easter Monday,Easter Monday,True,Public,,
2026-05-04,IM,Early May Bank Holiday,Early May Bank Holiday,True,Public,,
2026-05-25,IM,Spring Bank Holiday,Spring Bank Holiday,True,Public,,
2026-06-12,IM,Senior Race Day,Senior Race Day,True,Public,,
2026-07-06,IM,Tynwald Day,Tynwald Day,True,Public,,
2026-08-31,IM,Late Summer Bank Holiday,Late Summer Bank Holiday,True,Public,,
2026-12-25,IM,Christmas Day,Christmas Day,True,Public,,
2026-12-28,IM,St. Stephen's Day,Boxing Day,True,Public,,
2026-01-01,IS,Nýársdagur,New Year's Day,True,Public,,
2026-04-02,IS,Skírdagur,Maundy Thursday,True,Public,,
2026-04-03,IS,Föstudagurinn langi,Good Friday,True,Public,,
2026-04-05,IS,Páskadagur,Easter Sunday,True,Public,,
2026-04-06,IS,Annar í páskum,Easter Monday,True,Public,,
2026-04-23,IS,Sumardagurinn fyrsti,First Day of Summer,True,Public,,
2026-05-01,IS,Verkalýðsdagurinn,May Day,True,Public,,
2026-05-14,IS,Uppstigningardagur,Ascension Day,True,Public,,
2026-05-24,IS,Hvítasunnudagur,Pentecost,True,Public,,
2026-05-25,IS,Annar í hvítasunnu,Whit Monday,True,Public,,
2026-06-17,IS,Þjóðhátíðardagurinn,Icelandic National Day,True,Public,,
2026-08-03,IS,Frídagur verslunarmanna,Commerce Day,True,Public,,
2026-12-24,IS,Aðfangadagur,Christmas Eve,True,Public,,
2026-12-25,IS,Jóladagur,Christmas Day,True,Public,,
2026-12-26,IS,Annar í jólum,St. Stephen's Day,True,Public,,
2026-12-31,IS,Gamlársdagur,New Year's Eve,True,Public,,
2026-01-01,IT,Capodanno,New Year's Day,True,Public,,
2026-01-06,IT,Epifania,Epiphany,True,Public,,
2026-04-05,IT,Pasqua,Easter Sunday,True,Public,,
2026-04-06,IT,Lunedì dell'Angelo,Easter Monday,True,Public,,
2026-04-25,IT,Festa della Liberazione,Liberation Day,True,Public,,
2026-05-01,IT,Festa del Lavoro,International Workers Day,True,Public,,
2026-05-25,IT,Lunedì di Pentecoste,Whit Monday,False,Public,IT-32,
2026-06-02,IT,Festa della Repubblica,Republic Day,True,Public,,
2026-08-15,IT,Ferragosto o Assunzione,Assumption Day,True,Public,,
2026-10-04,IT,San Francesco d'Assisi,St. Francis of Assisi's Day,True,Public,,
2026-11-01,IT,Tutti i santi,All Saints Day,True,Public,,
2026-12-08,IT,Immacolata Concezione,Immaculate Conception,True,Public,,
2026-12-25,IT,Natale,Christmas Day,True,Public,,
2026-12-26,IT,Santo Stefano,St. Stephen's Day,True,Public,,
2026-01-01,JE,New Year's Day,New Year's Day,True,Public,,
2026-04-03,JE,Good Friday,Good Friday,True,Public,,
2026-04-06,JE,Easter Monday,Easter Monday,True,Public,,
2026-05-04,JE,Early May Bank Holiday,Early May Bank Holiday,True,Public,,
2026-05-09,JE,Liberation Day,Liberation Day,True,Public,,
2026-05-25,JE,Spring Bank Holiday,Spring Bank Holiday,True,Public,,
2026-08-31,JE,Summer Bank Holiday,Summer Bank Holiday,True,Public,,
2026-12-25,JE,Christmas Day,Christmas Day,True,Public,,
2026-12-26,JE,St. Stephen's Day,Boxing Day,True,Public,,
2026-01-01,JM,New Year's Day,New Year's Day,True,Public,,
2026-02-18,JM,Ash Wednesday,Ash Wednesday,True,Public,,
2026-04-03,JM,Good Friday,Good Friday,True,Public,,
2026-04-06,JM,Easter Monday,Easter Monday,True,Public,,
2026-05-23,JM,Labour Day,Labour Day,True,Public,,
2026-08-01,JM,Emancipation Day,Emancipation Day,True,Public,,
2026-08-06,JM,Independence Day,Independence Day,True,Public,,
2026-10-16,JM,National Heroes Day,National Heroes Day,True,Public,,
2026-12-25,JM,Christmas Day,Christmas Day,True,Public,,
2026-12-26,JM,Boxing Day,St. Stephen's Day,True,Public,,
2026-01-01,JP,元日,New Year's Day,True,Public,,
2026-01-12,JP,成人の日,Coming of Age Day,True,Public,,
2026-02-11,JP,建国記念の日,Foundation Day,True,Public,,
2026-02-23,JP,天皇誕生日,The Emperor's Birthday,True,Public,,
2026-03-20,JP,春分の日,Vernal Equinox Day,True,Public,,
2026-04-29,JP,昭和の日,Shōwa Day,True,Public,,
2026-05-06,JP,憲法記念日,Constitution Memorial Day,True,Public,,
2026-05-04,JP,みどりの日,Greenery Day,True,Public,,
2026-05-05,JP,こどもの日,Children's Day,True,Public,,
2026-07-20,JP,海の日,Marine Day,True,Public,,
2026-08-11,JP,山の日,Mountain Day,True,Public,,
2026-09-21,JP,敬老の日,Respect for the Aged Day,True,Public,,
2026-09-23,JP,秋分の日,Autumnal Equinox Day,True,Public,,
2026-10-12,JP,スポーツの日,Sports Day,True,Public,,
2026-11-03,JP,文化の日,Culture Day,True,Public,,
2026-11-23,JP,勤労感謝の日,Labour Thanksgiving Day,True,Public,,
2026-01-01,KE,New Year's Day,New Year's Day,True,Public,,
2026-04-03,KE,Good Friday,Good Friday,True,Public,,
2026-04-06,KE,Easter Monday,Easter Monday,True,Public,,
2026-05-01,KE,Labour Day,Labour Day,True,Public,,
2026-06-01,KE,Madaraka Day,Madaraka Day,True,Public,,
2026-10-10,KE,Mazingira Day,Mazingira Day,True,Public,,
2026-10-20,KE,Mashujaa Day,Mashujaa Day,True,Public,,
2026-12-12,KE,Jamhuri Day,Jamhuri Day,True,Public,,
2026-12-25,KE,Christmas Day,Christmas Day,True,Public,,
2026-12-26,KE,Boxing Day,Boxing Day,True,Public,,
2026-01-01,KR,새해,New Year's Day,True,Public,,
2026-02-16,KR,설날,Lunar New Year,True,Public,,
2026-02-17,KR,설날,Lunar New Year,True,Public,,
2026-02-18,KR,설날,Lunar New Year,True,Public,,
2026-03-02,KR,3·1절,Independence Movement Day,True,Public,,
2026-05-01,KR,노동절,Labour Day,True,Public,,
2026-05-05,KR,어린이날,Children's Day,True,Public,,
2026-05-25,KR,부처님 오신 날,Buddha's Birthday,True,Public,,
2026-06-03,KR,지방 선거일,Local Election Day,True,Public,,
2026-06-06,KR,현충일,Memorial Day,True,Public,,
2026-07-17,KR,제헌절,Constitution Day,True,Public,,
2026-08-17,KR,광복절,Liberation Day,True,Public,,
2026-09-24,KR,추석,Chuseok,True,Public,,
2026-09-25,KR,추석,Chuseok,True,Public,,
2026-09-26,KR,추석,Chuseok,True,Public,,
2026-10-05,KR,개천절,National Foundation Day,True,Public,,
2026-10-09,KR,한글날,Hangul Day,True,Public,,
2026-12-25,KR,크리스마스,Christmas Day,True,Public,,
2026-01-01,KZ,Жаңа жыл,New Year's Day,True,Public,,
2026-01-02,KZ,Жаңа жыл,New Year's Day,True,Public,,
2026-03-08,KZ,Халықаралық әйелдер күні,International Women's Day,True,Public,,
2026-03-21,KZ,Наурыз мейрамы,Nauryz Meyramy,True,Public,,
2026-03-22,KZ,Наурыз мейрамы,Nauryz Meyramy,True,Public,,
2026-03-23,KZ,Наурыз мейрамы,Nauryz Meyramy,True,Public,,
2026-05-01,KZ,Қазақстан халқының,Kazakhstan People's Unity Day,True,Public,,
2026-05-07,KZ,Отан Қорғаушы күні,Defender of the Fatherland Day,True,Public,,
2026-05-09,KZ,Жеңіс күні,Great Patriotic War Against Fascism Victory Day,True,Public,,
2026-07-06,KZ,Астана күні,Capital City Day,True,Public,,
2026-08-30,KZ,Конституция күні,Constitution Day,True,Public,,
2026-10-25,KZ,Республика күні,Republic Day,True,Public,,
2026-12-16,KZ,Тәуелсіздік күні,Independence Day,True,Public,,
2026-01-01,LI,Neujahr,New Year's Day,True,Public,,
2026-01-02,LI,Berchtoldstag,St. Berchtold's Day,True,Bank,,
2026-01-06,LI,Heilige Drei Könige,Epiphany,True,Public,,
2026-02-02,LI,Mariä Lichtmess,Candlemas,True,Public,,
2026-02-17,LI,Fasnachtsdienstag,Shrove Tuesday,True,Bank,,
2026-03-19,LI,Josefstag,Saint Joseph's Day,True,Public,,
2026-04-03,LI,Karfreitag,Good Friday,True,Bank,,
2026-04-06,LI,Ostermontag,Easter Monday,True,Public,,
2026-05-01,LI,Tag der Arbeit,Labour Day,True,Public,,
2026-05-14,LI,Auffahrt,Ascension Day,True,Public,,
2026-05-24,LI,Pfingstsonntag,Pentecost,True,Public,,
2026-05-25,LI,Pfingstmontag,Whit Monday,True,Public,,
2026-06-04,LI,Fronleichnam,Corpus Christi,True,Public,,
2026-08-15,LI,Staatsfeiertag,National Holiday,True,Public,,
2026-09-08,LI,Maria Geburt,Nativity of Our Lady,True,Public,,
2026-11-01,LI,Allerheiligen,All Saints Day,True,Public,,
2026-12-08,LI,Mariä Empfängnis,Immaculate Conception,True,Public,,
2026-12-24,LI,Heiliger Abend,Christmas Eve,True,Bank,,
2026-12-25,LI,Weihnachten,Christmas Day,True,Public,,
2026-12-26,LI,Stephanstag,St. Stephen's Day,True,Public,,
2026-12-31,LI,Silvester,New Year's Eve,True,Bank,,
2026-01-01,LS,New Year's Day,New Year's Day,True,Public,,
2026-03-11,LS,Moshoeshoe Day,Moshoeshoe Day,True,Public,,
2026-04-03,LS,Good Friday,Good Friday,True,Public,,
2026-04-06,LS,Easter Monday,Easter Monday,True,Public,,
2026-05-01,LS,Workers' Day,Workers' Day,True,Public,,
2026-05-14,LS,Ascension Day,Ascension Day,True,Public,,
2026-05-25,LS,Africa Day/ Heroes' Day,Africa Day/ Heroes' Day,True,Public,,
2026-07-17,LS,King Letsie III's Birthday,King Letsie III's Birthday,True,Public,,
2026-10-04,LS,Independence Day,Independence Day,True,Public,,
2026-12-25,LS,Christmas Day,Christmas Day,True,Public,,
2026-12-26,LS,St. Stephen's Day,Boxing Day,True,Public,,
2026-01-01,LT,Naujieji metai,New Year's Day,True,Public,,
2026-02-16,LT,Lietuvos valstybės atkūrimo diena,The Day of Restoration of the State of Lithuania,True,Public,,
2026-03-11,LT,Lietuvos nepriklausomybės atkūrimo diena,Day of Restoration of Independence of Lithuania,True,Public,,
2026-04-05,LT,Velykos,Easter Sunday,True,Public,,
2026-04-06,LT,Antroji Velykų diena,Easter Monday,True,Public,,
2026-05-01,LT,Tarptautinė darbo diena,International Working Day,True,Public,,
2026-06-24,LT,"Joninės, Rasos",St. John's Day,True,Public,,
2026-07-06,LT,Valstybės diena,Statehood Day,True,Public,,
2026-08-15,LT,Žolinė,Assumption Day,True,Public,,
2026-11-01,LT,Visų šventųjų diena,All Saints' Day,True,Public,,
2026-11-02,LT,Vėlinės,All Souls' Day,True,Public,,
2026-12-24,LT,Šv. Kūčios,Christmas Eve,True,Public,,
2026-12-25,LT,Šv. Kalėdos,Christmas Day,True,Public,,
2026-12-26,LT,Šv. Kalėdos,St. Stephen's Day,True,Public,,
2026-01-01,LU,Neijoerschdag,New Year's Day,True,Public,,
2026-04-03,LU,Karfreideg,Good Friday,True,Bank,,
2026-04-06,LU,Ouschterméindeg,Easter Monday,True,Public,,
2026-05-01,LU,Dag vun der Aarbecht,Labour Day,True,Public,,
2026-05-09,LU,Europadag,Europe Day,True,Public,,
2026-05-14,LU,Christi Himmelfaart,Ascension Day,True,Public,,
2026-05-25,LU,Péngschtméindeg,Whit Monday,True,Public,,
2026-06-23,LU,Groussherzogsgebuertsdag,Sovereign's birthday,True,Public,,
2026-08-15,LU,Léiffrawëschdag,Assumption Day,True,Public,,
2026-11-01,LU,Allerhellgen,All Saints' Day,True,Public,,
2026-12-25,LU,Chrëschtdag,Christmas Day,True,Public,,
2026-12-26,LU,Stiefesdag,St. Stephen's Day,True,Public,,
2026-01-01,LV,Jaungada diena,New Year's Day,True,Public,,
2026-04-03,LV,Lielā Piektdiena,Good Friday,True,Public,,
2026-04-05,LV,Pirmās Lieldienas,Easter Sunday,True,Public,,
2026-04-06,LV,Otrās Lieldienas,Easter Monday,True,Public,,
2026-05-01,LV,Darba svētki,Labour Day,True,Public,,
2026-05-01,LV,Latvijas Republikas Satversmes sapulces sasaukšanas diena,Day of the Convocation of the Constitutional Assembly of the Republic of Latvia,True,Public,,
2026-05-04,LV,Latvijas Republikas Neatkarības atjaunošanas diena,Day of the Restoration of Independence of the Republic of Latvia,True,Public,,
2026-05-10,LV,Mātes diena,Mother's Day,True,Public,,
2026-05-24,LV,Vasarsvētki,Pentecost,True,Public,,
2026-06-23,LV,Līgo diena,Līgo Day,True,Public,,
2026-06-24,LV,Jāņu diena,Jāņi Day,True,Public,,
2026-11-18,LV,Latvijas Republikas Proklamēšanas diena,Day of the Proclamation of the Republic of Latvia,True,Public,,
2026-12-24,LV,Ziemassvētku vakars,Christmas Eve,True,Public,,
2026-12-25,LV,Pirmie Ziemassvētki,Christmas Day,True,Public,,
2026-12-26,LV,Otrie Ziemassvētki,St. Stephen's Day,True,Public,,
2026-12-31,LV,Vecgada diena,New Year's Eve,True,Public,,
2026-01-01,MA,Ras l' âm,New Year's Day,True,Public,,
2026-01-11,MA,Takdim watikat al-istiqlal,Proclamation of Independence,True,Public,,
2026-01-14,MA,Id Yennayer,Amazigh New Year,True,Public,,
2026-05-01,MA,Eid Ash-Shughl,Labour Day,True,Public,,
2026-07-30,MA,Eid Al-Ârch,Enthronement,True,Public,,
2026-08-14,MA,Oued Ed-Dahab Day,Zikra Oued Ed-Dahab,True,Public,,
2026-08-20,MA,Thawrat al malik wa shâab,Revolution of the King and the People,True,Public,,
2026-08-21,MA,Eid Al Chabab,Youth Day,True,Public,,
2026-11-06,MA,Eid Al Massira Al Khadra,Green March,True,Public,,
2026-11-18,MA,Eid Al Istiqulal,Independence Day,True,Public,,
2026-01-01,MC,Le jour de l’An,New Year's Day,True,Public,,
2026-01-27,MC,La Sainte Dévote,Saint Devota's Day,True,Public,,
2026-04-06,MC,Easter Monday,Easter Monday,True,Public,,
2026-05-01,MC,Le 1er mai,May Day,True,Public,,
2026-05-14,MC,L’Ascension,Ascension Day,True,Public,,
2026-05-25,MC,Le lundi de Pentecôte,Whit Monday,True,Public,,
2026-06-04,MC,La Fête Dieu,Corpus Christi,True,Public,,
2026-08-15,MC,L'Assomption de Marie,Assumption Day,True,Public,,
2026-11-02,MC,La Toussaint,All Saints Day,True,Public,,
2026-11-19,MC,La Fête du Prince,National Day,True,Public,,
2026-12-08,MC,L’Immaculée Conception,The Immaculate Conception,True,Public,,
2026-12-25,MC,Noël,Christmas Day,True,Public,,
2026-01-01,MD,New Year's Day,New Year's Day,True,Public,,
2026-01-07,MD,Craciun pe stil Vechi (Orthodox Christmas),Christmas Day (Orthodox),True,Public,,
2026-01-08,MD,Craciun pe stil Vechi (Orthodox Christmas),Christmas Day (Orthodox),True,Public,,
2026-02-23,MD,Day of Veterans of the Armed Forces and Law Enforcement Agencies,Day of Veterans of the Armed Forces and Law Enforcement Agencies,True,Public,,
2026-03-08,MD,International Women's Day,International Women's Day,True,Public,,
2026-04-12,MD,Orthodox Easter,Easter Sunday,True,Public,,
2026-05-01,MD,Labour Day (Moldova),Labour Day (Moldova),True,Public,,
2026-05-09,MD,Victory and Commemoration Day,Victory and Commemoration Day,True,Public,,
2026-05-22,MD,Bălţi Day,Bălţi Day,True,Public,,
2026-08-27,MD,Independence Day,Independence Day (Moldova),True,Public,,
2026-08-31,MD,Memorial Day,Memorial Day,True,Public,,
2026-08-31,MD,Limba Noastra,Limba Noastra (National Language Day),True,Public,,
2026-09-03,MD,Day of the Moldovan National Army,Day of the Moldovan National Army,True,Public,,
2026-10-14,MD,Capital's Day,Capital's Day,True,Public,,
2026-11-21,MD,South Capital's Day Cahul,South Capital's Day Cahul,True,Public,,
2026-12-25,MD,Craciun pe stil Nou (Western Christmas),Christmas Day,True,Public,,
2026-01-01,ME,Nova godina,New Year's Day,True,Public,,
2026-01-02,ME,Nova godina,New Year's Day,True,Public,,
2026-01-06,ME,Badnji dan,Orthodox Christmas Eve,True,Optional,,
2026-01-07,ME,Božić,Christmas Day (Orthodox),True,Optional,,
2026-01-08,ME,Božić,Christmas Day (Orthodox),True,Optional,,
2026-04-03,ME,Veliki petak,Good Friday,True,Optional,,
2026-04-05,ME,Uskrs,Easter Sunday,True,Optional,,
2026-04-06,ME,Uskrs,Easter Monday,True,Optional,,
2026-04-10,ME,Vaskrs,Good Friday,True,Optional,,
2026-04-13,ME,Vaskrs,Easter Monday,True,Optional,,
2026-05-01,ME,Praznik rada,Labour Day,True,Public,,
2026-05-02,ME,Praznik rada,Labour Day,True,Public,,
2026-05-21,ME,Dan nezavisnosti,Independence Day,True,Public,,
2026-05-22,ME,Dan nezavisnosti,Independence Day,True,Public,,
2026-07-13,ME,Dan državnosti,Statehood Day,True,Public,,
2026-07-14,ME,Dan državnosti,Statehood Day,True,Public,,
2026-11-01,ME,Svi Sveti,Catholic All Saints' Day,True,Optional,,
2026-12-24,ME,Badnji dan,Catholic Christmas Eve,True,Optional,,
2026-12-25,ME,Božić,Catholic Christmas Day,True,Optional,,
2026-12-26,ME,Božić,Catholic St. Stephen's Day,True,Optional,,
2026-01-01,MG,New Year's Day,New Year's Day,True,Public,,
2026-03-29,MG,Martyrs' Day,Martyrs' Day,True,Public,,
2026-04-06,MG,Easter Monday,Easter Monday,True,Public,,
2026-05-01,MG,Labour Day,Labour Day,True,Public,,
2026-05-14,MG,Ascension Day,Ascension Day,True,Public,,
2026-05-25,MG,Whit Monday,Whit Monday,True,Public,,
2026-06-26,MG,Independence Day,Independence Day,True,Public,,
2026-08-15,MG,Assumption Day,Assumption Day,True,Public,,
2026-11-01,MG,All Saints' Day,All Saints' Day,True,Public,,
2026-12-25,MG,Christmas Day,Christmas Day,True,Public,,
2026-01-01,MK,"Нова Година, Nova Godina",New Year's Day,True,Public,,
2026-01-07,MK,"Прв ден Божик, Prv den Božik",Christmas Day (Orthodox),True,Public,,
2026-04-10,MK,"Велики Петок, Veliki Petok",Good Friday,True,Public,,
2026-04-12,MK,"Прв ден Велигден, Prv den Veligden",Easter Sunday,True,Public,,
2026-04-13,MK,"Втор ден Велигден, Vtor den Veligden",Easter Monday,True,Public,,
2026-05-01,MK,"Ден на трудот, Den na trudot",Labour Day,True,Public,,
2026-05-24,MK,"Св. Кирил и Методиј, Ден на сèсловенските просветители",Saints Cyril and Methodius Day,True,Public,,
2026-08-02,MK,"Ден на Републиката, Den na Republikata",Day of the Republic,True,Public,,
2026-09-08,MK,"Ден на независноста, Den na nezavisnosta",Independence Day,True,Public,,
2026-10-11,MK,"Ден на востанието, Den na vostanieto",Revolution Day,True,Public,,
2026-10-23,MK,"Ден на македонската револуционерна борба,Den na makedonskata revolucionarna borba",Day of the Macedonian Revolutionary Struggle,True,Public,,
2026-12-08,MK,"Св. Климент Охридски, Sv. Kliment Ohridski",Saint Clement of Ohrid Day,True,Public,,
2026-01-01,MN,Шинэ жил (Shine jil),New Year's Day,True,Public,,
2026-03-08,MN,Олон Улсын Эмэгтэйчүүдийн Баяр,International Women's Day,True,Public,,
2026-06-01,MN,Наадам,Naadam Holiday,True,Public,,
2026-07-11,MN,Наадам,Naadam Holiday,True,Public,,
2026-07-12,MN,Наадам,Naadam Holiday,True,Public,,
2026-07-13,MN,Наадам,Naadam Holiday,True,Public,,
2026-07-14,MN,Наадам,Naadam Holiday,True,Public,,
2026-07-15,MN,Наадам,Naadam Holiday,True,Public,,
2026-11-26,MN,Улс тунхагласны өдөр,Republic Day,True,Public,,
2026-12-29,MN,Тусгаар Тогтнолын Өдөр,Independence Day,True,Public,,
2026-01-01,MS,New Year's Day,New Year's Day,True,Public,,
2026-03-17,MS,Saint Patrick's Day,Saint Patrick's Day,True,Public,,
2026-04-03,MS,Good Friday,Good Friday,True,Public,,
2026-04-06,MS,Easter Monday,Easter Monday,True,Public,,
2026-05-04,MS,Labour Day,Labour Day,True,Public,,
2026-05-25,MS,Whit Monday,Whit Monday,True,Public,,
2026-06-08,MS,Queen's Birthday,Queen's Birthday,True,Public,,
2026-08-03,MS,Emancipation Day,Emancipation Day,True,Public,,
2026-12-25,MS,Christmas Day,Christmas Day,True,Public,,
2026-12-26,MS,St. Stephen's Day,Boxing Day,True,Public,,
2026-12-31,MS,Festival Day,Festival Day,True,Public,,
2026-01-01,MT,L-Ewwel tas-Sena,New Year's Day,True,Public,,
2026-02-10,MT,In-Nawfraġju ta’ San Pawl,Feast of St. Paul's Shipwreck,True,Public,,
2026-03-19,MT,San Ġużepp,Feast of St. Joseph,True,Public,,
2026-03-31,MT,Jum il-Ħelsien,Freedom Day,True,Public,,
2026-04-03,MT,Il-Ġimgħa l-Kbira,Good Friday,True,Public,,
2026-05-01,MT,Jum il-Ħaddiem,Worker's Day,True,Public,,
2026-06-07,MT,Sette Giugno,Sette Giugno,True,Public,,
2026-06-29,MT,L-Imnarja,Feast of St.Peter and St.Paul,True,Public,,
2026-08-15,MT,Santa Marija,Assumption Day,True,Public,,
2026-09-08,MT,Il-Vittorja,Feast of Our Lady of Victories,True,Public,,
2026-09-21,MT,L-Indipendenza,Independence Day,True,Public,,
2026-12-08,MT,L-Immakulata Kunċizzjoni,Feast of the Immaculate Conception,True,Public,,
2026-12-13,MT,Jum ir-Repubblika,Republic Day,True,Public,,
2026-12-25,MT,Il-Milied​,​Christmas Day,True,Public,,
2026-01-01,MX,Año Nuevo,New Year's Day,True,Public,,
2026-02-02,MX,Día de la Constitución,Constitution Day,True,Public,,
2026-03-16,MX,Natalicio de Benito Juárez,Benito Juárez's birthday,True,Public,,
2026-04-02,MX,Jueves Santo,Maundy Thursday,True,Bank; School; Authorities,,
2026-04-03,MX,Viernes Santo,Good Friday,True,Bank; School; Authorities,,
2026-05-01,MX,Día del Trabajo,Labour Day,True,Public,,
2026-09-16,MX,Día de la Independencia,Independence Day,True,Public,,
2026-11-16,MX,Día de la Revolución,Revolution Day,True,Public,,
2026-12-25,MX,Navidad,Christmas Day,True,Public,,
2026-01-01,MZ,Dia de Ano Novo,New Year's Day,True,Public,,
2026-02-03,MZ,Dia do Heroi Nacional,Heroes's Day,True,Public,,
2026-04-07,MZ,Dia da Mulher,Women's Day,True,Public,,
2026-05-01,MZ,Dia do Trabalhador,Worker's Day,True,Public,,
2026-06-25,MZ,Dia da Independência,Independence Day,True,Public,,
2026-09-07,MZ,Dia da Victória,Victory Day,True,Public,,
2026-09-25,MZ,Dia da Revolução,Revolution Day,True,Public,,
2026-10-04,MZ,Dia da Paz e da Reconcialição,Day of Peace and Reconciliation,True,Public,,
2026-12-25,MZ,Natal,Christmas Day,True,Public,,
2026-01-01,NA,New Year's Day,New Year's Day,True,Public,,
2026-03-21,NA,Independence Day,Independence Day,True,Public,,
2026-04-03,NA,Good Friday,Good Friday,True,Public,,
2026-04-06,NA,Easter Monday,Easter Monday,True,Public,,
2026-05-01,NA,Workers' Day,Workers' Day,True,Public,,
2026-05-04,NA,Cassinga Day,Cassinga Day,True,Public,,
2026-05-14,NA,Ascension Day,Ascension Day,True,Public,,
2026-05-25,NA,Africa Day,Africa Day,True,Public,,
2026-05-28,NA,Genocide Remembrance Day,Genocide Remembrance Day,True,Public,,
2026-08-26,NA,Heroes' Day,Heroes' Day,True,Public,,
2026-12-10,NA,Human Rights Day,Human Rights Day,True,Public,,
2026-12-25,NA,Christmas Day,Christmas Day,True,Public,,
2026-12-26,NA,St. Stephen's Day,Day of Goodwill,True,Public,,
2026-01-01,NE,New Year's Day,New Year's Day,True,Public,,
2026-04-06,NE,Easter Monday,Easter Monday,True,Public,,
2026-04-24,NE,Concord Day,Concord Day,True,Public,,
2026-05-01,NE,Labour Day,Labour Day,True,Public,,
2026-08-03,NE,Nigerien Independence Day,Nigerien Independence Day,True,Public,,
2026-12-18,NE,Nigerien Republic Day,Nigerien Republic Day,True,Public,,
2026-12-25,NE,Christmas Day,Christmas Day,True,Public,,
2026-01-01,NG,New Year's Day,New Year's Day,True,Public,,
2026-04-03,NG,Good Friday,Good Friday,True,Public,,
2026-04-06,NG,Easter Monday,Easter Monday,True,Public,,
2026-05-01,NG,Workers' Day,Workers' Day,True,Public,,
2026-05-27,NG,Children's Day,Children's Day,True,Public,,
2026-06-12,NG,Democracy Day,Democracy Day,True,Public,,
2026-10-01,NG,National Day,National Day,True,Public,,
2026-11-01,NG,National Youth Day,National Youth Day,True,Public,,
2026-12-25,NG,Christmas Day,Christmas Day,True,Public,,
2026-12-28,NG,Boxing Day,Boxing Day,True,Public,,
2026-01-01,NI,New Year's Day,New Year's Day,True,Public,,
2026-02-01,NI,Air Force Day,Air Force Day,True,Public,,
2026-04-02,NI,Holy Thursday,Holy Thursday,True,Public,,
2026-05-01,NI,Labour Day,Labour Day,True,Public,,
2026-05-27,NI,Army Day,Army Day,True,Public,,
2026-07-19,NI,Liberation Day,Liberation Day,True,Public,,
2026-09-14,NI,Battle of San Jacinto,Battle of San Jacinto,True,Public,,
2026-09-15,NI,Independence Day,Independence Day,True,Public,,
2026-10-12,NI,Indigenous Resistance Day,Indigenous Resistance Day,True,Public,,
2026-12-08,NI,Immaculate Conception,Immaculate Conception,True,Public,,
2026-12-25,NI,Christmas Day,Christmas Day,True,Public,,
2026-12-31,NI,New Year's Eve,New Year's Eve,True,Public,,
2026-01-01,NL,Nieuwjaarsdag,New Year's Day,True,Public,,
2026-04-03,NL,Goede Vrijdag,Good Friday,True,School; Authorities; Observance,,
2026-04-05,NL,Eerste Paasdag,Easter Sunday,True,Public,,
2026-04-06,NL,Tweede Paasdag,Easter Monday,True,Public,,
2026-04-27,NL,Koningsdag,King's Day,True,Public,,
2026-05-05,NL,Bevrijdingsdag,Liberation Day,True,School; Authorities,,
2026-05-14,NL,Hemelvaartsdag,Ascension Day,True,Public,,
2026-05-24,NL,Eerste Pinksterdag,Pentecost,True,Public,,
2026-05-25,NL,Tweede Pinksterdag,Whit Monday,True,Public,,
2026-12-25,NL,Eerste Kerstdag,Christmas Day,True,Public,,
2026-12-26,NL,Tweede Kerstdag,St. Stephen's Day,True,Public,,
2026-01-01,NO,Første nyttårsdag,New Year's Day,True,Public,,
2026-04-02,NO,Skjærtorsdag,Maundy Thursday,True,Public,,
2026-04-03,NO,Langfredag,Good Friday,True,Public,,
2026-04-05,NO,Første påskedag,Easter Sunday,True,Public,,
2026-04-06,NO,Andre påskedag,Easter Monday,True,Public,,
2026-05-01,NO,Første mai,Labour Day,True,Public,,
2026-05-14,NO,Kristi himmelfartsdag,Ascension Day,True,Public,,
2026-05-17,NO,Syttende mai,Constitution Day,True,Public,,
2026-05-24,NO,Første pinsedag,Pentecost,True,Public,,
2026-05-25,NO,Andre pinsedag,Whit Monday,True,Public,,
2026-12-25,NO,Første juledag,Christmas Day,True,Public,,
2026-12-26,NO,Andre juledag,St. Stephen's Day,True,Public,,
2026-01-01,NZ,New Year's Day,New Year's Day,True,Public,,
2026-01-02,NZ,Day after New Year's Day,Day after New Year's Day,True,Public,,
2026-01-19,NZ,Wellington Anniversary Day,Wellington Anniversary Day,False,Public,NZ-WGN; NZ-MWT,
2026-01-26,NZ,Auckland/Northland Anniversary Day,Auckland Anniversary Day,False,Public,NZ-AUK; NZ-NTL; NZ-WKO; NZ-GIS; NZ-BOP,
2026-02-02,NZ,Nelson Anniversary Day,Nelson Anniversary Day,False,Public,NZ-NSN,
2026-02-06,NZ,Waitangi Day,Waitangi Day,True,Public,,
2026-03-09,NZ,Taranaki Anniversary Day,Taranaki Anniversary Day,False,Public,NZ-TKI,
2026-03-23,NZ,Otago Anniversary Day,Otago Anniversary Day,False,Public,NZ-OTA,
2026-04-03,NZ,Good Friday,Good Friday,True,Public,,
2026-04-06,NZ,Easter Monday,Easter Monday,True,Public,,
2026-04-07,NZ,Southland Anniversary Day,Southland Anniversary Day,False,Public,NZ-STL,
2026-04-27,NZ,Anzac Day,Anzac Day,True,Public,,
2026-06-01,NZ,King's Birthday,King's Birthday,True,Public,,
2026-07-10,NZ,Matariki,Matariki,True,Public,,
2026-09-28,NZ,Dominion Day,Canterbury (South) Anniversary Day,False,Public,NZ-CAN,
2026-10-23,NZ,Hawke's Bay Anniversary Day,Hawke's Bay Anniversary Day,False,Public,NZ-HKB,
2026-10-26,NZ,Labour Day,Labour Day,True,Public,,
2026-11-02,NZ,Marlborough Anniversary Day,Marlborough Anniversary Day,False,Public,NZ-MBH,
2026-11-13,NZ,Canterbury (North & Central) Anniversary Day,Canterbury Anniversary Day,False,Public,NZ-CAN,
2026-11-30,NZ,Chatham Islands Anniversary Day,Chatham Islands Anniversary Day,False,Public,NZ-CIT,
2026-11-30,NZ,Westland Anniversary Day,Westland Anniversary Day,False,Public,NZ-WTC,
2026-12-25,NZ,Christmas Day,Christmas Day,True,Public,,
2026-12-28,NZ,Boxing Day,Boxing Day,True,Public,,
2026-01-01,PA,New Year's Day,New Year's Day,True,Public,,
2026-01-09,PA,Martyr's Day,Martyr's Day,True,Public,,
2026-02-16,PA,Carnival,Carnival,True,Public,,
2026-02-17,PA,Carnival,Carnival,True,Public,,
2026-04-03,PA,Good Friday,Good Friday,True,Public,,
2026-05-01,PA,Labour Day,Labour Day,True,Public,,
2026-11-03,PA,Separation Day,Separation Day,True,Public,,
2026-11-04,PA,Flag Day,Flag Day,True,Public,,
2026-11-05,PA,Colón Day,Colon Day,True,Public,,
2026-11-10,PA,Shout in Villa de los Santos,Shout in Villa de los Santos,True,Public,,
2026-11-28,PA,Independence Day,Independence Day,True,Public,,
2026-12-08,PA,Mother's Day,Mother's Day,True,Public,,
2026-12-25,PA,Christmas Day,Christmas Day,True,Public,,
2026-01-01,PE,Año Nuevo,New Year's Day,True,Public,,
2026-04-02,PE,Jueves Santo,Holy Thursday,True,Public,,
2026-04-02,PE,Jueves Santo,Maundy Thursday,True,Public,,
2026-04-03,PE,Viernes Santo,Good Friday,True,Public,,
2026-04-05,PE,Domingo Santo,Easter Sunday,True,Public,,
2026-05-01,PE,Día del Trabajo,International Workers' Day,True,Public,,
2026-06-29,PE,Día de San Pedro y San Pablo,Saint Peter and Saint Paul,True,Public,,
2026-07-28,PE,Día de la Independencia,Independence Day,True,Public,,
2026-07-29,PE,Día de la Independencia,Independence Day,True,Public,,
2026-08-30,PE,Día de Santa Rosa de Lima,Santa Rosa de Lima,True,Public,,
2026-10-08,PE,Combate de Angamos,Battle of Angamos,True,Public,,
2026-11-01,PE,Día de Todos los Santos,All Saints Day,True,Public,,
2026-12-08,PE,Inmaculada Concepción,Immaculate Conception,True,Public,,
2026-12-25,PE,Navidad,Christmas Day,True,Public,,
2026-01-01,PG,New Year's Day,New Year's Day,True,Public,,
2026-04-03,PG,Good Friday,Good Friday,True,Public,,
2026-04-04,PG,Holy Saturday,Holy Saturday,True,Public,,
2026-04-05,PG,Easter Sunday,Easter Sunday,True,Public,,
2026-04-06,PG,Easter Monday,Easter Monday,True,Public,,
2026-06-08,PG,Queen's Birthday,Queen's Birthday,True,Public,,
2026-07-23,PG,Remembrance Day,Remembrance Day,True,Public,,
2026-08-26,PG,Repentance Day,Repentance Day,True,Public,,
2026-09-16,PG,Independence Day,Independence Day,True,Public,,
2026-12-25,PG,Christmas Day,Christmas Day,True,Public,,
2026-12-26,PG,St. Stephen's Day,Boxing Day,True,Public,,
2026-01-01,PH,Bagong Taon,New Year's Day,True,Public,,
2026-02-17,PH,Chinese New Year,Chinese New Year,True,Public,,
2026-04-02,PH,Huwebes Santo,Maundy Thursday,True,Public,,
2026-04-03,PH,Biyernes Santo,Good Friday,True,Public,,
2026-04-04,PH,Sabado de Gloria,Holy Saturday,True,Public,,
2026-04-09,PH,Araw ng Kagitingan,Day of Valor,True,Public,,
2026-05-01,PH,Araw ng Paggawa,Labour Day,True,Public,,
2026-06-12,PH,Araw ng Kalayaan,Independence Day,True,Public,,
2026-08-21,PH,"Araw ng Kamatayan ni Senador Benigno Simeon ""Ninoy"" Aquino Jr.",Ninoy Aquino Day,True,Public,,
2026-08-31,PH,Araw ng mga Bayani,National Heroes Day,True,Public,,
2026-10-31,PH,All Saints' Day Eve,All Saints' Day Eve,True,Public,,
2026-11-01,PH,Araw ng mga Santo,All Saints' Day,True,Public,,
2026-11-30,PH,Araw ni Gat Andres Bonifacio,Bonifacio Day,True,Public,,
2026-12-08,PH,Kapistahan ng Immaculada Concepcion,Feast of the Immaculate Conception of Mary,True,Public,,
2026-12-24,PH,Christmas Eve,Christmas Eve,True,Public,,
2026-12-25,PH,Araw ng Pasko,Christmas Day,True,Public,,
2026-12-30,PH,Araw ng Kamatayan ni Dr. Jose Rizal,Rizal Day,True,Public,,
2026-12-31,PH,Huling Araw ng Taon,Last Day of The Year,True,Public,,
2026-01-01,PL,Nowy Rok,New Year's Day,True,Public,,
2026-01-06,PL,Święto Trzech Króli,Epiphany,True,Public,,
2026-04-05,PL,Wielkanoc,Easter Sunday,True,Public,,
2026-04-06,PL,Drugi Dzień Wielkanocy,Easter Monday,True,Public,,
2026-05-01,PL,Święto Pracy,May Day,True,Public,,
2026-05-03,PL,Święto Narodowe Trzeciego Maja,Constitution Day,True,Public,,
2026-05-24,PL,Zielone Świątki,Pentecost,True,Public,,
2026-06-04,PL,Boże Ciało,Corpus Christi,True,Public,,
2026-08-15,PL,Wniebowzięcie Najświętszej Maryi Panny,Assumption Day,True,Public,,
2026-11-01,PL,Wszystkich Świętych,All Saints' Day,True,Public,,
2026-11-11,PL,Narodowe Święto Niepodległości,Independence Day,True,Public,,
2026-12-24,PL,Wolna Wigilia,Christmas Eve,True,Public,,
2026-12-25,PL,Boże Narodzenie,Christmas Day,True,Public,,
2026-12-26,PL,Drugi Dzień Bożego Narodzenia,St. Stephen's Day,True,Public,,
2026-01-01,PR,Día de Año Nuevo,New Year's Day,True,Public,,
2026-01-06,PR,Día de Reyes,Three Kings Day / Epiphany,True,Public,,
2026-01-12,PR,Natalicio de Eugenio María de Hostos,Birthday of Eugenio María de Hostos,True,Public,,
2026-01-19,PR,"Natalicio de Martin Luther King, Jr.","Martin Luther King, Jr. Day",True,Public,,
2026-02-16,PR,Día de los Presidentes,Presidents' Day,True,Public,,
2026-02-18,PR,Natalicio de Luis Muñoz Marín,Birthday of Luis Muñoz Marín,True,Public,,
2026-03-22,PR,Día de la Abolición de Esclavitud,Emancipation Day,True,Public,,
2026-04-03,PR,Viernes Santo,Good Friday,True,Public,,
2026-04-20,PR,Natalicio de José de Diego,Birthday of José de Diego,True,Public,,
2026-05-25,PR,Recordación de los Muertos de la Guerra,Memorial Day,True,Public,,
2026-07-03,PR,Día de la Independencia de los Estados Unidos,Independence Day,True,Public,,
2026-07-20,PR,Natalicio de Don Luis Muñoz Rivera,Birthday of Don Luis Muñoz Rivera,True,Public,,
2026-07-25,PR,Constitución de Puerto Rico,Puerto Rico Constitution Day,True,Public,,
2026-07-27,PR,Natalicio de Dr. José Celso Barbosa,Birthday of Dr. José Celso Barbosa,True,Public,,
2026-09-07,PR,Día del Trabajo,Labour Day,True,Public,,
2026-10-12,PR,Día de la Raza / Descubrimiento de América,Columbus Day,True,Public,,
2026-11-11,PR,Día del Veterano / Día del Armisticio,Veterans Day,True,Public,,
2026-11-19,PR,Día del Descubrimiento de Puerto Rico,Discovery of Puerto Rico,True,Public,,
2026-11-26,PR,Día de Acción de Gracias,Thanksgiving Day,True,Public,,
2026-12-24,PR,Noche Buena,Christmas Eve,True,Public,,
2026-12-25,PR,Navidad,Christmas Day,True,Public,,
2026-01-01,PT,Ano Novo,New Year's Day,True,Public,,
2026-02-17,PT,Carnaval,Carnival,True,Optional,,
2026-04-03,PT,Sexta-feira Santa,Good Friday,True,Public,,
2026-04-05,PT,Domingo de Páscoa,Easter Sunday,True,Public,,
2026-04-25,PT,Dia da Liberdade,Freedom Day,True,Public,,
2026-05-01,PT,Dia do Trabalhador,Labour Day,True,Public,,
2026-06-01,PT,Dia dos Açores,Azores Day,False,Public,PT-20,
2026-06-04,PT,Corpo de Deus,Corpus Christi,True,Public,,
2026-06-10,PT,"Dia de Portugal, de Camões e das Comunidades Portuguesas",National Day,True,Public,,
2026-07-01,PT,Dia da Madeira,Madeira Day,False,Public,PT-30,
2026-08-15,PT,Assunção de Nossa Senhora,Assumption Day,True,Public,,
2026-10-05,PT,Implantação da República,Republic Day,True,Public,,
2026-11-01,PT,Dia de Todos-os-Santos,All Saints Day,True,Public,,
2026-12-01,PT,Restauração da Independência,Restoration of Independence,True,Public,,
2026-12-08,PT,Imaculada Conceição,Immaculate Conception,True,Public,,
2026-12-25,PT,Natal,Christmas Day,True,Public,,
2026-12-26,PT,Primeira Oitava,St. Stephen's Day,False,Public,PT-30,
2026-01-01,PY,New Year's Day,New Year's Day,True,Public,,
2026-03-01,PY,Dia de los héroes,Heroes' day,True,Public,,
2026-04-02,PY,Jueves Santo,Maundy Thursday,True,Public,,
2026-04-03,PY,Viernes Santo,Good Friday,True,Public,,
2026-05-01,PY,Día de los Trabajadores,Labour Day,True,Public,,
2026-05-14,PY,Independencia,Paraguayan Independence,True,Public,,
2026-05-15,PY,Independencia,Paraguayan Independence,True,Public,,
2026-06-12,PY,Dia de la Paz del Chaco,Chaco Armistice,True,Public,,
2026-08-15,PY,Fundación de Asunción,Founding of Asunción,True,Public,,
2026-09-29,PY,Victoria de Boquerón,Boqueron Battle Victory Day,True,Public,,
2026-12-08,PY,Virgen de Caacupé,Virgin of Caacupe,True,Public,,
2026-12-25,PY,Día de Navidad,Christmas Day,True,Public,,
2026-01-01,RO,Anul Nou,New Year's Day,True,Public,,
2026-01-02,RO,Anul Nou,Day after New Year's Day,True,Public,,
2026-01-06,RO,Bobotează,Epiphany,True,Public,,
2026-01-07,RO,Sfântul Ion,Saint John the Baptist,True,Public,,
2026-01-24,RO,Unirea Principatelor Române/Mica Unire,Union Day/Small Union,True,Public,,
2026-04-10,RO,Vinerea mare,Good Friday,True,Public,,
2026-04-12,RO,Paștele,Easter Sunday,True,Public,,
2026-04-13,RO,Paștele,Easter Monday,True,Public,,
2026-05-01,RO,Ziua Muncii,Labour Day,True,Public,,
2026-05-31,RO,Rusaliile,Pentecost,True,Public,,
2026-06-01,RO,Ziua Copilului,Children's Day,True,Public,,
2026-06-01,RO,Rusaliile,Whit Monday,True,Public,,
2026-08-15,RO,Adormirea Maicii Domnului/Sfânta Maria Mare,Dormition of the Theotokos,True,Public,,
2026-11-30,RO,Sfântul Andrei,St. Andrew's Day,True,Public,,
2026-12-01,RO,Ziua Națională/Marea Unire,National Day/Great Union,True,Public,,
2026-12-25,RO,Crăciunul,Christmas Day,True,Public,,
2026-12-26,RO,Crăciunul,St. Stephen's Day,True,Public,,
2026-01-01,RS,Nova Godina,New Year's Day,True,Public,,
2026-01-02,RS,Nova Godina,New Year's Day,True,Public,,
2026-01-07,RS,Božić,Christmas Day,True,Public,,
2026-02-16,RS,Dan državnosti Srbije,Statehood Day,True,Public,,
2026-02-17,RS,Dan državnosti Srbije,Statehood Day,True,Public,,
2026-04-10,RS,Veliki petak,Good Friday,True,Public,,
2026-04-12,RS,Vaskrs (Uskrs),Easter Sunday,True,Public,,
2026-04-13,RS,Vaskrsni (Uskrsni) ponedeljak,Easter Monday,True,Public,,
2026-05-01,RS,Praznik rada,Labour Day,True,Public,,
2026-05-02,RS,Praznik rada,Labour Day,True,Public,,
2026-11-11,RS,Dan primirja,Armistice Day,True,Public,,
2026-01-01,RU,Новый год,New Year's Day,True,Public,,
2026-01-02,RU,Новогодние каникулы,New Year holiday,True,Public,,
2026-01-03,RU,Новогодние каникулы,New Year holiday,True,Public,,
2026-01-04,RU,Новогодние каникулы,New Year holiday,True,Public,,
2026-01-05,RU,Новогодние каникулы,New Year holiday,True,Public,,
2026-01-06,RU,Новогодние каникулы,New Year holiday,True,Public,,
2026-01-07,RU,Рождество Христово,Christmas Day (Orthodox),True,Public,,
2026-02-23,RU,День защитника Отечества,Defender of the Fatherland Day,True,Public,,
2026-03-08,RU,Международный женский день,International Women's Day,True,Public,,
2026-05-01,RU,День труда,Labour Day,True,Public,,
2026-05-09,RU,День Победы,Victory Day,True,Public,,
2026-06-12,RU,День России,Russia Day,True,Public,,
2026-11-04,RU,День народного единства,Unity Day,True,Public,,
2026-01-01,SC,New Year's Day,New Year's Day,True,Public,,
2026-01-02,SC,New Year Holiday,New Year Holiday,True,Public,,
2026-04-03,SC,Good Friday,Good Friday,True,Public,,
2026-04-04,SC,Easter Saturday,Holy Saturday,True,Public,,
2026-04-06,SC,Easter Monday,Easter Monday,True,Public,,
2026-05-01,SC,Labour Day,Labour Day,True,Public,,
2026-06-04,SC,The Fete Dieu,Corpus Christi,True,Public,,
2026-06-18,SC,National Day,Constitution Day,True,Public,,
2026-06-29,SC,Independence Day,Independence Day,True,Public,,
2026-08-15,SC,Assumption of Mary,Assumption Day,True,Public,,
2026-11-01,SC,All Saints' Day,All Saints' Day,True,Public,,
2026-12-08,SC,The Feast of the Immaculate Conception,The Feast of the Immaculate Conception,True,Public,,
2026-12-25,SC,Christmas Day,Christmas Day,True,Public,,
2026-01-01,SE,Nyårsdagen,New Year's Day,True,Public,,
2026-01-06,SE,Trettondedag jul,Epiphany,True,Public,,
2026-04-03,SE,Långfredagen,Good Friday,True,Public,,
2026-04-05,SE,Påskdagen,Easter Sunday,True,Public,,
2026-04-06,SE,Annandag påsk,Easter Monday,True,Public,,
2026-05-01,SE,Första maj,International Workers' Day,True,Public,,
2026-05-14,SE,Kristi himmelsfärdsdag,Ascension Day,True,Public,,
2026-05-24,SE,Pingstdagen,Pentecost,True,Public,,
2026-06-06,SE,Sveriges nationaldag,National Day of Sweden,True,Public,,
2026-06-19,SE,Midsommarafton,Midsummer Eve,True,Public,,
2026-06-20,SE,Midsommardagen,Midsummer Day,True,Public,,
2026-10-31,SE,Alla helgons dag,All Saints' Day,True,Public,,
2026-12-24,SE,Julafton,Christmas Eve,True,Public,,
2026-12-25,SE,Juldagen,Christmas Day,True,Public,,
2026-12-26,SE,Annandag jul,St. Stephen's Day,True,Public,,
2026-12-31,SE,Nyårsafton,New Year's Eve,True,Public,,
2026-01-01,SG,New Year's Day,New Year's Day,True,Public,,
2026-02-17,SG,Chinese New Year,Chinese New Year,True,Public,,
2026-02-18,SG,Chinese New Year,Chinese New Year,True,Public,,
2026-03-20,SG,Hari Raya Puasa,Hari Raya Puasa,True,Public,,
2026-04-03,SG,Good Friday,Good Friday,True,Public,,
2026-05-01,SG,Labour Day,Labour Day,True,Public,,
2026-05-27,SG,Hari Raya Haji (Tentative Date),Hari Raya Haji (Tentative Date),True,Public,,
2026-08-10,SG,National Day,National Day,True,Public,,
2026-11-09,SG,Deepavali,Deepavali,True,Public,,
2026-12-25,SG,Christmas Day,Christmas Day,True,Public,,
2026-01-01,SI,novo leto,New Year's Day,True,Public,,
2026-01-02,SI,novo leto,New Year's Day,True,Public,,
2026-02-08,SI,Prešernov dan,Prešeren Day,True,Public,,
2026-04-05,SI,velikonočna nedelja in ponedeljek,Easter Sunday,True,Public,,
2026-04-06,SI,velikonočna nedelja in ponedeljek,Easter Monday,True,Public,,
2026-04-27,SI,dan upora proti okupatorju,Day of Uprising Against Occupation,True,Public,,
2026-05-01,SI,praznik dela,Labour Day,True,Public,,
2026-05-02,SI,praznik dela,Labour Day,True,Public,,
2026-05-02,SI,dan Primoža Trubarja,Primož Trubar Day,True,Observance,,
2026-05-24,SI,binkoštna nedelja,Pentecost,True,Public,,
2026-06-25,SI,dan državnosti,Statehood Day,True,Public,,
2026-08-14,SI,dan suverenosti,Sovereignty Day,True,Observance,,
2026-08-15,SI,Marijino vnebovzetje,Assumption Day,True,Public,,
2026-08-15,SI,združitev prekmurskih Slovencev z matičnim narodom,Unification of Prekmurje Slovenes with the Mother Nation,True,Observance,,
2026-09-15,SI,priključitev Primorske k matični domovini,Integration of Primorska into the Homeland,True,Observance,,
2026-09-23,SI,dan slovenskega športa,Slovenian Sports Day,True,Observance,,
2026-10-31,SI,dan reformacije,Reformation Day,True,Public,,
2026-11-01,SI,dan spomina na mrtve,Day of the Dead,True,Public,,
2026-11-23,SI,dan Rudolfa Maistra,Rudolf Maister Day,True,Observance,,
2026-12-25,SI,božič,Christmas Day,True,Public,,
2026-12-26,SI,dan samostojnosti in enotnosti,Independence and Unity Day,True,Public,,
2026-01-01,SJ,Første nyttårsdag,New Year's Day,True,Public,,
2026-04-02,SJ,Skjærtorsdag,Maundy Thursday,True,Public,,
2026-04-03,SJ,Langfredag,Good Friday,True,Public,,
2026-04-05,SJ,Første påskedag,Easter Sunday,True,Public,,
2026-04-06,SJ,Andre påskedag,Easter Monday,True,Public,,
2026-05-01,SJ,Første mai,May Day,True,Public,,
2026-05-14,SJ,Kristi himmelfartsdag,Ascension Day,True,Public,,
2026-05-17,SJ,Syttende mai,Constitution Day,True,Public,,
2026-05-24,SJ,Første pinsedag,Pentecost,True,Public,,
2026-05-25,SJ,Andre pinsedag,Whit Monday,True,Public,,
2026-12-25,SJ,Første juledag,Christmas Day,True,Public,,
2026-12-26,SJ,Andre juledag,Second day of Christmas,True,Public,,
2026-01-01,SK,Deň vzniku Slovenskej republiky,Day of the Establishment of the Slovak Republic,True,Public,,
2026-01-06,SK,Zjavenie Pána,Epiphany,True,Public,,
2026-04-03,SK,Veľkonočný piatok,Good Friday,True,Public,,
2026-04-06,SK,Veľkonočný pondelok,Easter Monday,True,Public,,
2026-05-01,SK,Sviatok práce,International Workers' Day,True,Public,,
2026-05-08,SK,Deň víťazstva nad fašizmom,Day of victory over fascism,True,Observance,,
2026-07-05,SK,Sviatok svätého Cyrila a svätého Metoda,St. Cyril and Methodius Day,True,Public,,
2026-08-29,SK,Výročie Slovenského národného povstania,Slovak National Uprising anniversary,True,Public,,
2026-09-01,SK,Deň Ústavy Slovenskej republiky,Day of the Constitution of the Slovak Republic,True,Observance,,
2026-09-15,SK,Sedembolestná Panna Mária,Day of Our Lady of the Seven Sorrows,True,Observance,,
2026-11-01,SK,Sviatok Všetkých svätých,All Saints’ Day,True,Public,,
2026-11-17,SK,Deň boja za slobodu a demokraciu,Struggle for Freedom and Democracy Day,True,Observance,,
2026-12-24,SK,Štedrý deň,Christmas Eve,True,Public,,
2026-12-25,SK,Prvý sviatok vianočný,Christmas Day,True,Public,,
2026-12-26,SK,Druhý sviatok vianočný,St. Stephen's Day,True,Public,,
2026-01-01,SM,New Year's Day,New Year's Day,True,Public,,
2026-01-06,SM,Epiphany,Epiphany,True,Public,,
2026-02-05,SM,Feast of Saint Agatha,Feast of Saint Agatha,True,Public,,
2026-03-25,SM,Anniversary of the Arengo,Anniversary of the Arengo,True,Public,,
2026-04-05,SM,Easter Sunday,Easter Sunday,True,Public,,
2026-04-06,SM,Easter Monday,Easter Monday,True,Public,,
2026-05-01,SM,Labour Day,Labour Day,True,Public,,
2026-06-04,SM,Corpus Christi,Corpus Christi,True,Public,,
2026-07-28,SM,Liberation from Fascism,Liberation from Fascism,True,Public,,
2026-08-15,SM,Ferragosto (Assumption),Ferragosto (Assumption),True,Public,,
2026-09-03,SM,The Feast of San Marino and the Republic,The Feast of San Marino and the Republic,True,Public,,
2026-11-01,SM,All Saints' Day,All Saints' Day,True,Public,,
2026-11-02,SM,Commemoration of all those who died at war,Commemoration of all those who died at war,True,Public,,
2026-12-08,SM,Immaculate Conception,Immaculate Conception,True,Public,,
2026-12-24,SM,Christmas Eve,Christmas Eve,True,Public,,
2026-12-25,SM,Christmas Day,Christmas Day,True,Public,,
2026-12-26,SM,St. Stephen's Day,St. Stephen's Day,True,Public,,
2026-12-31,SM,New Year's Eve,New Year's Eve,True,Public,,
2026-01-01,SR,New Year's Day,New Year's Day,True,Public,,
2026-01-06,SR,Three Kings Day,Three Kings Day,True,Public,,
2026-01-18,SR,World Religion Day,World Religion Day,True,Public,,
2026-02-17,SR,Chinese New Year,Chinese New Year,True,Public,,
2026-02-25,SR,Day of the Revolution,Day of the Revolution,True,Public,,
2026-04-03,SR,Good Friday,Good Friday,True,Public,,
2026-04-05,SR,Easter Sunday,Easter Sunday,True,Public,,
2026-05-01,SR,Labour Day,Labour Day,True,Public,,
2026-05-14,SR,Ascension Day,Ascension Day,True,Public,,
2026-06-05,SR,Indian Arrival Day,Indian Arrival Day,True,Public,,
2026-07-01,SR,Keti Koti,Keti Koti,True,Public,,
2026-08-08,SR,Javanese Arrival Day,Javanese Arrival Day,True,Public,,
2026-08-09,SR,Indigenous People's Day,Indigenous People's Day,True,Public,,
2026-10-10,SR,Day of the Maroons,Day of the Maroons,True,Public,,
2026-10-20,SR,Chinese Arrival day,Chinese Arrival day,True,Public,,
2026-11-25,SR,Independence Day,Independence Day,True,Public,,
2026-12-25,SR,Christmas Day,Christmas Day,True,Public,,
2026-12-26,SR,Boxing Day,Boxing Day,True,Public,,
2026-05-01,SV,Día del Trabajo,Labour Day,True,Public,,
2026-05-03,SV,Día de la Cru,The Day of the Cross,True,Public,,
2026-05-07,SV,Día del Soldado,Soldiers' Day,True,Public,,
2026-05-10,SV,Día de las Madres,Mother's Day,True,Public,,
2026-05-10,SV,Día del Padre,Father's Day,True,Public,,
2026-08-01,SV,Fiestas de agosto,August Festivals,True,Public,,
2026-08-02,SV,Fiestas de agosto,August Festivals,True,Public,,
2026-08-03,SV,Fiestas de agosto,August Festivals,True,Public,,
2026-08-04,SV,Fiestas de agosto,August Festivals,True,Public,,
2026-08-05,SV,Fiestas de agosto,August Festivals,True,Public,,
2026-08-06,SV,Fiestas de agosto,August Festivals,True,Public,,
2026-08-07,SV,Fiestas de agosto,August Festivals,True,Public,,
2026-09-15,SV,Día de la Independencia,Independence Day,True,Public,,
2026-10-01,SV,Día del niño,Children's Day,True,Public,,
2026-10-12,SV,Día de la raza,Ethnic Pride Day,True,Public,,
2026-11-02,SV,El día de los difuntos,Day of the Dead,True,Public,,
2026-11-07,SV,Festival Nacional De La Pupusa,National Pupusa Festival,True,Public,,
2026-11-08,SV,Festival Nacional De La Pupusa,National Pupusa Festival,True,Public,,
2026-11-09,SV,Festival Nacional De La Pupusa,National Pupusa Festival,True,Public,,
2026-11-10,SV,Festival Nacional De La Pupusa,National Pupusa Festival,True,Public,,
2026-11-11,SV,Festival Nacional De La Pupusa,National Pupusa Festival,True,Public,,
2026-11-12,SV,Festival Nacional De La Pupusa,National Pupusa Festival,True,Public,,
2026-11-13,SV,Festival Nacional De La Pupusa,National Pupusa Festival,True,Public,,
2026-11-21,SV,Dia de la Reina de la Paz,Day of the Queen of Peace,True,Public,,
2026-12-25,SV,Noche Buena,Christmas Day,True,Public,,
2026-12-31,SV,Fin de año,New Year's Eve,True,Public,,
2026-01-01,TN,رأس السنة الميلادية,New Year's Day,True,Public,,
2026-03-20,TN,عيد الاستقلال,Independence Day,True,Public,,
2026-04-09,TN,عيد الشهداء,Martyrs' Day,True,Public,,
2026-05-01,TN,عيد الشغل,Labour Day,True,Public,,
2026-07-25,TN,عيد الجمهورية,Republic Day,True,Public,,
2026-08-13,TN,عيد المرأة,Women's Day,True,Public,,
2026-10-15,TN,عيد الجلاء,Evacuation Day,True,Public,,
2026-12-17,TN,عيد الثورة,Revolution Day,True,Public,,
2026-01-01,TR,Yılbaşı,New Year's Day,True,Public,,
2026-04-23,TR,Ulusal Egemenlik ve Çocuk Bayramı,National Independence & Children's Day,True,Public,,
2026-05-01,TR,İşçi Bayramı,Labour Day,True,Public,,
2026-05-19,TR,"Atatürk'ü Anma, Gençlik ve Spor Bayramı",Atatürk Commemoration & Youth Day,True,Public,,
2026-07-15,TR,Demokrasi ve Millî Birlik Günü,Democracy and National Unity Day,True,Public,,
2026-08-30,TR,Zafer Bayramı,Victory Day,True,Public,,
2026-10-29,TR,Cumhuriyet Bayramı,Republic Day,True,Public,,
2026-01-01,UA,Новий Рік,New Year's Day,True,Public,,
2026-03-08,UA,Міжнародний жіночий день,International Women's Day,True,Public,,
2026-04-12,UA,Великдень,Easter Sunday,True,Public,,
2026-05-01,UA,День праці,International Workers' Day,True,Public,,
2026-05-08,UA,День перемоги над нацизмом у Другій світовій війні,Victory day over Nazism in World War II,True,Public,,
2026-05-31,UA,Трійця,Pentecost,True,Public,,
2026-06-28,UA,День Конституції,Constitution Day,True,Public,,
2026-07-15,UA,День Української Державності,Statehood Day,True,Public,,
2026-08-24,UA,День Незалежності,Independence Day,True,Public,,
2026-10-01,UA,День захисників і захисниць України,Defender of Ukraine Day,True,Public,,
2026-12-25,UA,Різдво Христове,Christmas Day,True,Public,,
2026-01-01,UG,New Year's Day,New Year's Day,True,Public,,
2026-01-26,UG,Liberation Day,Liberation Day,True,Public,,
2026-02-16,UG,Archbishop Janani Luwum Day,Archbishop Janani Luwum Day,True,Public,,
2026-03-08,UG,International Women's Day,International Women's Day,True,Public,,
2026-04-03,UG,Good Friday,Good Friday,True,Public,,
2026-04-06,UG,Easter Monday,Easter Monday,True,Public,,
2026-05-01,UG,Labour Day,Labour Day,True,Public,,
2026-06-03,UG,Martyrs' Day,Martyrs' Day,True,Public,,
2026-06-09,UG,National Heroes' Day,National Heroes' Day,True,Public,,
2026-10-09,UG,Independence Day,Independence Day,True,Public,,
2026-12-25,UG,Christmas Day,Christmas Day,True,Public,,
2026-12-26,UG,Boxing Day,Boxing Day,True,Public,,
2026-01-01,US,New Year's Day,New Year's Day,True,Public; Bank,,
2026-01-19,US,"Martin Luther King, Jr. Day","Martin Luther King, Jr. Day",True,Public; Bank,,
2026-02-12,US,Lincoln's Birthday,Lincoln's Birthday,False,Observance,US-CA; US-CT; US-IL; US-IN; US-KY; US-MI; US-NY; US-MO; US-OH,
2026-02-16,US,Washington's Birthday,Presidents Day,True,Public; Bank,,
2026-04-03,US,Good Friday,Good Friday,False,Public,US-CT; US-DE; US-HI; US-IN; US-KY; US-LA; US-NC; US-ND; US-NJ; US-TN,
2026-04-03,US,Good Friday,Good Friday,False,Optional,US-TX,
2026-05-08,US,Truman Day,Truman Day,False,School; Authorities,US-MO,
2026-05-25,US,Memorial Day,Memorial Day,True,Public; Bank,,
2026-06-19,US,Juneteenth National Independence Day,Juneteenth National Independence Day,True,Public; Bank,,
2026-07-03,US,Independence Day,Independence Day,True,Public; Bank,,
2026-09-07,US,Labor Day,Labour Day,True,Public; Bank,,
2026-10-12,US,Columbus Day,Columbus Day,False,Public,US-AL; US-AZ; US-CO; US-CT; US-GA; US-ID; US-IL; US-IN; US-IA; US-KS; US-KY; US-LA; US-ME; US-MD; US-MA; US-MS; US-MO; US-MT; US-NE; US-NH; US-NJ; US-NM; US-NY; US-NC; US-OH; US-OK; US-PA; US-RI; US-SC; US-TN; US-UT; US-VA; US-WV,
2026-10-12,US,Columbus Day,Columbus Day,True,Bank,,
2026-10-12,US,Indigenous Peoples' Day,Indigenous Peoples' Day,False,Public,US-AK; US-AL; US-CA; US-HI; US-IA; US-LA; US-ME; US-MI; US-MN; US-NC; US-NE; US-NM; US-OK; US-OR; US-SD; US-TX; US-VA; US-VT; US-WI,
2026-11-11,US,Veterans Day,Veterans Day,True,Public; Bank,,
2026-11-26,US,Thanksgiving Day,Thanksgiving Day,True,Public; Bank,,
2026-12-25,US,Christmas Day,Christmas Day,True,Public; Bank,,
2026-01-01,UY,Año Nuevo,New Year's Day,True,Public,,
2026-01-06,UY,Día de los Niños,Children's Day,True,Public,,
2026-02-16,UY,Carnaval,Carnival,True,Public,,
2026-02-17,UY,Carnaval,Carnival,True,Public,,
2026-04-02,UY,Semana de Turismo,Maundy Thursday,True,Public,,
2026-04-03,UY,Semana de Turismo,Good Friday,True,Public,,
2026-04-19,UY,Desembarco de los 33 Orientales,Landing of the 33 Patriots Day,True,Public,,
2026-05-01,UY,Día de los Trabajadores,International Workers' Day,True,Public,,
2026-05-18,UY,Batalla de las Piedras,Battle of Las Piedras,True,Public,,
2026-06-19,UY,Natalicio de Artigas y Día del Nunca Más,Birthday of José Gervasio Artigas and Never Again Day,True,Public,,
2026-07-18,UY,Jura de la Constitución,Constitution Day,True,Public,,
2026-08-25,UY,Día de la Independencia,Independence Day,True,Public,,
2026-10-12,UY,Día de la Raza,Day of the race,True,Public,,
2026-11-02,UY,Día de los Difuntos,Deceased ones day,True,Public,,
2026-12-25,UY,Día de la Familia,Christmas Day,True,Public,,
2026-01-01,VA,Maria Santissima Madre di Dio,"Solemnity of Mary, Mother of God",True,Public,,
2026-01-06,VA,Epifania del Signore,Epiphany,True,Public,,
2026-02-11,VA,Anniversario della istituzione dello Stato della Città del Vaticano,Anniversary of the foundation of Vatican City,True,Public,,
2026-03-13,VA,Anniversario dell'Elezione del Santo Padre,Anniversary of the election of Pope Francis,True,Public,,
2026-03-19,VA,San Giuseppe,Saint Joseph's Day,True,Public,,
2026-04-06,VA,Lunedì dell'Angelo,Easter Monday,True,Public,,
2026-04-23,VA,Onomastico del Santo Padre,Saint George,True,Public,,
2026-05-01,VA,San Giuseppe lavoratore,Saint Joseph the Worker,True,Public,,
2026-06-29,VA,Santi Pietro e Paolo,Saint Peter and Saint Paul,True,Public,,
2026-08-15,VA,Assunzione di Maria in Cielo,Assumption Day,True,Public,,
2026-09-08,VA,Festa della natività della madonna,Nativity of Mary,True,Public,,
2026-11-01,VA,"Tutti i santi, Ognissanti",All Saints Day,True,Public,,
2026-12-08,VA,Immacolata Concezione,Immaculate Conception,True,Public,,
2026-12-25,VA,Natale,Christmas Day,True,Public,,
2026-12-26,VA,Santo Stefano,St. Stephen's Day,True,Public,,
2026-01-01,VE,Día de Año Nuevo,New Year's Day,True,Public,,
2026-01-06,VE,Día de Reyes,Epiphany,True,Bank,,
2026-01-14,VE,Día de la Divina Pastora,Feast of the Divina Pastora,True,Observance,,
2026-01-15,VE,Día del Maestro,Teacher's Day,True,Observance,,
2026-02-12,VE,Día de la Juventud,Youth Day,True,Observance,,
2026-02-16,VE,Carnaval,Carnival,True,Public,,
2026-02-17,VE,Carnaval,Carnival,True,Public,,
2026-03-08,VE,Dia Internacional de la Mujer,International Women's Day,True,Observance,,
2026-03-19,VE,Día de San José,Saint Joseph's Day,True,Bank,,
2026-03-21,VE,Día del abolición de la esclavitud,Slavery Abolition Anniversary,True,Observance,,
2026-03-31,VE,Aniversario del fundacion del San Cristóbal,"Foundation anniversary Day of San Cristóbal, Táchira",True,Observance,,
2026-04-19,VE,Proclamación de la Independencia,Beginning of the Independence Movement,True,Public,,
2026-05-01,VE,Día del Trabajador,Labour Day,True,Public,,
2026-05-03,VE,Día del Cruz del Mayo,Festival of the Crosses,True,Observance,,
2026-05-10,VE,Día de las Madres,Mother's Day,True,Observance,,
2026-05-14,VE,Día de la Ascención,Ascension Day,True,Bank,,
2026-06-04,VE,Corpus Christi,Corpus Christi,True,Bank,,
2026-06-21,VE,Día de los Padres,Father's Day,True,Observance,,
2026-06-24,VE,Aniversario de la Batalla de Carabobo,Anniversary of the Battle of Carabobo,True,Public,,
2026-06-27,VE,Día del Periodista y aniversario de la instauración del Decreto de Instrucción pública gratuita y obligatoria,Journalists' Day,True,Observance,,
2026-07-05,VE,Cinco de julio,Independence Day,True,Public,,
2026-07-19,VE,Dia del niño,Children's Day,True,Observance,,
2026-07-24,VE,Natalicio del Libertador Simón Bolívar,Simón Bolívar's Birthday,True,Public,,
2026-07-25,VE,Aniversario del fundacion del Caracas,Caracas City Foundation Day,True,Observance,,
2026-08-03,VE,Día de la Bandera,Flag Day,True,Observance,,
2026-09-08,VE,Día del Virgen del Valle,Birth of the Blessed Virgin Mary,True,Observance,,
2026-09-24,VE,Día del Virgen de las Mercedes,Feast of the Our Lady of Mercy,True,Observance,,
2026-10-12,VE,Día de la Resistencia Indígena,Day of Indigenous Resistance,True,Public,,
2026-11-01,VE,Día de Todos los Santos,All Saints' Day,True,Bank,,
2026-11-02,VE,Día de los fieles difuntos,All Souls' Day,True,Observance,,
2026-12-08,VE,La Inmaculada Concepción,Immaculate Conception Day,True,Bank,,
2026-12-24,VE,Nochebuena,Christmas Eve,True,Public,,
2026-12-25,VE,Navidad,Christmas Day,True,Public,,
2026-12-31,VE,Nochevieja,New Year's Eve,True,Public,,
2026-01-01,VN,Tết dương lịch,New Year's Day,True,Public,,
2026-04-30,VN,"Ngày Giải phóng miền Nam, thống nhất đất nước",Reunification Day,True,Public,,
2026-05-01,VN,Ngày Quốc tế lao động,Labour Day,True,Public,,
2026-09-02,VN,Quốc khánh,National Day,True,Public,,
2026-01-01,ZA,New Year's Day,New Year's Day,True,Public,,
2026-03-21,ZA,Human Rights Day,Human Rights Day,True,Public,,
2026-04-03,ZA,Good Friday,Good Friday,True,Public,,
2026-04-06,ZA,Family Day,Family Day,True,Public,,
2026-04-27,ZA,Freedom Day,Freedom Day,True,Public,,
2026-05-01,ZA,Workers' Day,Workers' Day,True,Public,,
2026-06-16,ZA,Youth Day,Youth Day,True,Public,,
2026-08-10,ZA,National Women's Day,National Women's Day,True,Public,,
2026-09-24,ZA,Heritage Day,Heritage Day,True,Public,,
2026-12-16,ZA,Day of Reconciliation,Day of Reconciliation,True,Public,,
2026-12-25,ZA,Christmas Day,Christmas Day,True,Public,,
2026-12-26,ZA,St. Stephen's Day,Day of Goodwill,True,Public,,
2026-01-01,ZW,New Year's Day,New Year's Day,True,Public,,
2026-02-21,ZW,Robert Mugabe National Youth Day,Robert Mugabe National Youth Day,True,Public,,
2026-04-03,ZW,Good Friday,Good Friday,True,Public,,
2026-04-04,ZW,Easter Saturday,Holy Saturday,True,Public,,
2026-04-06,ZW,Easter Monday,Easter Monday,True,Public,,
2026-04-18,ZW,Independence Day,Independence Day,True,Public,,
2026-05-01,ZW,Worker's Day,Worker's Day,True,Public,,
2026-05-25,ZW,Africa Day,Africa Day,True,Public,,
2026-08-10,ZW,Heroes' Day,Heroes' Day,True,Public,,
2026-08-11,ZW,Defence Forces Day,Defence Forces Day,True,Public,,
2026-12-22,ZW,Unity Day,Unity Day,True,Public,,
2026-12-25,ZW,Christmas Day,Christmas Day,True,Public,,
2026-12-26,ZW,Boxing Day,St. Stephen's Day,True,Public,,
