uuid,ich_public_ref,inscription_year,title_en,countries,type_acronym,type_of_element_en,concepts_primary_names,concepts_secondary_names,http_url_en
076fd7ab-2db1-44b8-b168-27635af0d024,3,2008,Carnival of Oruro,BO,RL,Representative List,Carnival; Procession; Religious practice,Colonial history; Costumes; Dance; Drama; Embroidery; Handicrafts; Instrumental music; Masks; Mining; Religious syncretism; Rituals; Sacred sites; Woodwind instruments,https://ich.unesco.org/en/RL/00003
5578fb32-b58d-49b0-9a6e-317b2fdb162d,4,2008,Kun Qu opera,CN,RL,Representative List,Opera; Performing arts; Vocal music,Choreography; Costumes; Cultural elite; Dance; Emotions; Idiophones; Percussion instruments; Representative literary works; Theatre; Woodwind instruments,https://ich.unesco.org/en/RL/00004
6d0c87bb-9707-4632-9b05-ec6a05adc435,5,2008,"Gbofe of Afounkaha, the music of the transverse trumps of the Tagbana community",CI,RL,Representative List,Dance; Instrumental music; Wind instruments,Apprenticeship; Choir singing; Emotions; Instrument making; Leather; Life cycle; Oral tradition; Percussion instruments; Rituals; Vocal music; Woodworking,https://ich.unesco.org/en/RL/00005
724e5d5a-1708-4dab-ac61-3dd527d999a6,6,2008,Cultural space of the Brotherhood of the Holy Spirit of the Congos of Villa Mella,DO,RL,Representative List,Cultural space; Percussion instruments; Religious practice; Vocal music,Colonial history; Dance; Feasts; Fraternity; Funeral; Instrumental music; Music education; Procession; Slavery,https://ich.unesco.org/en/RL/00006
71b3de3a-a98e-4a16-89e5-049c05aab30f,15,2008,Hudhud chants of the Ifugao,PH,RL,Representative List,Epic poetry; Oral tradition; Vocal music,Catholicism; Choir singing; Customary law; Funeral; Instrumental music; Legends; Matriarchy; Religious belief; Story telling; Work songs,https://ich.unesco.org/en/RL/00015
1e2e1f80-32b4-423a-8aa8-8ddb7ffb4bfc,42,2008,Kihnu cultural space,EE,RL,Representative List,Cultural space; Vocal music,Costumes; Dance; Embroidery; Handicrafts; Instrumental music; Oral tradition; Textile arts; Weaving; Wedding; Womens participation,https://ich.unesco.org/en/RL/00042
92872cc1-2506-4669-a137-e96bc2b6da46,51,2008,Carnival of Barranquilla,CO,RL,Representative List,Carnival; Dance; Procession,Colonial history; Costumes; Festivals; Float; Handicrafts; Instrumental music; Masks; Multiethnic societies; Percussion instruments; Performing arts; Religious practice; Satire; Wind instruments,https://ich.unesco.org/en/RL/00051
4c577f97-b985-4ebf-a28b-523712a5f7e9,53,2008,Maroon heritage of Moore Town,JM,RL,Representative List,Cultural space; Slavery,Armed forces; Colonial history; Dance; Instrumental music; Oral tradition; Percussion instruments; Religious belief; Religious syncretism; Traditional medicine; Veneration of the dead; Vocal music; Wind instruments,https://ich.unesco.org/en/RL/00053
74762b56-b55f-4d9d-87e1-837e6f281a35,61,2008,Guqin and its music,CN,RL,Representative List,Instrumental music; Musical instruments; Plucked string instruments,Apprenticeship; Cultural elite; Instrument making; Music education; Wood carving,https://ich.unesco.org/en/RL/00061
de7c8c5f-fc36-4ca2-9039-99179da3aa9d,62,2008,Tradition of Vedic chanting,IN,RL,Representative List,Oral tradition; Religious belief; Representative literary works; Vocal music,Clergy; Hinduism; Mathematics; Offering; Oral history; Philosophy; Phonetics; Poetry; Religious practice; Rituals,https://ich.unesco.org/en/RL/00062
97dbdd77-48c3-48d8-99f4-efd906b11a81,65,2008,"Art of Akyns, Kyrgyz epic tellers",KG,RL,Representative List,Epic poetry; Oral tradition; Vocal music,Apprenticeship; Bard; Improvisation; Legends; Nomads; Philosophy; Plucked string instruments; Rituals; Social values; Story telling,https://ich.unesco.org/en/RL/00065
947d787e-99e0-4485-aa35-e2513057ad39,73,2008,Vanuatu sand drawings,VU,RL,Representative List,Drawing; Nonverbal communication,Aesthetics; Choreography; Geometry; Improvisation; Know-how transfer; Memorization; Mythology; Oral tradition; Pattern; Rituals; Symbols; Technical skills,https://ich.unesco.org/en/RL/00073
b4eab1a1-32a2-4535-9982-7c9a7603ff1a,75,2008,Al-Sirah Al-Hilaliyyah epic,EG,RL,Representative List,Epic poetry; Vocal music,Apprenticeship; Circumcision; Improvisation; Instrumental music; Memorization; Oral history; Oral tradition; Percussion instruments; Story telling; String instruments; Wedding,https://ich.unesco.org/en/RL/00075
80a833a9-2b4f-469b-b8ba-1c7a72917b63,76,2008,Iraqi Maqam,IQ,RL,Representative List,Instrumental music; Orchestras; Vocal music,Bowed string instruments; Cultural elite; Idiophones; Improvisation; Percussion instruments; Plucked string instruments; Poetry; Prose; Urban spaces,https://ich.unesco.org/en/RL/00076
9d6c672a-7966-422a-ba02-b8afc31f3e8d,82,2008,Polyphonic singing of the Aka Pygmies of Central Africa,CF,RL,Representative List,Polyphonic singing; Rituals; Vocal music,Body percussion; Choreography; Funeral; Human settlements; Improvisation; Instrumental music; Know-how transfer; Oral tradition; Percussion instruments; Ritual dance; Social values; String instruments,https://ich.unesco.org/en/RL/00082
57c1822d-eda6-4dc4-beae-a52e41975c56,92,2008,Duduk and its music,AM,RL,Representative List,Instrumental music; Woodwind instruments,Circular breathing; Craft workers; Dance; Emotions; Festivals; Funeral; Improvisation; Instrument making; Vocal music; Wedding; Wood carving,https://ich.unesco.org/en/RL/00092
c157a006-72a3-4a51-a3aa-40591a12f339,95,2008,"Bistritsa Babi, archaic polyphony, dances and rituals from the Shoplouk region",BG,RL,Representative List,Dance; Polyphonic singing; Vocal music,Choreography; Costumes; Initiation rites; Vocabularies,https://ich.unesco.org/en/RL/00095
a614d325-b56b-48e5-b662-254822df9416,102,2008,Cultural space of Palenque de San Basilio,CO,RL,Representative List,Cultural space; Slavery; Socio-cultural practices,Colonial history; Dance; Family; Festivals; Funeral; Instrumental music; Local languages; Oral tradition; Spiritualism; Traditional medicine; Wedding; Women students,https://ich.unesco.org/en/RL/00102
000bbb2a-6d0a-468d-b287-91f39613d3a9,104,2008,Cocolo dance drama tradition,DO,RL,Representative List,Dance; Theatre,Carnival; Colonial history; Costumes; Drama; Festivals; Instrumental music; Legends; Local languages; Masks; Mythology; Procession; Religious practice; Religious syncretism; Slavery,https://ich.unesco.org/en/RL/00104
b93c321c-1c91-40b9-95c3-40cc853d5cd7,112,2008,Indonesian Kris,ID,RL,Representative List,Bladed weapons; Craft workers; Metalworking,Aesthetics; Costumes; Handicrafts education; Know-how transfer; Magic; Pattern; Precious metals; Religious belief; Ritual items; Social status; Technical skills; Wood carving,https://ich.unesco.org/en/RL/00112
49327d2b-9070-4375-920d-7d8d0970927e,159,2008,Darangen epic of the Maranao people of Lake Lanao,PH,RL,Representative List,Epic poetry; Vocal music,Cultural elite; Customary law; Emotions; Genealogy; Improvisation; Legends; Life cycle; Mass culture; Memorization; Mythology; Satire; Story telling; Wedding,https://ich.unesco.org/en/RL/00159
ce8b6767-58d7-461c-941f-bab5688be274,120,2008,Space of gong culture,VN,RL,Representative List,Cultural space; Idiophones; Religious music,Funeral; Know-how transfer; Mysticism; Offering; Percussion instruments; Religious practice; Ritual items; Rural population; Social status,https://ich.unesco.org/en/RL/00120
2db466b1-a9e0-46be-9b66-89ab092e47ce,122,2008,Cultural space of the Bedu in Petra and Wadi Rum,JO,RL,Representative List,Cultural space; Nomads; Rural patrimony,Folk literature; Moral values; Oral tradition; Social values; Technical skills; Traditional medicine; Vocal music,https://ich.unesco.org/en/RL/00122
73a8ba64-268f-4c36-a6e9-bf591b9d0341,140,2008,Makishi masquerade,ZM,RL,Representative List,Initiation rites; Masks,Circumcision; Costumes; Dance; Festivals; Instrumental music; Know-how transfer; Religious belief; Sexual behaviour; Social roles; Social values; Spiritual retreat; Veneration of the dead,https://ich.unesco.org/en/RL/00140
103c2565-2777-44b9-89f2-e7857be0c799,153,2008,Processional giants and dragons in Belgium and France,BE; FR,RL,Representative List,Effigies; Procession,Costumes; Craft workers; Fanfare; Festivals; Float; Handicrafts; Instrumental music; Legendary creatures; Legends; Religious practice; Secular practice; Tourism,https://ich.unesco.org/en/RL/00153
dea2a469-7074-4318-ac73-ac2384fa0e91,156,2008,Patum of Berga,ES,RL,Representative List,Festivals; Procession; Theatre,Acrobatics; Costumes; Dance; Effigies; Legendary creatures; Masks; Orchestras; Percussion instruments; Pyrotechnics; Religious practice,https://ich.unesco.org/en/RL/00156
03749a40-01b4-4f27-b6a2-ac6e79fe3cb7,168,2008,Moussem of Tan-Tan,MA,RL,Representative List,Fair; Nomads; Socio-cultural practices,Calendars; Food; Handicrafts; Instrumental music; Poetry; Sports competitions; Tribes; Vocal music; Wedding,https://ich.unesco.org/en/RL/00168
5a514f7f-28e9-41f2-838b-551c0ba6797f,169,2008,Mbende Jerusarema dance,ZW,RL,Representative List,Acrobatics; Fertility ritual; Ritual dance,Body percussion; Choreography; Colonial history; Family; Idiophones; Percussion instruments; Performing arts; Politics; Sexual behaviour; Vocal music; Yodelling,https://ich.unesco.org/en/RL/00169
b3f4bae0-6483-448c-9f6e-eed2c1d317f9,304,2010,Meshrep,CN,USL,Urgent Safeguarding List,Cultural events; Dance; Theatre; Vocal music,Acrobatics; Costumes; Cultural education; Drama; Fertility ritual; Folk art; Folk literature; Humour (literary); Instrumental music; Mediation; Moral values; Performing arts,https://ich.unesco.org/en/USL/00304
d1ad4ca6-9be6-4bc4-9b69-baeb10fbb06d,418,2010,Peking opera,CN,RL,Representative List,Opera; Performing arts; Vocal music,Acrobatics; Apprenticeship; Bladed weapons; Choreography; Costumes; Dance; History; Humour (literary); Instrumental music; Makeup; Martial arts; Orchestras; Poetry; Representative literary works; Social participation,https://ich.unesco.org/en/RL/00418
4dd4af2a-4585-49cb-bf79-f0033a734853,437,2010,Gastronomic meal of the French,FR,RL,Representative List,Food customs; Food preparation,Alcoholic beverages; Apprenticeship; Birth; Craft workers; Decorative arts; Family; Food; Markets; Oral tradition; Rituals; Wedding,https://ich.unesco.org/en/RL/00437
f5baaec9-9211-46ee-b80d-0e6eae6586ab,337,2010,Chhau dance,IN,RL,Representative List,Acrobatics; Dance; Hinduism; Representative literary works,Apprenticeship; Bladed weapons; Choreography; Costumes; Epic poetry; Festivals; Makeup; Martial arts; Masks; Percussion instruments; Religious practice; Seasonal ritual; Transvestism; Woodwind instruments,https://ich.unesco.org/en/RL/00337
0b531ba5-6800-4f4b-8db1-71f076661717,345,2010,"Mudiyettu, ritual theatre and dance drama of Kerala",IN,RL,Representative List,Dance; Religious practice; Theatre,Bladed weapons; Caste; Costumes; Drawing; Hinduism; Instrumental music; Makeup; Mythology; Orchestras; Poetry; Prosperity ritual; Ritual purification; Temples; Transvestism; Vocal music,https://ich.unesco.org/en/RL/00345
02ccc8f7-4eea-4a32-a427-11bca08ba032,393,2010,Indonesian Angklung,ID,RL,Representative List,Idiophones; Instrumental music,Agricultural ritual; Circumcision; Costumes; Craft workers; Handicrafts; Instrument making; Music education; Oral tradition; Orchestras; Religious belief; Technical skills; Work songs,https://ich.unesco.org/en/RL/00393
4b5cec1a-ddb9-4c58-8714-da0325125641,381,2010,Music of the Bakhshis of Khorasan,IR,RL,Representative List,Epic poetry; Instrumental music; Vocal music,Apprenticeship; Ethics; Family; Festivals; Gnosticism; Instrument making; Islam; Legends; Memorization; Mythology; Oral tradition; Plucked string instruments; Social values; Story telling,https://ich.unesco.org/en/RL/00381
86101073-a7ac-4346-80fa-e5178534dce2,378,2010,Pahlevani and Zoorkhanei rituals,IR,RL,Representative List,Martial arts; Rituals,Acrobatics; Athletes; Epic poetry; Gnosticism; Islam; Mysticism; Percussion instruments; Religious practice; Religious syncretism; Secret society; Symbols; Vocal music; Weapons,https://ich.unesco.org/en/RL/00378
8bc21f5a-0659-4844-ab4d-f3c2ab8b55e6,383,2010,Traditional skills of carpet weaving in Kashan,IR,RL,Representative List,Carpets; Decorative arts; Weaving,Apprenticeship; Craft workers; Design; Family; Gender division of labour; Geometry; Natural dyes; Natural pigments; Needle; Pattern; Technical skills; Women workers,https://ich.unesco.org/en/RL/00383
cff3f47f-660d-45c5-8bc3-8fa9b46a3733,433,2010,"Sutartinės, Lithuanian multipart songs",LT,RL,Representative List,Instrumental music; Polyphonic singing; Vocal music,Calendars; Choreography; Costumes; Dance; Everyday life; Family; Festivals; History; Plucked string instruments; Poetry; Wedding; Woodwind instruments; Work songs,https://ich.unesco.org/en/RL/00433
53df1476-58b4-4975-9201-d42fd9f4ff46,399,2010,Parachicos in the traditional January feast of Chiapa de Corzo,MX,RL,Representative List,Festivals; Religious practice; Saints,Catholicism; Costumes; Dance; Embroidery; Food customs; Handicrafts; Humour (literary); Instrumental music; Masks; Musical instruments; Procession; Sculpture; Transvestism; Vocal music; Wood carving,https://ich.unesco.org/en/RL/00399
904bb0e7-e1fd-4351-bf6e-3696481956b5,398,2010,"Pirekua, traditional song of the P’urhépecha",MX,RL,Representative List,Instrumental music; Vocal music,Bowed string instruments; Choir singing; Costumes; Duet; Emotions; Food customs; Multiculturalism; Oral tradition; Orchestras; Plucked string instruments; Poetry; Politics; Polyphonic singing,https://ich.unesco.org/en/RL/00398
3ead5045-473b-4c10-aa51-79ec52599860,879,2013,Traditional art of Jamdani weaving,BD,RL,Representative List,Textile arts; Weaving,Apprenticeship; Clothing; Costumes; Craft workers; Dyes technology; Family; Memorization; Pattern; Spinning,https://ich.unesco.org/en/RL/00879
9310b8b3-2ada-4dbc-9a24-1cb46eb6e06b,391,2010,Scissors dance,PE,RL,Representative List,Acrobatics; Ritual dance; Rituals; Scissors,Agricultural ritual; Bowed string instruments; Catholicism; Choreography; Contests; Costumes; Embroidery; Oral tradition; Plucked string instruments; Religious belief,https://ich.unesco.org/en/RL/00391
742956ca-9114-4648-9c3b-9c25a4bbfcdb,386,2010,Kırkpınar oil wrestling festival,TR,RL,Representative List,Sports competitions; Wrestling,Apprenticeship; Costumes; Entertainment; Fanfare; Festivals; Instrumental music; Islam; Leather; Moral values; Percussion instruments; Procession; Woodwind instruments,https://ich.unesco.org/en/RL/00386
768ca6d8-6f6d-47be-932b-fa4e26da5415,357,2010,"Sinjska Alka, a knights’ tournament in Sinj",HR,RL,Representative List,Equestrian games; Festivals; Sports competitions,Armed forces; Bladed weapons; Catholicism; Costumes; Ethics; Family; Fanfare; Handicrafts; Historical reenactment; Knights; Procession; Religious practice,https://ich.unesco.org/en/RL/00357
db04b81f-692d-4001-9663-637adce4e574,2117,2024,Wosana ritual and associated practices,BW,USL,Urgent Safeguarding List,Agricultural ritual; Prosperity ritual,Dance; Family; Initiation rites; Offering; Percussion instruments; Taboo; Veneration of the dead; Vocal music,https://ich.unesco.org/en/USL/02117
46a1db5c-2fe0-47b1-8fd9-d6efd26deb8d,2297,2025,Mwazindika spiritual dance of the Daida community of Kenya,KE,USL,Urgent Safeguarding List,Community participation; Prosperity ritual; Ritual dance,Audiovisual archives; Cartography; Cultural landscapes; Environmental legislation; Exorcism; Initiation rites; Instrumental music; Percussion instruments; Social inclusion; Traditional medicine; Trance; Veneration of the dead; Vocal music,https://ich.unesco.org/en/USL/02297
5ca419dd-9a59-4b15-a9af-5cde14e1b4b3,2328,2025,"Boreendo, Bhorindo: ancient dying folk musical instrument, its melodies, knowledge, and skills",PK,USL,Urgent Safeguarding List,Instrument making; Pottery; Wind instruments,Apprenticeship; Capacity building; Craft workers; Creativity; Festivity; Income; Intergenerational relationship; Kiln; Music education; Recordings; Technical skills; Training courses; Workshops (teaching method),https://ich.unesco.org/en/USL/02328
72265568-7c5b-4498-872d-ca6ad5210329,2159,2025,"Ñai'ũpo art, ancestral ceramic craftsmanship",PY,USL,Urgent Safeguarding List,Ceramic art; Women workers,Apprenticeship; Family; Food preparation; Indigenous languages; Kiln; Oral tradition; Solidarity; Technical skills; Traditional tools,https://ich.unesco.org/en/USL/02159
4925fbbb-1763-49c4-b64f-cf15e2102cf6,2316,2025,"The practice of making Asin Tibuok, the artisanal sea salt of the Boholano of Bohol Island, Philippines",PH,USL,Urgent Safeguarding List,Family; Technical skills,Apprenticeship; Drying; Everyday life; Food preparation; Inventories; Labour migration; Pottery; Social inclusion; Sustainable development; Traditional tools; Workshops (teaching method),https://ich.unesco.org/en/USL/02316
ed3b91ce-2e57-400c-80b4-fc7c1d9cf2f9,2332,2025,Moliceiro boat: naval carpentry art of the Aveiro region,PT,USL,Urgent Safeguarding List,Carpentry; Painting; Shipbuilding; Technical skills,Contests; Decorative arts; Educational publications; Fertilizers; Museums; Oral tradition; Professional training; Social status; Sports competitions; Symbols; Teaching materials; Tourism; Traditional tools,https://ich.unesco.org/en/USL/02332
aecc8bc8-e37a-4cfc-b87b-cd8978cc848b,2088,2025,Negliubka textile tradition of Vetka District Gomel Region,BY,USL,Urgent Safeguarding List,Costumes; Craft workers; Weaving,Colours; Embroidery; Museums; Pattern; Prosperity ritual; Symbols; Women workers,https://ich.unesco.org/en/USL/02088
9ab115f4-a3b2-4fdb-831e-2e154a89e18d,904,2013,"Empaako tradition of the Batooro, Banyoro, Batuku, Batagwenda and Banyabindi of western Uganda",UG,USL,Urgent Safeguarding List,Personal name; Rituals,Beverages; Clans; Communities; Cultural space; Emotions; Food preparation; Friendship; Initiation rites; Local languages; Peace; Procession; Social behaviour; Symbols,https://ich.unesco.org/en/USL/00904
6d75bdf3-ffd1-4129-8ffd-de8b81edfd65,1868,2022,"Kun Lbokator, traditional martial arts in Cambodia",KH,RL,Representative List,Martial arts; Physical education; Self discipline,Apprenticeship; Armed forces; Bladed weapons; Family; Gender equality; Know-how transfer; Moral values; Nonviolence; Primary school curriculum; Religious practice; Sports competitions; Stick; Technical skills; Wrestling,https://ich.unesco.org/en/RL/01868
79cd0ef8-a155-4d1a-b91d-7a9387fe39ad,1886,2022,"Ancestral system of knowledge of the four indigenous peoples, Arhuaco, Kankuamo, Kogui and Wiwa of the Sierra Nevada de Santa Marta",CO,RL,Representative List,Cosmology; Spiritual knowledge,Calendars; Dance; Gender division of labour; Initiation rites; Language preservation; Oral tradition; Sacred sites; Vocal music; Wedding; Wisdom,https://ich.unesco.org/en/RL/01886
c4fb5505-48dc-430f-8d5a-ab8dddca1207,2129,2024,Intore,RW,RL,Representative List,Bladed weapons; Dance,Aesthetics; Costumes; Formal education; Monarchy; Percussion instruments; Poetry; Social control; Technical skills; Wind instruments,https://ich.unesco.org/en/RL/02129
c3e7c30d-583b-4a3c-b859-fcfa341b1c0e,1891,2022,"Festivity of Saint Tryphon and the Kolo (chain dance) of Saint Tryphon, traditions of Croats from Boka Kotorska (Bay of Kotor) who live in the Republic of Croatia",HR,RL,Representative List,Fraternity; Historical reenactment; Saints,Armed forces; Catholicism; Costumes; Dance; Flags; Maritime transport; Periodic element; Procession; Religious practice; Sailing,https://ich.unesco.org/en/RL/01891
d2a1e1e6-32c3-4d41-9727-8722e11904f3,1844,2022,"Al-Khanjar, craft skills and social practices",OM,RL,Representative List,Bladed weapons; Engraving,Costumes; Exhibitions; Family; Festivals; Geometry; Handicrafts; Jewelry; Nonformal education; Pattern; Religious practice; Symbols; Technical skills; Training courses; Wedding,https://ich.unesco.org/en/RL/01844
9366ba1c-b478-4204-8b73-cbbf7b1e0885,1695,2022,Pyongyang Raengmyon custom,KP,RL,Representative List,Food customs; Food preparation,Contests; Family; Hospitality; Nonformal education; Poetry; Social gathering; Wedding,https://ich.unesco.org/en/RL/01695
24be1b56-307a-493e-bbeb-3cbff39cd114,1700,2022,Festivals related to the Journey of the Holy family in Egypt,EG,RL,Representative List,Festivals; Orthodox Churches; Procession; Religious practice,Dance; Family; Historical reenactment; Hospitality; Instrumental music; Interfaith practices; Islam; Oral tradition; Periodic element; Social inclusion; Vocal music; Womens participation,https://ich.unesco.org/en/RL/01700
a4a439b0-ac23-480a-b848-0cb7cdf1ef80,1883,2022,Artisanal know-how and culture of baguette bread,FR,RL,Representative List,Apprenticeship; Bread; Food preparation; Technical skills,Contests; Creativity; Everyday life; Fermentation; Flour; Food customs; Handicrafts; Oven; Social inclusion; Stick,https://ich.unesco.org/en/RL/01883
2a3caa1b-7c21-4285-9211-ed6ffb110e0b,2132,2024,Craftsmanship of Aleppo Ghar soap,SY,RL,Representative List,Craft workers; Family; Soap,Apprenticeship; Cosmetics; Handicrafts; Hygiene; Income; Know-how transfer; Reconstruction; Technical skills,https://ich.unesco.org/en/RL/02132
95d695f8-1173-4be0-a96b-b5f35e459240,1726,2022,August 15th (Dekapentavgoustos) festivities in two Highland Communities of Northern Greece: Tranos Choros (Grand Dance) in Vlasti and Syrrako Festival,GR,RL,Representative List,Dance; Festivals; Social gathering; Vocal music,Choreography; Emotions; Orchestras; Orthodox Churches; Periodic element; Religious practice,https://ich.unesco.org/en/RL/01726
176b3f6b-d502-46b2-9c4b-765cd7c2996b,2246,2025,Amateur theatre acting in Czechia,CZ,RL,Representative List,Community participation; Stage equipment; Theatrical performances,Associations; Cultural life; Drama education; Emotions; Festivals; Leisure; Performing arts; Social inclusion,https://ich.unesco.org/en/RL/02246
6d8dce5e-c21d-4662-910c-24c58ed6e39f,2116,2024,"Henna: rituals, aesthetic and social practices",AE; DZ; BH; EG; IQ; JO; KW; MR; MA; OM; PS; QA; SA; SD; TN; YE,RL,Representative List,Cosmetics; Life cycle; Natural dyes,Basket weaving; Craft workers; Design; Geometry; Rituals; Social gathering; Technical skills; Women workers,https://ich.unesco.org/en/RL/02116
9491b57e-fc10-4113-b1f0-f2d6be404c52,1999,2024,Festival of Bà Chúa Xứ Goddess at Sam Mountain,VN,RL,Representative List,Festivals; Prosperity ritual,Dance; Legendary creatures; Multiethnic societies; Offering; Percussion instruments; Pilgrimages; Procession; Ritual purification,https://ich.unesco.org/en/RL/01999
257f3bc5-f4df-4a0e-8696-35c392666931,2240,2025,The Confraternity of flowers and palms,SV,RL,Representative List,Fraternity; Religious syncretism,Catholicism; Colonial history; Costumes; Dance; Food preparation; Instrumental music; Oral tradition; Procession; Social inclusion,https://ich.unesco.org/en/RL/02240
e1a8e4fb-9516-4a97-ad99-5d93a326b6ae,2244,2025,Al-Muhaibis: social practices and traditions associated with it,IQ,RL,Representative List,Games; Sports competitions,Family; Food preparation; Friendship; Religious practice; Social inclusion; Vocal music,https://ich.unesco.org/en/RL/02244
a3c614ad-c44b-4ff5-8d8b-f9dde81d8168,2315,2025,"Gifaataa, Wolaita people New Year festival",ET,RL,Representative List,New year,Conflict resolution; Family role; Fermented beverages; Festivals; Food preparation; Horse riding; Instrumental music; Intergenerational relationship; Offering; Social inclusion; Vocal music,https://ich.unesco.org/en/RL/02315
ba2c4c04-73be-456b-bf53-58317367a8bf,1701,2022,"Furyu-odori, ritual dances imbued with people’s hopes and prayers",JP,RL,Representative List,Prosperity ritual; Ritual dance; Social participation; Vocal music,Buddhism; Costumes; Festivals; Handicrafts; Instrumental music; Masks; Periodic element; Procession; Veneration of the dead; Wood carving,https://ich.unesco.org/en/RL/01701
49c27c69-c236-4015-a327-733ab9ad9f9c,2253,2025,"Mvet Oyeng, musical art, practices and skills associated with the Ekang community",GA; CM; CG,RL,Representative List,Collective memory; Plucked string instruments; Story telling,Epic poetry; Festivity; Initiation rites; Moral values; Percussion instruments; Social inclusion; Technical skills; Vocal music,https://ich.unesco.org/en/RL/02253
397f94ce-80a4-4fec-8c20-add4325e957e,1881,2024,K'cimi dancing of Tropojë,AL,RL,Representative List,Dance; Percussion instruments,Costumes; Festivals; Improvisation; Life cycle; Moral values; Social inclusion; Wedding; Woodwind instruments,https://ich.unesco.org/en/RL/01881
c1020bc8-75c8-4871-a82c-fe11f11bc023,1849,2022,"Al-Mansaf in Jordan, a festive banquet and its social and cultural meanings",JO,RL,Representative List,Festivity; Food customs; Food preparation; Hospitality,Bread; Conflict resolution; Family; Funeral; Gender roles; Hygiene; Moral values; Nonformal education; Social gathering; Social inclusion; Wedding,https://ich.unesco.org/en/RL/01849
310c9cba-4654-4b96-bb24-7c3418b28e53,1878,2022,"Orteke, traditional performing art in Kazakhstan: dance, puppet and music",KZ,RL,Representative List,Plucked string instruments; Puppets,Animism; Apprenticeship; Dance; Festivals; Games; Handicrafts; Nomads; Percussion instruments; Technical skills; Vocal music; Wood carving,https://ich.unesco.org/en/RL/01878
f3efdda3-c442-4df5-bd13-4fb1b11d3cf0,2273,2025,The Compas of Haiti,HT,RL,Representative List,Dance; Instrumental music; Vocal music,Colonial history; Emotions; Family; Festivals; Life cycle; Percussion instruments; Social inclusion; Workshops (teaching method),https://ich.unesco.org/en/RL/02273
edfb54ef-89db-45c4-adf9-f02b20be694e,1954,2024,"Vytsinanka, traditional art of paper cutting in Belarus",BY,RL,Representative List,Decorative arts; Paper,Artistic creation; Everyday life; Folk art; Geometry; Handicrafts education; Icons; Pattern; Symbols,https://ich.unesco.org/en/RL/01954
4eebf792-5392-4814-b38f-cef6470460aa,2108,2024,Funfair culture,BE; FR,RL,Representative List,Fair; Family; Social gathering,Emotions; Float; Food customs; Games; Labour migration; Maintenance; Oral tradition; Performing arts; Technical skills,https://ich.unesco.org/en/RL/02108
a9bd0a13-9ce2-433c-8ce2-3dae1d68a9e6,2312,2025,Deepavali,IN,RL,Representative List,Epic poetry; Festivals; Light,Costumes; Diaspora; Food preparation; Handicrafts; Hinduism; Income; Instrumental music; Intergenerational relationship; Prosperity ritual; Social inclusion,https://ich.unesco.org/en/RL/02312
754a1ec4-1aed-4fa9-864a-ca306eaab97b,2319,2025,"Ayeneh-Kari, the art of mirror-work in Persian architecture",IR,RL,Representative List,Decorative arts; Interior architecture; Optical instruments; Technical skills,Apprenticeship; Craft workers; Family; Geometry; Light; Mosaics; Restoration; Temples,https://ich.unesco.org/en/RL/02319
86f5d1f3-727d-4f33-8b15-528a6949bdcb,2090,2024,"Kebaya: knowledge, skills, traditions and practices",BN; ID; MY; SG; TH,RL,Representative List,Costumes; Embroidery; Women workers,Craft workers; Design; Family; Income; Multiculturalism; Social gathering; Technical skills; Weaving,https://ich.unesco.org/en/RL/02090
8149d0b7-12d8-488d-8caa-8a15c8a6687c,2115,2024,"Cultural practices and expressions linked to Krama, a traditional woven textile in Cambodia",KH,RL,Representative List,Traditional tools; Weaving; Women workers,Family; Income; Life cycle; Natural dyes; Pattern; Ritual items; Textile arts,https://ich.unesco.org/en/RL/02115
66ea6760-e4eb-43f7-8906-0fc71dfd8c96,2126,2024,"Spring festival, social practices of the Chinese people in celebration of traditional new year",CN,RL,Representative List,Festivals; New year,Calendars; Decorative arts; Food customs; Offering; Oral tradition; Performing arts; Prosperity ritual; Social gathering; Veneration of the dead,https://ich.unesco.org/en/RL/02126
d9370f33-f6be-438d-8554-5a8e34f16d69,2123,2025,"Traditional knowledge and cultural contexts of making Maksym, a traditional Kyrgyz beverage",KG,RL,Representative List,Fermented beverages,Community participation; Family; Food preparation; Nomads; Social inclusion; Vocational education,https://ich.unesco.org/en/RL/02123
ac21e002-4994-45ce-a540-8741d47b8637,2287,2025,Yodelling,CH,RL,Representative List,Technical skills; Yodelling,Choir singing; Costumes; Cultural participation; Festivals; Music education; Oral tradition; Social gathering; Training courses; Woodwind instruments,https://ich.unesco.org/en/RL/02287
01985e61-2c99-4f2b-8578-80f8481cef9f,1876,2022,Turkmen-style needlework art,TM; IR,RL,Representative List,Embroidery; Handicrafts,Colours; Costumes; Decorative arts; Family; Festivity; Life cycle; Needle; Nonformal education; Pattern; Religious belief; Technical skills; Women workers,https://ich.unesco.org/en/RL/01876
921ed377-2f1d-4245-b062-7719058ae084,2099,2024,Fonelamvonglao (lamvonglao),LA,RL,Representative List,Dance; Movement education; Social gathering,Agricultural ritual; Choreography; Costumes; Festivals; Instrumental music; Oral tradition; Social inclusion,https://ich.unesco.org/en/RL/02099
defa41c2-c924-44fc-ae0e-cb0861975411,1712,2022,"Al Talli, traditional embroidery skills in the United Arab Emirates",AE,RL,Representative List,Embroidery; Weaving,Colours; Costumes; Family; Fashion; Handicrafts; Income; Know-how transfer; Nonformal education; Pattern; Social gathering; Textile arts; Traditional tools; Wedding; Women workers,https://ich.unesco.org/en/RL/01712
7f14a9e0-97d5-4364-8118-5c3a4a784b28,2077,2025,"Moroccan Caftan: art, traditions and skills",MA,RL,Representative List,Costumes; Craft workers; Technical skills,Apprenticeship; Design; Embroidery; Family; Festivity; Income; Social status; Weaving,https://ich.unesco.org/en/RL/02077
deab05b1-0538-4601-86bc-8059dc0ced3e,2071,2025,"Sarawja, Aimara music and dance of Moquegua",PE,RL,Representative List,Musical performances; Prosperity ritual; Ritual dance,Agriculture; Choreography; Costumes; Kinship; Life cycle; Multiethnic societies; Social participation,https://ich.unesco.org/en/RL/02071
12e72895-7991-4f02-935b-14eeb4389a55,1698,2022,Kalela dance,ZM,RL,Representative List,Dance; Percussion instruments; Social participation; Vocal music,Choreography; Contests; Initiation rites; Moral values; Social criticism; Social gathering; Stick; Wedding; Wind instruments,https://ich.unesco.org/en/RL/01698
c35c8185-3f94-4746-b4f2-d78b0d55c51f,2087,2024,"Xeer Ciise: Oral customary laws of Somali-Issa communities in Ethiopia, Djibouti and Somalia",ET; DJ; SO,RL,Representative List,Customary law; Oral tradition,Civic education; Conflict resolution; Consensus; Democracy; Initiation rites; Multiethnic societies; Peacebuilding; Social inclusion,https://ich.unesco.org/en/RL/02087
6efa293d-8470-49c9-a89a-2d1e86d6aed0,2138,2024,"Shakespeare Mas', a traditional component of Carriacou's annual carnival",GD,RL,Representative List,Carnival; Contests; Masks; Poetry,Costumes; Creativity; Handicrafts; Peacemaking; Social inclusion,https://ich.unesco.org/en/RL/02138
da4d32f6-6d6c-492f-8f9b-621c8f039c60,1866,2022,Timber rafting,AT; CZ; DE; LV; PL; ES,RL,Representative List,Inland water transport; Shipbuilding,Apprenticeship; Division of labour; Festivals; Handicrafts; Oral tradition; Social inclusion; Technical skills; Traditional tools; Woodworking; Workshops (teaching method),https://ich.unesco.org/en/RL/01866
94fc2a8e-b6c1-4ab0-a57f-cacc4fb6359c,2137,2024,Pilgrimage to Watt Town,JM,RL,Representative List,Pilgrimages; Veneration of the dead,Colonial history; Costumes; Dance; Offering; Oral tradition; Percussion instruments; Slavery; Social inclusion; Symbols; Vocal music,https://ich.unesco.org/en/RL/02137
8403b2a3-f747-4b26-870a-243988be17c6,2336,2025,Culture of Sumanak/Sumalak cooking,TJ,RL,Representative List,Food preparation; New year; Work songs,Dance; Intergenerational relationship; Nutrition; Prosperity ritual; Social gathering,https://ich.unesco.org/en/RL/02336
78a6c960-7a6d-4f53-bcc4-c71c09a74222,1977,2024,Traditional knowledge and skills of sake-making with koji mold in Japan,JP,RL,Representative List,Craft workers; Fermented beverages; Food customs,Apprenticeship; Festivals; Ritual purification; Social inclusion; Technical skills; Wedding,https://ich.unesco.org/en/RL/01977
1b8a28b7-ac46-4b2e-b6a6-fc01af14a679,1685,2022,"Culture of Çay (tea), a symbol of identity, hospitality and social interaction",AZ; TR,RL,Representative List,Beverages; Food customs; Social gathering,Basket weaving; Brewing; Family; Handicrafts; Hospitality; Know-how transfer; Technical skills; Wedding,https://ich.unesco.org/en/RL/01685
7f341d61-0e8b-4b97-8e90-4745e1bb7e15,2269,2025,The art of breeding Turkmen alabay,TM,RL,Representative List,Animal genetics; Awards; Technical skills,Animal husbandry; Apprenticeship; Domestic animals; Family; Formal education; Friendship; Nomadism; Social inclusion,https://ich.unesco.org/en/RL/02269
2e875cce-feda-4b22-8687-3fc2fa6993f3,2113,2024,Breakfast culture in Malaysia: dining experience in a multi-ethnic society,MY,RL,Representative List,Food customs; Multiethnic societies,Dietetics; Family; Formal education; Hospitality; Know-how transfer; Social gathering; Social inclusion,https://ich.unesco.org/en/RL/02113
0e8886da-1e17-4520-9687-7220a3e1461f,1692,2024,The Epic of Samba Gueladio,MR,RL,Representative List,Bard; Epic poetry; Oral history,Dance; Ethnic groups; Genealogy; Moral values; Percussion instruments; Struck string instruments; Wedding,https://ich.unesco.org/en/RL/01692
7aafac7c-017c-467a-a25e-4301739e7bf4,2274,2025,Pantun,ID; MY; BN,RL,Representative List,Emotions; Poetry; Story telling,Conflict resolution; International cooperation; Mass media; Peacebuilding; Social gathering; Vocal music; Workshops (teaching method),https://ich.unesco.org/en/RL/02274
726b3258-72ca-4ecd-929c-25d0df0e4c18,2293,2025,"Traditional skills, techniques and knowledge for the conservation and transmission of wooden architecture in Japan",JP,RL,Representative List,Architecture; Technical skills; Woodworking,Apprenticeship; Community participation; Conservation techniques; Craft workers; Restoration; Structural elements (buildings); Traditional tools; Training courses; Weaving,https://ich.unesco.org/en/RL/02293
5227b1fa-a887-49ba-85f2-13d7b11999af,1895,2024,Durbar in Kano,NG,RL,Representative List,Costumes; Procession; Religious practice,Bladed weapons; Craft workers; Handicrafts; Islam; Monarchy; Percussion instruments; Social inclusion,https://ich.unesco.org/en/RL/01895
7f711805-1178-48fd-b3a1-b4b89a0cd37c,2284,2025,"Traditional knowledge and skills in making Kyrgyz, Kazakh and Karakalpak yurts (Turkic nomadic dwellings)",KZ; KG; UZ,RL,Representative List,Craft workers; Mobile homes; Technical skills,Apprenticeship; Decorative arts; Family; Festivals; Gender division of labour; Hospitality; Life cycle; Nomadism; Sustainable development,https://ich.unesco.org/en/RL/02284
241a6d48-229b-41ff-959d-8e92d020b7cd,2084,2024,"Traditional costumes in Norway, craftsmanship and social practice",NO,RL,Representative List,Costumes; Textile arts,Apprenticeship; Craft workers; Embroidery; Family; Social gathering; Social inclusion; Technical skills; Weaving,https://ich.unesco.org/en/RL/02084
1bc21796-3307-4bcf-91c1-907620520017,2158,2025,Traditional weaving of Al Sadu,SA; KW; QA,RL,Representative List,Weaving; Women workers,Family; Income; Natural dyes; Nomads; Pattern; Technical skills,https://ich.unesco.org/en/RL/02158
ee833c45-fcdd-492e-b1f5-f99446a09f57,2100,2024,Manual bell ringing,ES; IT,RL,Representative List,Churches; Idiophones; Nonverbal communication,Apprenticeship; Associations; Community participation; Family; Life cycle; Metalworking; Oral tradition; Social gathering; Technical skills,https://ich.unesco.org/en/RL/02100
2be33da8-6e3c-459c-be6b-13aaa60d4108,2111,2024,"Arabic coffee, a symbol of generosity",AE; OM; QA; SA; JO,RL,Representative List,Beverages; Food preparation; Social gathering,Brewing; Ceramic art; Conflict resolution; Craft workers; Family; Furniture; Hospitality,https://ich.unesco.org/en/RL/02111
48382804-9d28-49d8-9418-707326fe4447,2131,2024,"Cultural practices and expressions linked to Balafon and Kolintang in Mali, Burkina Faso, Côte d'Ivoire and Indonesia",ML; BF; CI; ID,RL,Representative List,Instrument making; Music education; Percussion instruments,Initiation rites; Intercultural dialogue; Life cycle; Oral tradition; Religious music; Social inclusion; Veneration of the dead; Work songs,https://ich.unesco.org/en/RL/02131
ceb42071-9f34-4167-b102-0754ec17412f,2223,2025,"Al Sadu, traditional weaving skills in the United Arab Emirates",AE,RL,Representative List,Weaving; Women workers,Creativity; Family; Income; Nomads; Pattern; Sustainable development; Technical skills; Traditional tools,https://ich.unesco.org/en/RL/02223
cc2565d9-1b72-4e15-ac68-0772cdb82c9e,1905,2022,Al Sadu Educational Programme: Train the trainers in the art of weaving,KW,Art18,Register of Good Safeguarding Practices,Textile arts; Weaving,Creativity; Educational programmes; Educational publications; Family; Handicrafts; Natural dyes; Spinning; Technical skills; Traditional tools; Tribes; Workshops (teaching method),https://ich.unesco.org/en/Art18/01905
54070ee0-f41a-4dac-9c31-85c314bdedf8,2314,2025,Community safeguarding and documenting of the 'Lastovo Poklad' carnival custom,HR,Art18,Register of Good Safeguarding Practices,Carnival; Community participation; Costumes,Archives; Dance; Diaspora; Educational programmes; Family role; Financial aid; Inventories; Jewelry; Masks; Monitoring; Music education; Pyrotechnics; Scientific publications; String instruments; Sustainable development,https://ich.unesco.org/en/Art18/02314
a96e0cee-a5ba-4057-b74d-31e02196acaf,660,2013,Annual pilgrimage to the mausoleum of Sidi ‘Abd el-Qader Ben Mohammed (Sidi Cheikh),DZ,RL,Representative List,Nomads; Pilgrimages; Sufism,Craft workers; Dance; Equestrian games; Family; Food customs; Fraternity; Friendship; Peace; Social capital; Vocal music,https://ich.unesco.org/en/RL/00660
55c1b1b4-2ae8-46b5-9a30-ce558db6b056,521,2011,"Yaokwa, the Enawene Nawe people's ritual for the maintenance of social and cosmic order",BR,USL,Urgent Safeguarding List,Rituals; Social inclusion,Animism; Architecture; Beverages; Clans; Cosmology; Costumes; Dance; Food preparation; Handicrafts; Historical reenactment; Instrumental music; Mythology; Offering; Shamanism; Veneration of the dead; Vocal music; Woodwind instruments,https://ich.unesco.org/en/USL/00521
3adb529e-954d-4abb-9394-ab1928af2fc5,534,2011,Traditional skills of building and sailing Iranian Lenj boats in the Persian Gulf,IR,USL,Urgent Safeguarding List,Sailing; Shipbuilding; Technical skills,Geographical information systems; Instrumental music; Know-how transfer; Mythology; Navigation; New year; Performing arts; Philosophy; Religious belief; Repair workshops; Rituals; Trade; Weather forecasting; Woodworking; Work songs,https://ich.unesco.org/en/USL/00534
8ef37db1-0826-4635-9c49-4292652a9611,870,2013,Ancient Georgian traditional Qvevri wine-making method,GE,RL,Representative List,Alcoholic beverages; Ceramic art; Food preparation,Prehistory; Religious practice; Secular practice; Technical skills; Traditional tools; Vocal music,https://ich.unesco.org/en/RL/00870
51f84260-3a09-44ef-9cef-494d157f64e1,877,2013,Music of Terchová,SK,RL,Representative List,Instrumental music; Musical performances; Vocal music,Bowed string instruments; Costumes; Cultural events; Dance; Festivals; Instrument making; Oral tradition; Wind instruments,https://ich.unesco.org/en/RL/00877
2c1ca6b9-14f6-4799-80e5-0df35361ef51,734,2013,Feast of the Holy Forty Martyrs in Štip,MK,RL,Representative List,Orthodox Churches; Pilgrimages; Saints,Cultural events; Family; Instrumental music; Pop art; Ritual items; Youth participation,https://ich.unesco.org/en/RL/00734
2d4de4cb-bf8c-45c9-82b1-c55c4e09f88d,893,2013,Petrykivka decorative painting as a phenomenon of the Ukrainian ornamental folk art,UA,RL,Representative List,Decorative arts; Folk art; Painting,Family; Handicrafts; Icons; Musical instruments; Natural pigments; Orthodox Churches; Pattern; Symbols,https://ich.unesco.org/en/RL/00893
75613899-9121-46f8-941b-b119e76e5bdc,907,2013,La Parranda de San Pedro de Guarenas y Guatire,VE,RL,Representative List,Festivals; Procession; Religious practice,Colonial history; Costumes; Dance; Food preparation; Historical reenactment; Oral tradition; Saints; Slavery; Transvestism; Vocal music,https://ich.unesco.org/en/RL/00907
751a215a-2400-4a92-bae6-93573817b5f9,1983,2023,"Traditional knowledge, methods and practices concerning olive cultivation",TR,USL,Urgent Safeguarding List,Traditional tools,Contests; Food; Gender division of labour; Income; Museums; Nongovernmental organizations; Rituals; Scientific publications; Social participation,https://ich.unesco.org/en/USL/01983
3ed262e7-8440-4dd9-944c-3f534e9e6cca,1680,2021,Building and use of expanded dugout boats in the Soomaa region,EE,USL,Urgent Safeguarding List,Shipbuilding; Woodworking,Apprenticeship; Inland water transport; Story telling; Wood carving,https://ich.unesco.org/en/USL/01680
f8ce52ec-7b2c-405e-8be2-a8780b486e17,1688,2021,"Tais, traditional textile",TL,USL,Urgent Safeguarding List,Textile arts; Weaving,Clothing; Decorative arts; Festivals; Funeral; Girls education; Natural dyes; Rituals; Spinning; Symbols; Wedding; Women artists,https://ich.unesco.org/en/USL/01688
15cf0977-991a-4497-888c-63f98ffdd938,1870,2023,Rotterdam Summer Carnival,NL,RL,Representative List,Carnival; Social participation,Beauty pageant; Colonial history; Costumes; Craft workers; Dance; Decorative arts; Float; Multiculturalism; Waste treatment; Wind instruments,https://ich.unesco.org/en/RL/01870
9a06e062-a2cb-4a5a-97c3-8569888d030d,1974,2023,"Sango Festival, Oyo",NG,RL,Representative List,New year; Religious practice; Veneration of the dead,Costumes; Dance; Divination; Festivals; Food customs; Hair; Magic; Monarchy; Percussion instruments; Vocal music,https://ich.unesco.org/en/RL/01974
24e05d0f-ffe6-4ff2-9489-73be55f67e55,1998,2023,"Dabkeh, traditional dance in Palestine",PS,RL,Representative List,Dance; Social participation; Vocal music,Body percussion; Contests; Emotions; Family; Language preservation; Poetry; Wedding; Woodwind instruments,https://ich.unesco.org/en/RL/01998
6df51551-5d96-4e78-a184-71f2ae352144,1952,2023,"Practices and meanings associated with the preparation and consumption of ceviche, an expression of Peruvian traditional cuisine",PE,RL,Representative List,Food customs,Aquaculture; Everyday life; Family; Income; Nutrition; Sea fishing; Shipbuilding; Social participation; Technical skills,https://ich.unesco.org/en/RL/01952
f1d7cfcc-d1f4-4dfe-8fbb-7206511d2b8a,1564,2023,Aklan piña handloom weaving,PH,RL,Representative List,Family; Textile arts; Weaving,Apprenticeship; Community education; Drying; Elderly; Embroidery; Knot; Know-how transfer; Pattern; Social inclusion; Traditional tools,https://ich.unesco.org/en/RL/01564
e5780f40-62ca-4277-b66f-31eb29c08d6d,1982,2023,"Polonaise, traditional Polish dance",PL,RL,Representative List,Dance; Procession; Social participation,Choreography; Costumes; Creativity; Emotions; Family; Festivals; Higher education; Wedding,https://ich.unesco.org/en/RL/01982
cfddb9b0-b3f1-4ef1-a46c-b0b8d10fd41c,1896,2023,Procession and celebrations of Prophet Mohammed's birthday in Sudan,SD,RL,Representative List,Festivals; Procession; Religious practice,Dance; Family; Food customs; Income; Islam; Nonformal education; Social participation; Urban spaces,https://ich.unesco.org/en/RL/01896
26259528-c6e9-4ade-908b-996baa58b326,1711,2021,Congolese rumba,CD; CG,RL,Representative List,Dance; Instrumental music; Popular music,Choir singing; Colonial history; Entertainment; Orchestras; Vocal music,https://ich.unesco.org/en/RL/01711
87d9f693-fc85-4f2c-9952-30812e222166,1560,2020,Craftsmanship of mechanical watchmaking and art mechanics,CH; FR,RL,Representative List,Handicrafts; Mechanics; Time measuring instruments,Apprenticeship; Art collections; Astronomy; Design; Division of labour; Engraving; Income; Jewelry; Know-how transfer; Luxury industry; Precious metals; Restoration; Talent,https://ich.unesco.org/en/RL/01560
1c3fcd17-2ee2-4965-94bb-26c5acbe8453,1696,2021,Inuit drum dancing and singing,DK,RL,Representative List,Musical performances; Percussion instruments,Choir singing; Dance; Festivity; Funeral; Instrument making; Musical instruments; Vocal music,https://ich.unesco.org/en/RL/01696
6cb6ef9f-d49a-4b4f-80b4-c674cd0a290d,1566,2020,Charfia fishing in the Kerkennah Islands,TN,RL,Representative List,Traditional tools,Apprenticeship; Basket weaving; Family; Food preparation; Income; Legislation; Offering; Rituals; Talent,https://ich.unesco.org/en/RL/01566
ff8abab4-2851-48a4-8503-1955af5e5294,1577,2020,"Al Aflaj, traditional irrigation network system in the UAE, oral traditions, knowledge and skills of construction, maintenance and equitable water distribution",AE,RL,Representative List,Customary law; Water supply; Wells,Calculus; Conflict resolution; Drinking water; Hydrological measurement; Know-how transfer; Technical skills; Traditional tools,https://ich.unesco.org/en/RL/01577
819cb804-4227-4287-875d-358499c3ace0,1576,2020,"Camel racing, a social practice and a festive heritage associated with camels",AE; OM,RL,Representative List,Sports competitions,Equestrian games; Festivals; Formal education; Handicrafts; Nomads; Poetry; Social inclusion; Trainers; Vocal music; Weaving; Wedding,https://ich.unesco.org/en/RL/01576
75d3b506-3e8f-4a47-af02-4e14b5cb210d,1989,2023,Ceramic arts in Uzbekistan,UZ,RL,Representative List,Ceramic art; Family; Technical skills,Apprenticeship; Craft workers; Everyday life; Glaze; Income; Kiln; Natural pigments; Painting,https://ich.unesco.org/en/RL/01989
9fa600ce-5ecf-4b19-9464-00052ab2eecb,1964,2023,"Transhumance, the seasonal droving of livestock",AL; AD; AT; HR; FR; GR; IT; LU; RO; ES,RL,Representative List,,Contests; Family; Festivals; Handicrafts; Labour migration; Livestock; Peer teaching; Technical skills,https://ich.unesco.org/en/RL/01964
07d4cfd5-3ce8-48d9-a75a-854d18bd9ac2,1994,2023,"Sona, drawings and geometric figures on sand",AO,RL,Representative List,Drawing; Geometry; Wisdom,Decorative arts; Emotions; Initiation rites; Mathematics; Religious belief; Spiritual knowledge; Story telling; Writing systems,https://ich.unesco.org/en/RL/01994
03cd45fe-1aff-4de6-b383-371e9b236f39,703,2021,Durga Puja in Kolkata,IN,RL,Representative List,Handicrafts; Sculpture,Architecture; Competition; Cultural exhibitions; Festivals; Hinduism; Musical instruments; Painting; Rituals; Temples; Trade; Visual arts,https://ich.unesco.org/en/RL/00703
33226225-ece2-42b7-8373-64e31db8318d,1600,2020,Chamamé,AR,RL,Representative List,Dance; Dialects; Instrumental music,Bowed string instruments; Costumes; Embroidery; Emotions; Family; Formal education; Instrument making; Multiculturalism; Oral tradition; Plucked string instruments; Poetry; Religious practice; Social gathering; Vocal music; Wind instruments,https://ich.unesco.org/en/RL/01600
d0536760-ba45-4308-be32-74154c693cac,1979,2023,"Traditional irrigation: knowledge, technique, and organization",AT; BE; DE; IT; LU; NL; CH,RL,Representative List,Irrigation,Associations; Inservice training; Maintenance; Metalworking; Social inclusion; Technical skills; Water law; Woodworking,https://ich.unesco.org/en/RL/01979
0c8265f6-2c70-4d12-8c05-421c52fd3f5e,1694,2021,Traditional craft skills and arts of Al-Naoor,IQ,RL,Representative List,Agricultural machinery; Hydraulic engineering,Bread; Carpentry; Ceramic art; Farmers; Flour; Hydroelectric power,https://ich.unesco.org/en/RL/01694
bf0d086b-f724-41b9-9bbd-972cb0e7c8a6,1395,2021,"Truffle hunting and extraction in Italy, traditional knowledge and practice",IT,RL,Representative List,Food resources,Food customs; Food preparation; Food production; Soil conservation,https://ich.unesco.org/en/RL/01395
fc3ddd73-2752-49b1-9d47-a927b441a0d6,1984,2023,Iftar/Eftari/Iftar/Iftor and its socio-cultural traditions,AZ; IR; TR; UZ,RL,Representative List,Hospitality; Religious practice; Social participation,Bread; Calendars; Family; Food preparation; Friendship; Games; Islam; Vocal music,https://ich.unesco.org/en/RL/01984
ae0c39e5-055f-43bd-b38a-fac631aad287,1874,2023,Craftsmanship of mother of pearl inlay,AZ; TR,RL,Representative List,Craft workers; Decorative arts; Wood carving,Apprenticeship; Calligraphy; Colours; Family law; Geometry; Instrument making; Pattern; Technical skills,https://ich.unesco.org/en/RL/01874
6679dc01-6416-40be-b494-47e5fa8e66f8,1741,2021,"Malagasy Kabary, the Malagasy oratorical art",MG,RL,Representative List,Oral tradition; Public speaking,Communication skills; Funeral; Proverbs; Rituals; Social gathering; Speeches; Wedding,https://ich.unesco.org/en/RL/01741
593961a3-54e7-461f-8df9-2ed3863b6e76,424,2020,Taijiquan,CN,RL,Representative List,Health; Philosophy; Physical education,Apprenticeship; Clans; Cosmology; Formal education; Holism; Hygiene; Respiratory systems; Spiritual knowledge; Sport; Traditional medicine,https://ich.unesco.org/en/RL/00424
a601207f-ed0b-4c7f-a3ab-692ac9a810fd,1988,2023,Junkanoo,BS,RL,Representative List,Costumes; Festivals; Performing arts; Social participation,Colonial history; Creativity; Dance; Handicrafts; Idiophones; Initiation rites; Percussion instruments; Procession; Wind instruments,https://ich.unesco.org/en/RL/01988
e1b7b1ae-de27-48d4-9af6-26bdf0eed3a9,1608,2020,"Ong Chun/Wangchuan/Wangkang ceremony, rituals and related practices for maintaining the sustainable connection between man and the ocean",CN; MY,RL,Representative List,Religious practice; Ritual purification,Apprenticeship; Craft workers; Float; Intercultural dialogue; Moral values; Nonformal education; Offering; Performing arts; Procession; Prosperity ritual; Shipbuilding; Social inclusion; Temples; Veneration of the dead,https://ich.unesco.org/en/RL/01608
e6ec74d7-7e28-462f-aa40-412d6be0f28c,1559,2020,Handmade production of Christmas tree decorations from blown glass beads,CZ,RL,Representative List,Art glass; Decorative arts,Christianity; Colours; Craft workers; Creativity; Family; Income; Know-how transfer; Raw materials; Religious practice; Talent; Workshops (teaching method),https://ich.unesco.org/en/RL/01559
762c5014-6a7e-4e48-b5a5-9ffa2815c010,1990,2023,"Bolero: identity, emotion and poetry turned into song",CU; MX,RL,Representative List,Emotions; Poetry; Vocal music,Colonial history; Costumes; Dance; Everyday life; Family; Oral tradition; Plucked string instruments; Social participation; Urban spaces,https://ich.unesco.org/en/RL/01990
e4f84e99-d1ab-4737-96af-ab446ae5365e,1961,2023,"Knowledge, craft and skills of handmade glass production",CZ; FI; FR; DE; HU; ES,RL,Representative List,Art glass; Craft workers; Traditional tools,Apprenticeship; Creativity; Decorative arts; Division of labour; Engraving; Jewelry; Painting; Restoration; Vocational training,https://ich.unesco.org/en/RL/01961
d7f13185-00bc-4896-9bc0-892429d2fbba,1893,2023,Traditional wooden boatbuilding in Carriacou and Petite Martinique,GD,RL,Representative List,Shipbuilding,Apprenticeship; Colonial history; Craft workers; Food customs; Social participation; Solidarity; String instruments; Technical skills; Traditional tools; Veneration of the dead,https://ich.unesco.org/en/RL/01893
c3f1eab3-5c95-407a-9318-a72b508d6cad,1571,2020,Pilgrimage to the St. Thaddeus Apostle Monastery,IR; AM,RL,Representative List,Orthodox Churches; Pilgrimages; Procession,Christianity; Dance; Family; Food preparation; Formal education; Handicrafts; Instrumental music; Mass media; Religious education; Religious practice; Story telling; Vocal music,https://ich.unesco.org/en/RL/01571
575b9613-b11c-4f56-bf9d-d93911e0b98d,1557,2021,"Pottery-related values, knowledge, lore and practices of the Awajún people",PE,RL,Representative List,Ceramic art; Women artists,Decorative arts; Food consumption; Food preparation; Gender division of labour; Girls education; Homemakers; Natural pigments; Ritual items,https://ich.unesco.org/en/RL/01557
408e1fe5-8e39-470d-b685-21b0aac535dd,1713,2023,Sadeh/Sada celebration,IR; TJ,RL,Representative List,Calendars; Seasonal ritual; Social participation,Craft workers; Dance; Food customs; Poetry; Religious practice; Vocal music; Womens participation; Zoroastrianism,https://ich.unesco.org/en/RL/01713
e782fd3f-b075-4df2-859c-2413c79a5830,1604,2021,Community festivities in Campo Maior,PT,RL,Representative List,Festivals; Street art,Catholicism; Competition; Decorative arts; Handicrafts; Nonformal education; Procession; Saints; Social gathering; Urban spaces; Vocal music; Women artists,https://ich.unesco.org/en/RL/01604
8e090cf7-a4a7-47e2-86a5-9c29545de2af,1950,2023,Traditional craft skills and arts of Al-Mudhif building,IQ,RL,Representative List,Building design; Craft workers; Technical skills,Conflict resolution; Family; Hospitality; Religious practice; Social participation; Tribes; Weaving,https://ich.unesco.org/en/RL/01950
9506bf5a-5d9b-48d6-b4d4-3f23ef301144,1748,2021,"Ceebu Jën, a culinary art of Senegal",SN,RL,Representative List,Food customs; Social gathering,Colonial history; Family education; Family environment; Festivity; Fishery products; Food preparation; Friendship; Girls education; Homemakers; Hospitality; Mothers; Nutrition; Women workers,https://ich.unesco.org/en/RL/01748
92a4591b-090a-4bd2-a781-89e08883a7ad,1985,2023,"Elechek, Kyrgyz female headwear: traditional knowledge and rituals",KG,RL,Representative List,Costumes; Hair; Wedding,Embroidery; Empowerment; Family; Jewelry; Pattern; Religious practice; Social participation; Women,https://ich.unesco.org/en/RL/01985
2730002e-34d5-496b-9462-567790047973,1973,2023,Traditional craft of Naga motif weaving in Lao communities,LA,RL,Representative List,Legendary creatures; Pattern; Weaving; Women,Costumes; Family; Income; Life cycle; Natural dyes; Religious belief; Technical skills; Traditional tools,https://ich.unesco.org/en/RL/01973
a58e2bc7-21b6-4083-bbc1-176b7e378603,1580,2020,"Il-Ftira, culinary art and culture of flattened sourdough bread in Malta",MT,RL,Representative List,Bread; Flour; Food preparation,Apprenticeship; Everyday life; Festivals; Formal education; Oven; Social gathering; Trade; Traditional tools; Vocational training,https://ich.unesco.org/en/RL/01580
ad207427-a4a3-4b34-9a86-de13d4600702,1578,2021,Al-Qudoud al-Halabiya,SY,RL,Representative List,Improvisation; Vocal music,Audience participation; Composers; Dance; Entertainment; Festivity; Instrumental music; Islam; Musical performances; Orchestras; Percussion instruments; Poetry; Rituals; String instruments; Sufism; Wedding,https://ich.unesco.org/en/RL/01578
5db98743-e68b-4011-bf63-bea9271b2fe0,1740,2023,"Hiragasy, a performing art of the Central Highlands of Madagascar",MG,RL,Representative List,Moral values; Performing arts; Social inclusion,Acrobatics; Colonial history; Costumes; Dance; Family; Games; Musical instruments; Nonformal education; Oral expression; Veneration of the dead; Vocal music,https://ich.unesco.org/en/RL/01740
cd5f9ebd-009e-4f64-82fa-e71ec9c79406,1587,2021,"Nora, dance drama in southern Thailand",TH,RL,Representative List,Acrobatics; Theatre,Buddhism; Choreography; Costumes; Dance; Improvisation; Local languages; Masks; Musical performances; Percussion instruments; Poetry; Temples; Vocal music; Woodwind instruments,https://ich.unesco.org/en/RL/01587
edb677fe-416a-4206-83ab-222ca700e7d8,1573,2020,Tree beekeeping culture,PL; BY,RL,Representative List,,Family; Festivals; Food preparation; Fraternity; Lifelong learning; Nonformal education; Rituals; Traditional medicine; Traditional tools; Workshops (teaching method),https://ich.unesco.org/en/RL/01573
0b9f6d48-bb1b-4300-88b9-b2bc9673ddbe,1592,2023,"Malhun, a popular poetic and musical art",MA,RL,Representative List,Craft workers; Poetry; Vocal music,Apprenticeship; Collective memory; Costumes; Everyday life; Islam; Oral tradition; Percussion instruments; Social inclusion; String instruments; Symbols,https://ich.unesco.org/en/RL/01592
4316feab-09c8-4409-b3c0-ffd1a25c0cf9,1856,2023,Program for the safeguarding of the Bandos and Parrandas of the Holy Innocents of Caucagua: nuclei of initiation and transmission of wisdoms and community councils,VE,Art18,Register of Good Safeguarding Practices,Community participation; Historical reenactment; Oral tradition; Womens participation,Colonial history; Community education; Musical instruments; Procession; Religious practice; Satire; Story telling,https://ich.unesco.org/en/Art18/01856
0bc9dc8d-f999-4a71-8ced-e93e4356bae8,1409,2021,Success story of promoting traditional foods and safeguarding traditional foodways in Kenya,KE,Art18,Register of Good Safeguarding Practices,Agricultural ritual; Food customs,Dietetics; Diseases; Food preparation; Food security; Health; Nutrition; Oral history; Seasonal ritual,https://ich.unesco.org/en/Art18/01409
1e60f591-7a83-4f2b-8a10-aaed2ec601ac,622,2023,Safeguarding foster care heritage in the merciful city of Geel: a community-based care model,BE,Art18,Register of Good Safeguarding Practices,Foster Family; Hospitality; Mental health,Community action; Health services; Pilgrimages; Psychiatry; Safeguarding practices; Saints; Social inclusion; Social participation; Social welfare; Solidarity,https://ich.unesco.org/en/Art18/00622
feb2552c-36b8-4213-8d4a-d9982a9ac1eb,513,2011,Programme of cultivating ludodiversity: safeguarding traditional games in Flanders,BE,Art18,Register of Good Safeguarding Practices,Acrobatics; Dance; Games; Safeguarding practices; Sport,Community action; Cultural organizations; Documentation; Entertainment; Festivals; Modular instruction; Nongovernmental organizations; Parks; Playgrounds; Research; Women; Youth,https://ich.unesco.org/en/Art18/00513
e881b164-f0c0-4fb4-ae89-b2e6e51bcf7e,502,2011,Fandango's Living Museum,BR,Art18,Register of Good Safeguarding Practices,Dance; Instrumental music; Safeguarding practices,Bowed string instruments; Costumes; Cultural cooperation; Cultural property preservation; Disc recordings; Entertainment; Ethnographic museums; Everyday life; Friendship; Houses; Instrument making; Museums; Nongovernmental organizations; Percussion instruments; Plucked string instruments; Publishing; Vocal music; Working class,https://ich.unesco.org/en/Art18/00502
2a7bde53-5926-4134-a567-c835f69d62b8,515,2011,Táncház method: a Hungarian model for the transmission of intangible cultural heritage,HU,Art18,Register of Good Safeguarding Practices,Instrumental music; Safeguarding practices; Vocal music,Archives; Capacity building; Cultural centres; Cultural policy; Dance; Educational workshops; Ethnology; Fair; Festivals; Handicrafts; Movement education; Nonformal education; Recreational facilities; Teaching methods,https://ich.unesco.org/en/Art18/00515
51cca5c2-0ba4-4aba-b608-c40420a128aa,10,2008,"Kutiyattam, Sanskrit theatre",IN,RL,Representative List,Dance; Religious art; Theatre,Apprenticeship; Emotions; Hinduism; Know-how transfer; Makeup; Masks; Movement education; Patronage of the arts; Percussion instruments; Ritual purification; Temples,https://ich.unesco.org/en/RL/00010
314671be-565e-4447-bac0-ca740a57b440,665,2014,"Ritual and ceremonies of Sebeïba in the oasis of Djanet, Algeria",DZ,RL,Representative List,Dance; Rituals; Vocal music,Awards; Bladed weapons; Costumes; Craft workers; Instrument making; New year; Percussion instruments; Poetry; Religious practice; Social inclusion,https://ich.unesco.org/en/RL/00665
3e3a1f77-c597-4eef-b071-ec2c1d5aa853,985,2014,"Lavash, the preparation, meaning and appearance of traditional bread as an expression of culture in Armenia",AM,RL,Representative List,Bread; Food preparation,Ceramic art; Christianity; Family; Food customs; Gender division of labour; Handicrafts; Moral values; Oven; Rituals; Traditional medicine; Traditional tools; Wedding,https://ich.unesco.org/en/RL/00985
bf401e60-0ab9-4de0-aa4e-498fa649c57e,990,2014,Zmijanje embroidery,BA,RL,Representative List,Embroidery; Textile arts,Clothing; Costumes; Craft workers; Creativity; Decorative arts; Furniture; Geometry; Natural dyes; Needle; Oral tradition; Social status; Work songs,https://ich.unesco.org/en/RL/00990
9c156f43-db2f-47ba-b511-44b5ab27efd1,965,2014,The tradition of carpet-making in Chiprovtsi,BG,RL,Representative List,Carpets; Tapestry; Weaving,Craft workers; Family; Natural dyes; Pattern; Prosperity ritual; Spinning; Story telling; Symbols; Work songs,https://ich.unesco.org/en/RL/00965
aeece233-04f5-4b87-aae4-329b375c1de2,991,2014,"Gwoka: music, song, dance and cultural practice representative of Guadeloupean identity",FR,RL,Representative List,Choir singing; Dance; Instrumental music,Choreography; Colonial history; Cultural events; Ethics; Farmers; Improvisation; Instrument making; Multiethnic societies; Percussion instruments; Slavery,https://ich.unesco.org/en/RL/00991
b94d2856-c7b2-437a-8a15-8da3e3f811c1,845,2014,"Traditional brass and copper craft of utensil making among the Thatheras of Jandiala Guru, Punjab, India",IN,RL,Representative List,Metalworking; Technical skills,Caste; Craft workers; Economic conditions; Family; Furniture; Handicrafts; Natural dyes; Religious practice; Social status,https://ich.unesco.org/en/RL/00845
6949e0b9-741d-45ff-854e-ca6b5a6c9c90,999,2014,"Tchopa, sacrificial dance of the Lhomwe people of southern Malawi",MW,RL,Representative List,Offering; Ritual dance,Bladed weapons; Costumes; Instrument making; Musical instruments; Traditional medicine; Traditional tools; Veneration of the dead; Vocal music,https://ich.unesco.org/en/RL/00999
d733339f-1c75-49ed-ace6-332b9ffc7631,959,2014,Mongolian knuckle-bone shooting,MN,RL,Representative List,Games,Apprenticeship; Contests; Craft workers; Divination; Ethics; Nomads; Rituals; Traditional tools; Vocal music; Work songs,https://ich.unesco.org/en/RL/00959
51dc5e81-136a-4f66-8c18-7d01981be10f,955,2014,"Argan, practices and know-how concerning the argan tree",MA,RL,Representative List,Cosmetics; Food preparation,Craft workers; Economic conditions; Family; Traditional medicine; Work songs,https://ich.unesco.org/en/RL/00955
706ea84c-4721-4af4-801b-e54ccb5bd1fe,1010,2014,"Slava, celebration of family saint patron’s day",RS,RL,Representative List,Family; Religious practice; Saints,Alcoholic beverages; Food customs; Offering; Orthodox Churches; Prosperity ritual; Vocal music,https://ich.unesco.org/en/RL/01010
be4d6566-b779-40a3-bd38-e711bdd81196,1008,2014,Ví and Giặm folk songs of Nghệ Tĩnh,VN,RL,Representative List,Rural areas; Work songs,Apprenticeship; Carpentry; Craft workers; Farmers; Food preparation; Hats; Poetry; Weaving,https://ich.unesco.org/en/RL/01008
d5353cca-8137-494c-86a0-c18c69ceba87,1502,2019,Seperu folkdance and associated practices,BW,USL,Urgent Safeguarding List,Costumes; Dance; Initiation rites,Aristocracy; Body percussion; Funeral; Puberty; Social inclusion; Spiritual retreat; Technical skills; Traditional medicine; Vocal music; Wedding,https://ich.unesco.org/en/USL/01502
67160af4-58f2-4800-819d-b8a416ba314d,1190,2018,"Yalli (Kochari, Tenzere), traditional group dances of Nakhchivan",AZ,USL,Urgent Safeguarding List,Dance; Instrumental music; Vocal music,Choreography; Costumes; Festivals; Games; Pantomime; Percussion instruments; Talent; Woodwind instruments,https://ich.unesco.org/en/USL/01190
4d201c5c-f5c4-4a73-8fa0-182f0046b1da,1376,2018,Traditional hand puppetry,EG,USL,Urgent Safeguarding List,Hand Puppet; Humour (literary),Apprenticeship; Corruption; Everyday life; Handicrafts; Improvisation; Instrumental music; Percussion instruments; Performing arts; Talent,https://ich.unesco.org/en/USL/01376
e525440c-776f-4fa5-94b1-e05e4e1f3511,1458,2019,Spring rite of Juraŭski Karahod,BY,USL,Urgent Safeguarding List,Religious belief; Seasonal ritual,Bread; Dance; Food preparation; Icons; Instrumental music; Offering; Orthodox Churches; Vocal music,https://ich.unesco.org/en/USL/01458
0656fd84-23b7-4673-9821-565a38b53843,1390,2018,"Enkipaata, Eunoto and Olng'esherr, three male rites of passage of the Maasai community",KE,USL,Urgent Safeguarding List,Initiation rites; Spiritual knowledge; Spiritual retreat,Body painting; Circumcision; Clans; Conflict resolution; Dance; Legends; Moral values; Offering; Religious practice; Responsibility; Technical skills; Vocal music,https://ich.unesco.org/en/USL/01390
e2d5510a-e532-4613-be7c-15e508e81e8b,1165,2016,Chapei Dang Veng,KH,USL,Urgent Safeguarding List,Instrumental music; Plucked string instruments; Vocal music,Apprenticeship; Festivals; Improvisation; Memorization; Oral tradition; Orchestras; Poetry; Post-conflict; Religious belief; Safeguarding practices; Satire; Social inclusion; Social values; Story telling; Talent; Wedding,https://ich.unesco.org/en/USL/01165
43d0d0c1-09ba-4239-9271-5d4ca180d7af,1368,2018,Shadow play,SY,USL,Urgent Safeguarding List,Poetry; Puppets; Shadow play,Emotions; Festivals; Handicrafts; Humour (literary); Instrumental music; Satire; Story telling; Urban spaces; Vocal music,https://ich.unesco.org/en/USL/01368
d9ea2e64-e78f-4760-bb88-5ee020420760,1181,2016,"Flatbread making and sharing culture: Lavash, Katyrma, Jupka, Yufka",AZ; IR; KZ; KG; TR,RL,Representative List,Bread; Food preparation,Birth; Family; Food customs; Funeral; Hospitality; Nomads; Prosperity ritual; Veneration of the dead; Wedding,https://ich.unesco.org/en/RL/01181
9d1ac534-0e1f-4a09-bf8c-cdd018ae1816,1399,2018,"Heritage of Dede Qorqud/Korkyt Ata/Dede Korkut, epic culture, folk tales and music",AZ; KZ; TR,RL,Representative List,Epic poetry; Instrumental music; Story telling,Bard; Bowed string instruments; Emotions; Instrument making; Moral values; Mythology; Nomadism; Oral tradition; Performing arts; Wedding; Wisdom,https://ich.unesco.org/en/RL/01399
28d4e8ac-3ac6-4370-bb47-6eae1d60f66e,1091,2016,Mangal Shobhajatra on Pahela Baishakh,BD,RL,Representative List,Festivals; Procession,Art education; Costumes; Democracy; Float; Folk art; Handicrafts; Masks; New year; Paper; Percussion instruments; Ritual purification; University campuses; Woodworking,https://ich.unesco.org/en/RL/01091
ec0e2ece-2410-47dd-a234-24a8779d5995,1069,2015,"Filete porteño in Buenos Aires, a traditional painting technique",AR,RL,Representative List,Decorative arts; Painting,Catholicism; Craft workers; Creativity; Disadvantaged youth; Folk art; Handicrafts; Mass culture; Motor vehicles; Proverbs,https://ich.unesco.org/en/RL/01069
6ba1e035-9385-41d2-9a40-77c7d6f39277,1185,2016,"Rumba in Cuba, a festive combination of music and dances and all the practices associated",CU,RL,Representative List,Dance; Instrumental music; Vocal music,Audience participation; Body percussion; Emotions; Family; Festivals; Idiophones; Musicology; Percussion instruments; Religious practice; Slavery; Working class,https://ich.unesco.org/en/RL/01185
d1834414-335c-4abb-8209-dc13785e3d99,1469,2019,"Morna, musical practice of Cabo Verde",CV,RL,Representative List,Instrumental music; Poetry; Vocal music,Bowed string instruments; Dance; Emotions; Family; Improvisation; Instrument making; Nonformal education; Plucked string instruments; Socio-cultural practices,https://ich.unesco.org/en/RL/01469
4e177b67-3626-46dc-b876-6122c41cb5d5,968,2015,Surova folk feast in Pernik region,BG,RL,Representative List,Festivals; Masks; New year,Costumes; Family; Food; Handicrafts; Idiophones; Legendary creatures; Procession; Wedding,https://ich.unesco.org/en/RL/00968
39d08f72-d0d1-48ca-b490-e24e5c5f84d6,1405,2018,Festivity of Las Parrandas in the centre of Cuba,CU,RL,Representative List,Contests; Festivals; Float; Procession,Costumes; Creativity; Dance; Decorative arts; Fanfare; Flags; Handicrafts; Historical reenactment; Instrumental music; Monuments; Pyrotechnics; Vocal music,https://ich.unesco.org/en/RL/01405
a11b4d2a-ce93-41b9-afa2-638e04562420,1164,2016,"Gada system, an indigenous democratic socio-political system of the Oromo",ET,RL,Representative List,Democracy; Governance,Conflict resolution; Decision making; Initiation rites; Oral tradition; Ruling class; Social systems; Vocal music; Wedding; Womens rights,https://ich.unesco.org/en/RL/01164
36a39db8-2d22-4fa2-aa25-bd2eb817b855,1359,2018,Horse and camel Ardhah,OM,RL,Representative List,Equestrian games,Acrobatics; Craft workers; Dance; Decorative arts; Handicrafts; Instrumental music; Metalworking; Percussion instruments; Poetry; Sports competitions,https://ich.unesco.org/en/RL/01359
7b7c964f-b41a-47e8-83f3-f132d4c6b7de,1080,2015,Tugging rituals and games,KH; PH; KR; VN,RL,Representative List,Agricultural ritual; Games,Beverages; Farmers; Gender division of labour; Legendary creatures; New year; Offering; Religious belief; Solidarity,https://ich.unesco.org/en/RL/01080
232747e5-c738-4dc8-b90a-9482e1736ab5,1205,2016,Living culture of three writing systems of the Georgian alphabet,GE,RL,Representative List,Alphabets; Calligraphy,Electronic publishing; Embroidery; Handicrafts; Handwriting; Manuscripts; Orthodox Churches; Painting; Religious art; Religious education,https://ich.unesco.org/en/RL/01205
277f2de3-214e-4b9f-a5bb-66277031c648,1200,2016,Idea and practice of organizing shared interests in cooperatives,DE,RL,Representative List,Community action; Cooperatives,Civil society; Democracy; Development aid; Employment creation; Moral values; Participatory development; Social participation; Volunteers; Workers,https://ich.unesco.org/en/RL/01200
629ca455-4a74-4541-a304-f30156ad5d68,1063,2015,Tradition of kimchi-making in the Democratic People's Republic of Korea,KP,RL,Representative List,Fermentation; Food preparation,Everyday life; Family; Food customs; Homemakers; Oral tradition,https://ich.unesco.org/en/RL/01063
72e80214-b4f9-458c-9093-cf4dbe24cb2a,1492,2019,Traditional skills of crafting and playing Dotār,IR,RL,Representative List,Instrumental music; Plucked string instruments; Story telling,Apprenticeship; Conflict resolution; Craft workers; Folk literature; Gnosticism; Instrument making; Nonformal education; Wedding,https://ich.unesco.org/en/RL/01492
225b9837-bb80-431b-990c-4634f7d77955,1474,2019,Provision of services and hospitality during the Arba'in visitation,IQ,RL,Representative List,Hospitality; Pilgrimages; Volunteers,Culture of peace; Food preparation; Islam; Medical treatment; Temples,https://ich.unesco.org/en/RL/01474
ee2b6af3-fd0f-4158-a503-4591d44e365f,1263,2018,Hurling,IE,RL,Representative List,Games; Sports competitions,Leather; Mythology; Stick; Talent,https://ich.unesco.org/en/RL/01263
f0f90fcb-ffe5-4b18-abbe-b536d0e24dde,1462,2019,Artisanal talavera of Puebla and Tlaxcala (Mexico) and ceramics of Talavera de la Reina and El Puente del Arzobispo (Spain) making process,MX; ES,RL,Representative List,Ceramic art; Painting; Pattern,Apprenticeship; Craft workers; Decorative arts; Geometry; Handicrafts education; Kiln; Natural pigments; Technical skills,https://ich.unesco.org/en/RL/01462
e55040b1-1d25-4408-85ea-fa7d680e97dd,901,2016,Argungu international fishing and cultural festival,NG,RL,Representative List,Festivals; Games,Archery; Dance; Friendship; Peacebuilding; Post-conflict; Procession; Sports competitions; Wrestling,https://ich.unesco.org/en/RL/00901
a9a76f53-6654-49a8-af83-b66f22d98bde,1056,2015,Wititi dance of the Colca Valley,PE,RL,Representative List,Dance; Initiation rites,Agricultural ritual; Choreography; Contests; Costumes; Embroidery; Orchestras; Procession; Single persons; Transvestism; Wedding,https://ich.unesco.org/en/RL/01056
85e47d2f-d008-4a86-8f5f-09f586217e52,1196,2015,"Alardah Alnajdiyah, dance, drumming and poetry in Saudi Arabia",SA,RL,Representative List,Dance; Percussion instruments; Vocal music,Bladed weapons; Choir singing; Choreography; Costumes; Genealogy; Instrumental music; Poetry; Religious practice; Social gathering; Wedding,https://ich.unesco.org/en/RL/01196
40969c0c-5dd1-40f9-acc7-d38a6e1ccfd8,1011,2016,"Almezmar, drumming and dancing with sticks",SA,RL,Representative List,Dance; Stick; Vocal music,Body percussion; Costumes; Craft workers; Cultural events; Emotions; Entertainment; Moral values; Percussion instruments; Wedding,https://ich.unesco.org/en/RL/01011
d3a06bf5-54de-4cab-aa35-a3475cd13f67,1432,2019,"Practice of traditional music and dance in Setesdal, playing, dancing and singing (stev/stevjing)",NO,RL,Representative List,Dance; Instrumental music; Vocal music,Bowed string instruments; Costumes; Emotions; Humour (literary); Idiophones; Instrument making; Nonformal education,https://ich.unesco.org/en/RL/01432
c1d0225a-7aa5-47b4-be86-259f9be13c4e,1383,2018,Ritual and festive expressions of the Congo culture,PA,RL,Representative List,Historical reenactment; Ritual dance; Vocal music,Colonial history; Costumes; Festivals; Legendary creatures; Masks; Matriarchy; Oral tradition; Percussion instruments; Performing arts; Religious practice; Religious syncretism; Ritual purification; Slavery,https://ich.unesco.org/en/RL/01383
f3cd1164-6f6c-4bfc-abed-d7d3d459986a,1202,2016,Puppetry in Slovakia and Czechia,SK; CZ,RL,Representative List,Puppets; Theatre,Costumes; Craft workers; Family; Festivals; Folk literature; Handicrafts; Humour (literary); Moral values; Restoration; Vocal music; Wood carving,https://ich.unesco.org/en/RL/01202
9dfbb21e-a056-4e38-bacf-525cdd4f9107,1362,2018,Nativity scene (szopka) tradition in Krakow,PL,RL,Representative List,Architecture; Effigies; Religious practice,Craft workers; Exhibitions; Handicrafts; Historic monuments; Holidays; Miniature paintings; Paper; Technical skills; Wood carving,https://ich.unesco.org/en/RL/01362
fbbc84ab-4bad-4361-be25-5e85e83aa17f,1379,2019,"Practices of Then by Tày, Nùng and Thái ethnic groups in Viet Nam",VN,RL,Representative List,Agricultural ritual; Prosperity ritual; Ritual purification,Bladed weapons; Costumes; Dance; Holism; Memorization; Offering; Plucked string instruments; Traditional medicine; Vocal music,https://ich.unesco.org/en/RL/01379
629a762c-88d9-445a-a48e-1baf55e0ec26,1078,2015,"Al-Razfa, a traditional performing art",AE; OM,RL,Representative List,Choir singing; Dance; Oral tradition,Choreography; Family; Percussion instruments; Plucked string instruments; Poetry; Stick; Wedding,https://ich.unesco.org/en/RL/01078
1d10d189-12d7-4f5e-8a70-88fd60acb9cc,1478,2019,"Drotárstvo, wire craft and art",SK,RL,Representative List,Handicrafts; Metalworking; Technical skills,Basket weaving; Ceramic art; Decorative arts; Everyday life; Family; Maintenance; Nonformal education,https://ich.unesco.org/en/RL/01478
de0e8812-1018-453b-8550-459070a09171,1370,2018,"Rūkada Nātya, traditional string puppet drama in Sri Lanka",LK,RL,Representative List,Drama; Puppets,Buddhism; Costumes; Craft workers; Folk literature; Humour (literary); Instrumental music; Moral values; Natural pigments; Percussion instruments; Talent; Vocal music; Wind instruments; Wood carving,https://ich.unesco.org/en/RL/01370
bca5c101-e72d-48f9-a457-a0444eae6446,1058,2016,Traditional craftsmanship of Çini-making,TR,RL,Representative List,Ceramic art; Decorative arts,Architecture; Craft workers; Geometry; Glaze; Kiln; Natural dyes; Painting; Pattern,https://ich.unesco.org/en/RL/01058
b5aec91d-e37f-4cac-9de3-a36a5bab8340,1166,2016,Palov culture and tradition,UZ,RL,Representative List,Food preparation,Apprenticeship; Ceramic art; Family; Hospitality; Instrumental music; New year; Wedding,https://ich.unesco.org/en/RL/01166
2315a163-acd8-4cab-8d51-31080ff60bd3,1064,2016,Practices related to the Viet beliefs in the Mother Goddesses of Three Realms,VN,RL,Representative List,Mothers; Religious practice,Buddhism; Dance; Instrumental music; Offering; Oral tradition; Procession; Prosperity ritual; Sacred sites; Spiritualism; Trance; Vocal music,https://ich.unesco.org/en/RL/01064
4ae9e5b0-8bd4-4e38-b77b-b722cacac15e,1456,2019,Tradition of Kosiv painted ceramics,UA,RL,Representative List,Ceramic art; Painting; Technical skills,Apprenticeship; Colours; Craft workers; Kiln; Pattern,https://ich.unesco.org/en/RL/01456
ff23fb4b-b5bd-4ecf-83de-c481815c7812,1098,2016,Community project of safeguarding the living culture of Rovinj/Rovigno: the Batana Ecomuseum,HR,Art18,Register of Good Safeguarding Practices,Ecomuseums; Technical skills,Awards; Choir singing; Craft workers; Cultural organizations; Family; Festivals; Safeguarding practices; Scientific publications; Ships; Tourism; Vocal music; Woodworking,https://ich.unesco.org/en/Art18/01098
9556543b-2ae5-4e8b-b21d-6e188d0d900c,743,2012,Performance of the Armenian epic of 'Daredevils of Sassoun' or 'David of Sassoun',AM,RL,Representative List,Epic poetry; Oral tradition,Bard; Costumes; Cultural events; Family; Festivals; Folk literature; Religious belief; Story telling; Vocal music; Woodwind instruments,https://ich.unesco.org/en/RL/00743
493f0ae1-2db0-4217-80f6-8fc6579ff21e,671,2012,"Craftsmanship and performance art of the Tar, a long-necked string musical instrument",AZ,RL,Representative List,Instrument making; Instrumental music; Plucked string instruments,Apprenticeship; Craft workers; Family; Feasts; Music education; Oral tradition; Social participation; Traditional tools,https://ich.unesco.org/en/RL/00671
deb1a310-aca8-41aa-b4b3-c7cd8930536d,670,2012,Marches of Entre-Sambre-et-Meuse,BE,RL,Representative List,Historical reenactment; Procession; Religious practice,Costumes; Family; Instrument making; Musical instruments; Oral tradition; Pilgrimages; Saints; Sculpture; Weapons,https://ich.unesco.org/en/RL/00670
5340afd5-02f1-44ec-a6e3-018c13d3c275,627,2012,"Ichapekene Piesta, the biggest festival of San Ignacio de Moxos",BO,RL,Representative List,Festivals; Masks; Religious practice,Catholicism; Costumes; Instrumental music; Musical instruments; Mythology; Procession; Pyrotechnics; Religious syncretism; Sculpture,https://ich.unesco.org/en/RL/00627
27b48037-8322-48ec-a2b6-d8834d0f08b3,746,2012,"Klapa multipart singing of Dalmatia, southern Croatia",HR,RL,Representative List,Men; Polyphonic singing; Vocal music,Communities; Creativity; Disc recordings; Emotions; Everyday life; Festivals; Humour (literary); Oral tradition,https://ich.unesco.org/en/RL/00746
71398dec-654f-42ce-b301-1fb8b24ebc1d,580,2012,Qālišuyān rituals of Mašhad-e Ardehāl in Kāšān,IR,RL,Representative List,Pilgrimages; Rituals; Saints,Calendars; Carpets; Funeral; Islam; Oral tradition; Vocal music,https://ich.unesco.org/en/RL/00580
b4844325-2b0a-47a8-b8e0-4ade10f3977e,641,2012,Cherry festival in Sefrou,MA,RL,Representative List,Beauty pageant; Festivals,Costumes; Dance; Farmers; Fashion; Float; Handicrafts; Procession; Sports competitions; Weapons,https://ich.unesco.org/en/RL/00641
7ea91d86-b6c6-4f44-bc3a-3be001f48d0d,610,2012,Craftsmanship of Horezu ceramics,RO,RL,Representative List,Ceramic art; Technical skills,Apprenticeship; Craft workers; Gender division of labour; Geometry; Handicrafts; Pattern; Traditional tools,https://ich.unesco.org/en/RL/00610
ccb2762a-e642-4183-8f49-58080ced3789,744,2012,"Al-Taghrooda, traditional Bedouin chanted poetry in the United Arab Emirates and the Sultanate of Oman",AE; OM,RL,Representative List,Oral tradition; Poetry; Vocal music,Choir singing; Conflict resolution; Family; Improvisation; Nomads; Proverbs; Social capital; Work songs,https://ich.unesco.org/en/RL/00744
e39e6f29-de2e-4666-8e5e-bdb4e7953649,1256,2017,"Taskiwin, martial dance of the western High Atlas",MA,USL,Urgent Safeguarding List,Dance,Costumes; Craft workers; Instrument making; Instrumental music; Percussion instruments; Rituals; Social inclusion; Talent; Vocal music; Wedding; Woodwind instruments,https://ich.unesco.org/en/USL/01256
0417111e-2fe4-4018-8356-1f569297dd70,658,2017,Whistled language,TR,USL,Urgent Safeguarding List,Nonverbal communication; Whistled language,Apprenticeship; Communication skills; Family; Festivals; Rural population; Safeguarding practices; Social inclusion; Talent,https://ich.unesco.org/en/USL/00658
af75ca8e-4e3b-47e2-839e-9a3007e84e53,1268,2017,"Al Azi, art of performing praise, pride and fortitude poetry",AE,USL,Urgent Safeguarding List,Oral expression; Poetry; Vocal music,Choir singing; Customary law; Festivals; Improvisation; Oral tradition; Performing arts; Proverbs; Stick; Wedding,https://ich.unesco.org/en/USL/01268
c2732a65-bae3-4f7d-aa26-539378350c63,1295,2017,"Kochari, traditional group dance",AM,RL,Representative List,Dance; Instrumental music,Choreography; Costumes; Cultural education; Feasts; Nonformal education; Performing arts; Socio-cultural practices; Wedding,https://ich.unesco.org/en/RL/01295
e6f93796-f018-42b3-9c06-e48411c8effe,1112,2017,Traditional art of Shital Pati weaving of Sylhet,BD,RL,Representative List,Carpets; Weaving,Craft workers; Empowerment; Family; Handicrafts; Natural dyes; Technical skills; Textile arts,https://ich.unesco.org/en/RL/01112
d8c76088-180b-45aa-a7aa-f23d63f2cefc,1182,2017,Ritual journeys in La Paz during Alasita,BO,RL,Representative List,Festivals; Prosperity ritual; Religious practice,Christianity; Family; Handicrafts; Incense; Offering; Religious syncretism; Ritual items; Social inclusion; Toys,https://ich.unesco.org/en/RL/01182
c8bcf7a5-9705-4d21-b065-4718311e5a11,1258,2017,Kumbh Mela,IN,RL,Representative List,Pilgrimages; Religious practice; Sacred sites,Astronomy; Festivals; Hinduism; Instrumental music; Oral tradition; Ritual purification,https://ich.unesco.org/en/RL/01258
f9d95706-e541-4f42-8c46-ce138fcf8684,1282,2017,"Chogān, a horse-riding game accompanied by music and storytelling",IR,RL,Representative List,Equestrian games; Story telling,Dance; Epic poetry; Feasts; Folk literature; Handicrafts; Instrumental music; Performing arts,https://ich.unesco.org/en/RL/01282
9559c898-a33e-419e-847e-3c155e8c124d,1264,2017,Uilleann piping,IE,RL,Representative List,Instrumental music; Woodwind instruments,Dance; Family; Funeral; Handicrafts; Improvisation; Instrument making; Music education; Musical performances; Wedding,https://ich.unesco.org/en/RL/01264
d226042e-fcb6-4169-8163-ff9a0a2bc315,722,2017,Art of Neapolitan ‘Pizzaiuolo’,IT,RL,Representative List,Food customs; Food preparation,Contests; Family; Flour; Nonformal education; Nutrition,https://ich.unesco.org/en/RL/00722
77533b8f-35c4-4945-bf12-7fac9a19a371,1086,2017,Kazakh traditional Assyk games,KZ,RL,Representative List,Educational games; Games,Contests; Feasts; Natural dyes; Nonformal education,https://ich.unesco.org/en/RL/01086
6a1eef57-385a-4ded-9396-4f847b51143e,1222,2017,The art of Bài Chòi in Central Viet Nam,VN,RL,Representative List,Games; Performing arts,Family; Improvisation; Musical instruments; New year; Oral tradition; Orchestras; Riddle; Satire; Vocal music,https://ich.unesco.org/en/RL/01222
d2d7306a-90cf-4fe8-ac69-1c211abfe14d,1254,2017,"Margilan Crafts Development Centre, safeguarding of the atlas and adras making traditional technologies",UZ,Art18,Register of Good Safeguarding Practices,Handicrafts education; Safeguarding practices; Textile arts,Craft workers; Design; Dyes technology; Exhibitions; Festivals; Handicrafts; Natural pigments; Revitalization; Technical education; Technical skills; Training centres; Training methods; Weaving,https://ich.unesco.org/en/Art18/01254
e3fea953-7fc4-4660-a250-c30f2b99ca05,253,2009,Art of Azerbaijani Ashiq,AZ,RL,Representative List,Dance; Instrumental music; Vocal music,Bard; Emotions; Instrument making; Multiethnic societies; Musical performances; Nomads; Oral history; Plucked string instruments; Poetry; Story telling; Wedding,https://ich.unesco.org/en/RL/00253
6de9da78-009a-4159-9bf9-15df1d912d0a,263,2009,Procession of the Holy Blood in Bruges,BE,RL,Representative List,Procession; Religious practice,Catholicism; Churches; Costumes; Fanfare; Fraternity; Historical reenactment; Multilingualism; Performing arts; Religious belief; Volunteers,https://ich.unesco.org/en/RL/00263
2d18cbb5-85cc-43e6-89fb-c5453fd7e063,191,2009,"Nestinarstvo, messages from the past: the Panagyr of Saints Constantine and Helena in the village of Bulgari",BG,RL,Representative List,Fertility ritual; Firewalking; Ritual dance,Clergy; Festivals; Icons; Instrumental music; Offering; Orthodox Churches; Percussion instruments; Procession; Religious practice; Saints; Trance; Wind instruments,https://ich.unesco.org/en/RL/00191
d2142fa2-09de-44f6-ba17-1801fc39d49a,219,2009,Chinese paper-cut,CN,RL,Representative List,Decorative arts; Paper,Aesthetics; Engraving; Everyday life; Fertility ritual; Festivals; Folk art; Handicrafts; Handicrafts education; Improvisation; Prosperity ritual; Religious belief; Textile arts; Wedding,https://ich.unesco.org/en/RL/00219
5b96bbe7-b94f-4fe7-8c19-f59c524b2bba,404,2011,Leuven age set ritual repertoire,BE,RL,Representative List,Age groups; Initiation rites,Brewing; Costumes; Ethics; Everyday life; Fair; Flags; Fraternity; Friendship; Godfather; Religious practice; Saints; Social work; Travel,https://ich.unesco.org/en/RL/00404
38e8412f-3a4a-4437-82bf-a3c4a220b1ca,358,2011,Bećarac singing and playing from Eastern Croatia,HR,RL,Representative List,Improvisation; Instrumental music; Vocal music,Choir singing; Costumes; Emotions; Humour (literary); Mass culture; Satire; Social values; String instruments; Wedding; Wind instruments,https://ich.unesco.org/en/RL/00358
ead64277-58d2-4e7e-b263-aa4b0697fb1b,359,2011,"Nijemo Kolo, silent circle dance of the Dalmatian hinterland",HR,RL,Representative List,Choreography; Dance,Acrobatics; Carnival; Costumes; Fair; Feasts; Improvisation; Religious practice; Rural areas; Talent; Wedding; Youth activities,https://ich.unesco.org/en/RL/00359
49f68d34-6fba-41a5-a00e-7ea4f4e61f5d,536,2011,Tsiattista poetic duelling,CY,RL,Representative List,Contests; Oral tradition; Poetry; Vocal music,Duet; Fair; Festivals; Humour (literary); Imagination; Instrumental music; Memorization; Musical instruments; Spiritual knowledge; Talent; Vocabularies; Wedding; Writing (composition),https://ich.unesco.org/en/RL/00536
c88116b9-5a3e-4b2f-ad44-609ede00686b,564,2011,Ride of the Kings in the south-east of the Czech Republic,CZ,RL,Representative List,Festivals; Procession; Religious practice,Bladed weapons; Costumes; Dance; Fanfare; Handicrafts; Humour (literary); Monarchy; Money; Offering; Paper; Prosperity ritual; Transvestism; Vocal music,https://ich.unesco.org/en/RL/00564
c3e42a81-fdfd-4518-a7b6-24a5120410f0,204,2009,Gesar epic tradition,CN,RL,Representative List,Bard; Epic poetry; Story telling; Vocal music,Bowed string instruments; Buddhism; Dance; Festivals; Hats; Moral values; Mythology; Nomads; Oral tradition; Painting; Representative literary works; Sacred sites; Wedding,https://ich.unesco.org/en/RL/00204
23902a42-b2f1-494d-ae8c-cb341913053c,202,2009,Grand song of the Dong ethnic group,CN,RL,Representative List,Choir singing; Polyphonic singing; Vocal music,Costumes; Dance; Emotions; Folk literature; Instrumental music; Moral values; Oral tradition; Poetry; Social values,https://ich.unesco.org/en/RL/00202
55b9b4d8-e0d1-4cef-8d8f-52063b2a34b5,211,2009,Hua’er,CN,RL,Representative List,Improvisation; Polyphonic singing; Vocal music,Emotions; Entertainment; Everyday life; Festivals; Folk art; Oral tradition; Religious belief,https://ich.unesco.org/en/RL/00211
da639b22-18b3-4947-9d00-765ee736cefd,209,2009,Manas,CN,RL,Representative List,Epic poetry; Vocal music,Bard; Festivals; Funeral; Improvisation; Nomads; Oral history; Performing arts; Plucked string instruments; Religious belief; Story telling; Wedding,https://ich.unesco.org/en/RL/00209
c1e0e6e0-592f-47d2-a5ab-88bf5c050345,227,2009,Mazu belief and customs,CN,RL,Representative List,Festivals; Procession; Religious practice,Acrobatics; Apprenticeship; Calendars; Clergy; Costumes; Dance; Fair; Fertility ritual; Float; Food; Incense; Instrumental music; Mythology; Offering; Religious syncretism; Sculpture,https://ich.unesco.org/en/RL/00227
3b1015a1-c3c8-45e8-874e-5fd3e4541cab,273,2009,Akiu no Taue Odori,JP,RL,Representative List,Agricultural ritual; Ritual dance,Choreography; Costumes; Farmers; Festivals; Folk art; Instrumental music; Musical instruments; Vocal music; Work songs,https://ich.unesco.org/en/RL/00273
45be86af-19cb-4c4d-98c2-d279884a6973,203,2009,Yueju opera,CN,RL,Representative List,Martial arts; Opera; Theatre; Vocal music,Apprenticeship; Bladed weapons; Choreography; Costumes; Drama education; Entertainment; Epic poetry; Funeral; Instrumental music; Makeup; Orchestras; Religious practice; Wedding,https://ich.unesco.org/en/RL/00203
5fe56b35-ffda-43ce-8605-f0b39b34451e,575,2011,"Mariachi, string music, song and trumpet",MX,RL,Representative List,Instrumental music; Orchestras; Vocal music,Apprenticeship; Bowed string instruments; Costumes; Emotions; Musical styles; Plucked string instruments; Social inclusion; Wedding; Wind instruments,https://ich.unesco.org/en/RL/00575
245e7f40-ad07-418a-882a-099250be2ac4,245,2009,Lacemaking in Croatia,HR,RL,Representative List,Lace; Textile arts,Bobbin; Clergy; Costumes; Craft workers; Decorative arts; Everyday life; Geometry; Handicrafts; Handicrafts education; Hats; Needle; Pattern; Weaving,https://ich.unesco.org/en/RL/00245
c8a68e7b-659c-4602-8c02-975715f3740d,242,2009,Procession Za Krizen (‘following the cross’) on the island of Hvar,HR,RL,Representative List,Catholicism; Procession; Religious practice,Choir singing; Churches; Clergy; Costumes; Family; Festivals; Fraternity; Pilgrimages; Poetry; Ritual items,https://ich.unesco.org/en/RL/00242
db93e935-8b48-471f-8163-31a668f93014,231,2009,Two-part singing and playing in the Istrian scale,HR,RL,Representative List,Instrumental music; Polyphonic singing; Vocal music,Choir singing; Costumes; Dance; Everyday life; Improvisation; Instrument making; Music education; Nonformal education; Plucked string instruments; Rural population; Wedding; Wind instruments; Woodwind instruments,https://ich.unesco.org/en/RL/00231
bdab6167-2952-4679-a7f7-48ae762bba2b,255,2009,Lefkara laces or Lefkaritika,CY,RL,Representative List,Lace; Textile arts,Craft workers; Economic and social development; Embroidery; Family; Geometry; Needle; Nonformal education; Pattern; Tourism; Trade; Womens participation,https://ich.unesco.org/en/RL/00255
1832ee25-99ff-4999-ba46-3dcbaf7dfb0c,567,2011,Pilgrimage to the sanctuary of the Lord of Qoyllurit’i,PE,RL,Representative List,Dance; Pilgrimages; Procession,Animism; Catholicism; Costumes; Masks; Percussion instruments; Religious syncretism; Sacred sites; Sculpture; Textile arts; Tribes; Woodwind instruments,https://ich.unesco.org/en/RL/00567
b3010ccc-fd10-484f-b048-b2389a64da9d,279,2009,Radif of Iranian music,IR,RL,Representative List,Instrumental music; Musical notation; Vocal music,Aesthetics; Apprenticeship; Bowed string instruments; Composers; Improvisation; Islam; Memorization; Music education; Musicology; Oral tradition; Philosophy; Plucked string instruments; Woodwind instruments,https://ich.unesco.org/en/RL/00279
c4606d61-9c7b-47bb-bea4-709438afd887,576,2011,Festivity of ‘la Mare de Déu de la Salut’ of Algemesí,ES,RL,Representative List,Festivals; Performing arts; Procession,Acrobatics; Catholicism; Costumes; Dance; Handicrafts; Historical reenactment; Instrumental music; Orchestras; Youth,https://ich.unesco.org/en/RL/00576
22f0c732-2fb8-4249-8878-4ff0d452a54d,388,2011,Ceremonial Keşkek tradition,TR,RL,Representative List,Food preparation,Apprenticeship; Circumcision; Drama; Entertainment; Instrumental music; Percussion instruments; Religious practice; Traditional tools; Wedding; Woodwind instruments; Work songs,https://ich.unesco.org/en/RL/00388
ba9f28c2-0efd-4ffa-96af-98265feffb76,275,2009,Dainichido Bugaku,JP,RL,Representative List,Ritual dance; Seasonal ritual,Bladed weapons; Choreography; Costumes; Craft workers; Family; Farmers; Hats; Instrumental music; Legendary creatures; Masks; Musical instruments; New year; Oral tradition; Religious practice; Rituals; Temples,https://ich.unesco.org/en/RL/00275
8e71c0ea-4979-41ff-aabd-d3ef02fed78d,271,2009,Oku-noto no Aenokoto,JP,RL,Representative List,Agricultural ritual; Rituals; Seasonal ritual,Animism; Costumes; Farmers; Fermented beverages; Food preparation; Hospitality; Offering; Prosperity ritual; Religious belief; Shinto,https://ich.unesco.org/en/RL/00271
b8449478-6326-410f-9e7f-757fc208655a,278,2009,Traditional Ainu dance,JP,RL,Representative List,Religious belief; Ritual dance,Animism; Bladed weapons; Choreography; Costumes; Everyday life; Festivals; Performing arts; Shamanism; Textile arts; Vocal music,https://ich.unesco.org/en/RL/00278
04ddd11f-a5d9-4398-974b-90a6d729a3b5,174,2009,"Places of memory and living traditions of the Otomí-Chichimecas people of Tolimán: the Peña de Bernal, guardian of a sacred territory",MX,RL,Representative List,Cultural space; Pilgrimages; Sacred sites,Calendars; Churches; Colonial history; Religious syncretism; Social criticism; Veneration of the dead,https://ich.unesco.org/en/RL/00174
7a30f7ba-c3c7-47d7-816a-2fc9f6c1f9f3,180,2009,Karagöz,TR,RL,Representative List,Puppets; Shadow play; Theatre,Apprenticeship; Folk literature; Handicrafts; Leather; Painting; Parks; Percussion instruments; Riddle; Satire; Urban spaces; Wood carving,https://ich.unesco.org/en/RL/00180
d6cd9370-8cbd-4214-9c5f-bce0c8a69dbf,183,2009,Quan Họ Bắc Ninh folk songs,VN,RL,Representative List,Awards; Duet; Vocal music,Costumes; Cultural education; Emotions; Festivals; Hats; Improvisation; Instrumental music; Religious practice; Rituals; Social inclusion,https://ich.unesco.org/en/RL/00183
22812f25-0119-484c-99f1-be48565166c7,308,2009,Rite of the Kalyady Tsars (Christmas Tsars),BY,USL,Urgent Safeguarding List,Procession; Seasonal ritual; Theatre,Calendars; Costumes; Dance; Decorative arts; Food; Humour (literary); Improvisation; New year; Percussion instruments; Religious practice; Wind instruments,https://ich.unesco.org/en/USL/00308
6d19be40-f025-4c04-b58a-b377a0a4e111,309,2009,Ca trù singing,VN,USL,Urgent Safeguarding List,Poetry; Theatre; Vocal music,Contests; Dance; Entertainment; Family; Guild; Idiophones; Instrumental music; Nonformal education; Oral tradition; Percussion instruments; Plucked string instruments; Post-conflict; Religious practice,https://ich.unesco.org/en/USL/00309
737a8d33-2567-4d30-9e49-350b61ad2a2f,318,2009,"Education and training in Indonesian Batik intangible cultural heritage for elementary, junior, senior, vocational school and polytechnic students, in collaboration with the Batik Museum in Pekalongan",ID,Art18,Register of Good Safeguarding Practices,Educational projects; Textile arts,Costumes; Cultural education; Curriculum development; Fashion; Museums; Natural dyes; Pattern; Primary schools; Secondary schools; Special teacher education; Technical skills; Technological institutes; Vocational schools,https://ich.unesco.org/en/Art18/00318
7eb840c5-a045-4f4e-b1cf-3f1a923c05f9,306,2009,Centre for traditional culture – school museum of Pusol pedagogic project,ES,Art18,Register of Good Safeguarding Practices,Data collection; Educational projects; Museography,Community action; Everyday life; Field work; Nonformal education; Rural areas; School museums; Student participation; Teachers,https://ich.unesco.org/en/Art18/00306
6d633236-a5b8-49ab-9cc1-5441ecf4d1d3,2,2008,Oral heritage of Gelede,BJ; NG; TG,RL,Representative List,Costumes; Masks; Oral tradition; Rituals,Animism; Craft workers; Dance; Humour (literary); Matriarchy; Mythology; Percussion instruments; Secret society; Urban spaces; Vocal music; Wood carving,https://ich.unesco.org/en/RL/00002
c6fa5832-1090-4e80-adc1-0cbc387806f0,19,2008,Cultural space of Boysun District,UZ,RL,Representative List,Cultural space,Agricultural ritual; Costumes; Dance; Epic poetry; Festivals; Funeral; Instrumental music; Legends; Life cycle; Religious syncretism; Shamanism; String instruments; Vocal music; Wedding; Wind instruments,https://ich.unesco.org/en/RL/00019
02e99f5b-54be-4e6b-b068-ee09565f000e,7,2008,Oral heritage and cultural manifestations of the Zápara people,EC; PE,RL,Representative List,Cultural space; Oral tradition,Colonial history; Epidemics; Local languages; Mythology; Rituals; Shamanism; Slavery; Traditional medicine,https://ich.unesco.org/en/RL/00007
0144657c-b325-427d-8610-9326d6aa8e1d,9,2008,Cultural space of Sosso-Bala,GN,RL,Representative List,Instrumental music; Oral tradition; Percussion instruments,Craft workers; Cultural space; Epic poetry; Festivals; Funeral; Instrument making; Legends; Music education; Oral history; Ritual items; Rituals,https://ich.unesco.org/en/RL/00009
c377786f-a761-4798-ab80-aee005f3ee2b,13,2008,Cross-crafting and its symbolism,LT,RL,Representative List,Religious art; Wood carving,Agricultural ritual; Catholicism; Geometry; Handicrafts education; Nonformal education; Offering; Pattern; Ritual items; Saints; Textile arts; Woodworking,https://ich.unesco.org/en/RL/00013
7839a4c2-00c7-4d78-9650-f3476177f095,14,2008,Cultural space of Jemaa el-Fna Square,MA,RL,Representative List,Cultural space; Urban spaces,Bard; Dance; Entertainment; Food preparation; Instrumental music; Magic; Markets; Oral tradition; Performing arts; Story telling; Tattoo; Traditional medicine,https://ich.unesco.org/en/RL/00014
29ce8eeb-dcb1-4080-917e-8e445206e71b,16,2008,Royal ancestral ritual in the Jongmyo shrine and its music,KR,RL,Representative List,Confucianism; Dance; Rituals,Aristocracy; Choreography; Christianity; Idiophones; Instrumental music; Offering; Percussion instruments; Representative literary works; String instruments; Veneration of the dead; Wind instruments,https://ich.unesco.org/en/RL/00016
a50a29fb-744b-43ad-88d9-48b885be0780,17,2008,Cultural space and oral culture of the Semeiskie,RU,RL,Representative List,Cultural space; Orthodox Churches,Architecture; Costumes; Dance; Exiles; Family; Food customs; Handicrafts; Instrumental music; Polyphonic singing; Religious practice; Vocal music,https://ich.unesco.org/en/RL/00017
c67cde66-1f5a-4dfc-8f9d-e56dfd6a8822,18,2008,Mystery play of Elche,ES,RL,Representative List,Drama; Religious practice; Vocal music,Catholicism; Churches; Festivals; Funeral; Machines; Polyphonic singing; Procession; Rituals; Stage equipment; Textile arts; Theatre,https://ich.unesco.org/en/RL/00018
eced54c6-4bf3-4338-a902-28664fec2f8b,1,2008,"Language, dance and music of the Garifuna",BZ; GT; HN; NI,RL,Representative List,Dance; Instrumental music; Local languages; Oral tradition,Architecture; Colonial history; Festivals; Oral history; Percussion instruments; Satire; Shipbuilding; Slavery; Story telling,https://ich.unesco.org/en/RL/00001
4ad6b56d-eae8-49e7-a798-7d93c687c49e,48,2008,Andean cosmovision of the Kallawaya,BO,RL,Representative List,Traditional medicine,Apprenticeship; Cosmology; Costumes; Drugs; Instrumental music; Percussion instruments; Religious belief; Religious syncretism; Rituals; Textile arts; Weaving; Wind instruments; Womens participation,https://ich.unesco.org/en/RL/00048
cd956e9b-a473-4ea2-9fde-d3f02ae0d33c,49,2008,Oral and graphic expressions of the Wajapi,BR,RL,Representative List,Body painting; Communication skills; Cultural space; Oral tradition,Cosmology; Drawing; Geometry; Know-how transfer; Mythology; Natural dyes; Pattern,https://ich.unesco.org/en/RL/00049
377eb771-b716-4872-8909-5657c0b7a7bd,52,2008,La Tumba Francesa,CU,RL,Representative List,Dance; Instrumental music; Vocal music,Colonial history; Costumes; Idiophones; Improvisation; Percussion instruments; Slavery,https://ich.unesco.org/en/RL/00052
35f46da6-402a-40f0-9754-03cd93fb1e72,68,2008,Traditional music of the Morin Khuur,MN,RL,Representative List,Bowed string instruments; Instrumental music; Vocal music,Apprenticeship; Dance; Handicrafts; Instrument making; Nomads; Oral tradition; Religious practice; Ritual items; Rituals; Wood carving,https://ich.unesco.org/en/RL/00068
7effadb2-4677-48ab-bfb3-de9be6a7ee7b,64,2008,Ningyo Johruri Bunraku puppet theatre,JP,RL,Representative List,Puppets; Theatre,Costumes; Craft workers; Drama; Improvisation; Instrumental music; Moral values; Performers; Plucked string instruments; Social values; Story telling; Vocal music; Wood carving,https://ich.unesco.org/en/RL/00064
1a8e3022-14ac-4851-8564-d750b15eaf26,70,2008,Pansori epic chant,KR,RL,Representative List,Epic poetry; Story telling; Vocal music,Apprenticeship; Choreography; Cultural elite; Improvisation; Oral tradition; Percussion instruments; Performers; Representative literary works; Shamanism,https://ich.unesco.org/en/RL/00070
a682c891-3c80-4d00-a5bc-0bbfaca420b0,74,2008,"Nha Nhac, Vietnamese court music",VN,RL,Representative List,Dance; Instrumental music; Orchestras,Aristocracy; Choreography; Cosmology; Costumes; Festivals; Funeral; Idiophones; Percussion instruments; Post-conflict; Religious practice; String instruments; Wind instruments,https://ich.unesco.org/en/RL/00074
f81d7fa6-15cf-4663-9fda-596d8957fd41,77,2008,Song of Sana’a,YE,RL,Representative List,Instrumental music; Vocal music,Dance; Emotions; Idiophones; Instrument making; Plucked string instruments; Poetry; Wedding,https://ich.unesco.org/en/RL/00077
2a1fc935-d0f7-4ea0-b56a-33723a68ab3a,80,2008,Woodcrafting knowledge of the Zafimaniry,MG,RL,Representative List,Architecture; Wood carving; Woodworking,Carpentry; Craft workers; Decorative arts; Geometry; Handicrafts; Mortise and tenon; Oral tradition; Pattern; Sculpture; Symbols; Technical skills,https://ich.unesco.org/en/RL/00080
c057dc59-950b-4752-839b-5e5b4f00c651,103,2008,Oxherding and oxcart traditions in Costa Rica,CR,RL,Representative List,Rural patrimony; Vehicles; Woodworking,Contests; Farmers; Handicrafts; Idiophones; Painting; Procession; Religious practice; Technical skills,https://ich.unesco.org/en/RL/00103
d635be94-f290-4801-adcb-1933cfc3b2a1,108,2008,"Sbek Thom, Khmer shadow theatre",KH,RL,Representative List,Puppets; Shadow play; Theatre,Choreography; Craft workers; Dance; Epic poetry; Handicrafts; Instrumental music; Know-how transfer; Leather; Monarchy; Natural dyes; Orchestras; Post-conflict; Religious art; Rituals,https://ich.unesco.org/en/RL/00108
aa1c81d0-e406-47c4-82eb-39bd0b0a9854,110,2008,"Ramlila, the traditional performance of the Ramayana",IN,RL,Representative List,Epic poetry; Theatre,Audience participation; Costumes; Effigies; Festivals; Handicrafts; Idiophones; Masks; Percussion instruments; Religious art; Representative literary works; Story telling; Vocal music,https://ich.unesco.org/en/RL/00110
e1de98c9-912e-48d4-91e6-b4b0ca09cb35,111,2008,El Güegüense,NI,RL,Representative List,Dance; Instrumental music; Theatre,Colonial history; Costumes; Drama; Festivals; Masks; Percussion instruments; Procession; Religious practice; Saints; Satire; String instruments,https://ich.unesco.org/en/RL/00111
4311c3aa-3610-44c1-8ae6-eb249eaa2d9e,114,2008,Gangneung Danoje festival,KR,RL,Representative List,Festivals; Ritual dance; Theatre,Brewing; Buddhism; Confucianism; Costumes; Drama; Handicrafts; Instrumental music; Interfaith practices; Markets; Masks; Poetry; Religious syncretism; Ritual items; Rituals; Shamanism; Sports competitions,https://ich.unesco.org/en/RL/00114
1204c9fd-8288-4e0c-8fc4-0250c821543f,158,2008,Vimbuza healing dance,MW,RL,Representative List,Ritual dance; Traditional medicine; Vocal music,Colonial history; Instrumental music; Mental diseases; Percussion instruments; Religious belief; Rituals; Trance; Veneration of the dead,https://ich.unesco.org/en/RL/00158
c0e652aa-a22e-4103-9dc4-10731b3dd221,144,2008,Rabinal Achí dance drama tradition,GT,RL,Representative List,Dance; Masks; Theatre,Catholicism; Costumes; Effigies; Festivals; Fraternity; Monarchy; Mythology; Oral history; Religious syncretism; Veneration of the dead,https://ich.unesco.org/en/RL/00144
1548a84c-5b7a-492c-ac56-91243b3a7701,121,2008,Ahellil of Gourara,DZ,RL,Representative List,Instrumental music; Poetry; Polyphonic singing,Body percussion; Dance; Moral values; Oral history; Percussion instruments; Religious practice; Social participation; Vocal music; Wedding; Woodwind instruments,https://ich.unesco.org/en/RL/00121
dab8901f-dd16-4b12-946b-1718e7be1dc4,124,2008,Palestinian Hikaye,PS,RL,Representative List,Oral tradition; Story telling; Women,Family; Homemakers; Moral values; Social behaviour; Social roles,https://ich.unesco.org/en/RL/00124
fec2de81-f0f7-4b8c-a412-cb45f8ead6f6,132,2008,Cultural space of the Yaaral and Degal,ML,RL,Representative List,Cultural space,Contests; Costumes; Dance; Festivals; Instrumental music; Interethnic relations; Jewelry; Nomads; Oral expression; Poetry; Social inclusion,https://ich.unesco.org/en/RL/00132
91b61a3e-ffb9-4548-a3c1-d16e9733f26f,133,2008,Chopi Timbila,MZ,RL,Representative List,Instrumental music; Orchestras; Percussion instruments,Apprenticeship; Costumes; Dance; Humour (literary); Idiophones; Instrument making; Musical instruments; Satire; Vocal music; Wedding,https://ich.unesco.org/en/RL/00133
15c2f69b-1c41-47ce-b7d3-9be87f84c134,142,2008,Gule Wamkulu,MW; MZ; ZM,RL,Representative List,Initiation rites; Ritual dance,Clans; Costumes; Fraternity; Funeral; Instrumental music; Masks; Matriarchy; Moral values; Percussion instruments; Religious syncretism; Slavery; Social values; Veneration of the dead; Wedding,https://ich.unesco.org/en/RL/00142
3a39d54d-d2da-4ac6-951e-81db149e06b9,143,2008,"Kankurang, Manding initiatory rite",GM; SN,RL,Representative List,Initiation rites,Body painting; Circumcision; Costumes; Magic; Masks; Natural dyes; Percussion instruments; Religious practice; Ritual dance; Ritual purification; Sacred sites; Secret society; Social values; Traditional medicine; Tribes; Vocal music; Woodworking,https://ich.unesco.org/en/RL/00143
2a534cd9-6a79-456c-b48a-19236ca26684,145,2008,"Olonkho, Yakut heroic epos",RU,RL,Representative List,Epic poetry; Story telling; Vocal music,Drama; Improvisation; Legends; Nomads; Religious belief,https://ich.unesco.org/en/RL/00145
af6e14d1-989c-475b-9c6e-c20b75d5573f,146,2008,Ifa divination system,NG,RL,Representative List,Divination; Religious practice; Signs,Clergy; Literature; Mathematics; Oral history; Oral tradition; Percussion instruments; Poetry; Religious belief; Ritual items; Social values; Veneration of the dead; Vocal music,https://ich.unesco.org/en/RL/00146
b37bdbf6-484f-4ae1-b81b-75d106233a3c,147,2008,"Slovácko Verbuňk, recruit dances",CZ,RL,Representative List,Boys; Dance; Men; Recruitment,Acrobatics; Armed forces; Contests; Costumes; Festivals; Financial aid; Improvisation; Instrument making; Instrumental music; Vocal music,https://ich.unesco.org/en/RL/00147
02509b47-ddce-4509-9e5e-fe0aa33cab6a,161,2008,Mask dance of the drums from Drametse,BT,RL,Representative List,Masks; Percussion instruments; Ritual dance,Acrobatics; Buddhism; Choreography; Clergy; Costumes; Festivals; Idiophones; Legendary creatures; Orchestras; Religious buildings; Religious practice; Wind instruments,https://ich.unesco.org/en/RL/00161
84d49a4b-3b11-4ea2-8dc9-346dc68af1e1,2322,2025,Traditional Saree weaving art of Tangail,BD,RL,Representative List,Family role; Technical skills; Weaving,Costumes; Craft workers; Festivity; Income; Pattern; Social gathering; Traditional tools,https://ich.unesco.org/en/RL/02322
8354cd55-1af7-4b89-a679-8091659daa73,165,2008,"Canto a tenore, Sardinian pastoral songs",IT,RL,Representative List,Polyphonic singing; Throat singing; Vocal music,Dance; Everyday life; Poetry; Tourism; Urban spaces; Wedding; Work songs,https://ich.unesco.org/en/RL/00165
25d323b5-e6ed-4dd6-8b2b-a0310348b1f9,1852,2022,Culture of Ukrainian borscht cooking,UA,USL,Urgent Safeguarding List,Family; Food preparation,Beverages; Creativity; Festivals; Funeral; Museums; Social media; Wedding,https://ich.unesco.org/en/USL/01852
aaae05af-d37f-4552-8b7b-3f951410d559,322,2010,Wooden movable-type printing of China,CN,USL,Urgent Safeguarding List,Engraving; Printing methods; Technical skills; Typesetting,Apprenticeship; Binding; Buddhism; Calligraphy; Craft workers; Family; Gender division of labour; Genealogy; Inks; Memorization; Oral tradition; Paper; Poetry; Wood carving,https://ich.unesco.org/en/USL/00322
9d1e46bd-ed8b-43c1-8763-4d5e898d06ff,320,2010,Ojkanje singing,HR,USL,Urgent Safeguarding List,Polyphonic singing; Throat singing; Vocal music,Audiovisual materials; Dance; Duet; Emotions; Know-how transfer; Oral tradition; Politics; Post-conflict,https://ich.unesco.org/en/USL/00320
6659691a-5673-4292-bf7f-beb33387e162,389,2010,Traditional art of Azerbaijani carpet weaving in the Republic of Azerbaijan,AZ,RL,Representative List,Carpets; Decorative arts; Weaving,Apprenticeship; Craft workers; Gender division of labour; Mythology; Natural dyes; Oral tradition; Pattern; Rituals; Spinning; Symbols; Technical skills,https://ich.unesco.org/en/RL/00389
ae395af0-1c97-4e1a-80ec-5e0a48587ea1,356,2010,Gingerbread craft from Northern Croatia,HR,RL,Representative List,Decorative arts; Handicrafts,Aesthetics; Churches; Craft workers; Cultural events; Fair; Family; Food preparation; Painting; Pattern; Religious practice; Wedding,https://ich.unesco.org/en/RL/00356
c73340da-e1d3-49d4-a9c1-478fb3fa57ba,438,2010,Craftsmanship of Alençon needle lace-making,FR,RL,Representative List,Craft workers; Lace; Textile arts,Aesthetics; Apprenticeship; Clothing; Costumes; Decorative arts; Design; Embroidery; Geometry; Museums; Needle; Oral tradition; Pattern; Technical skills,https://ich.unesco.org/en/RL/00438
b35a9e16-f49f-4bc1-bc4d-50d298b41654,340,2010,Kalbelia folk songs and dances of Rajasthan,IN,RL,Representative List,Dance; Instrumental music; Vocal music,Acrobatics; Circular breathing; Costumes; Embroidery; Festivals; Humour (literary); Improvisation; Jewelry; Makeup; Musical instruments; Mythology; Nomads; Oral tradition; Poetry; Tattoo,https://ich.unesco.org/en/RL/00340
a4aa24f6-184f-459f-9096-d69841ae9e01,377,2010,Ritual dramatic art of Ta‘zīye,IR,RL,Representative List,Instrumental music; Rituals; Theatre; Vocal music,Bladed weapons; Costumes; Emotions; Epic poetry; Folk literature; Handicrafts; Instrument making; Legendary creatures; Masks; Moral values; Mythology; Oral tradition; Religious belief; Symbols; Wind instruments,https://ich.unesco.org/en/RL/00377
5ea08a53-eb67-4b2d-aaf0-380b577a88d6,406,2010,"Yuki-tsumugi, silk fabric production technique",JP,RL,Representative List,Technical skills; Weaving,Apprenticeship; Craft workers; Design; Knot; Natural dyes; Pattern; Shinto; Spinning; Textile arts; Waste treatment,https://ich.unesco.org/en/RL/00406
cfe8191e-ba6a-4aaa-9563-71503b3f295f,392,2010,Hopping procession of Echternach,LU,RL,Representative List,Dance; Procession; Religious practice,Catholicism; Choreography; Clergy; Fanfare; Festivals; Musical instruments; Saints; Vocal music,https://ich.unesco.org/en/RL/00392
8f000666-f569-496d-a90e-f12a0f555ced,395,2010,"Naadam, Mongolian traditional festival",MN,RL,Representative List,Festivals; Rituals; Sports competitions,Archery; Bowed string instruments; Costumes; Dance; Food customs; Handicrafts; Hats; Moral values; Nomads; Oral tradition; Throat singing; Wrestling,https://ich.unesco.org/en/RL/00395
fcf6d4d8-fed9-43c0-bd03-088324d157c0,444,2010,"Gagok, lyric song cycles accompanied by an orchestra",KR,RL,Representative List,Instrumental music; Vocal music,Aristocracy; Bowed string instruments; Cultural elite; Musical notation; Orchestras; Percussion instruments; Performers; Plucked string instruments; Poetry; Representative literary works; Talent; Woodwind instruments,https://ich.unesco.org/en/RL/00444
d95ad3ca-76d8-42d7-9c10-92d6946d2601,360,2010,Chant of the Sybil on Majorca,ES,RL,Representative List,Vocal music,Bladed weapons; Catholicism; Churches; Clergy; Costumes; Embroidery; Procession; Religious practice,https://ich.unesco.org/en/RL/00360
80807ce0-d286-4498-8e19-2ba84e8eb323,363,2010,Flamenco,ES,RL,Representative List,Dance; Instrumental music; Plucked string instruments; Vocal music,Body percussion; Churches; Emotions; Family; Festivals; Idiophones; Multiculturalism; Wedding; Work songs; Working class,https://ich.unesco.org/en/RL/00363
60d545ee-1950-42c5-aa06-58b85da19a70,1737,2025,Craft of making Đông Hồ Folk woodblock printings,VN,USL,Urgent Safeguarding List,Paper; Printing methods; Wood carving,Clans; Colours; Everyday life; Festivals; Natural pigments; New year; Oral tradition; Veneration of the dead,https://ich.unesco.org/en/USL/01737
5e2d6711-c2eb-4c9b-99cf-d1eaef308831,1975,2024,"Knowledge, beliefs and practices related to jang making in the Republic of Korea",KR,RL,Representative List,Fermentation; Food customs; Food preparation,Agricultural ritual; Dietetics; Drying; Family; Homemakers; Oral tradition,https://ich.unesco.org/en/RL/01975
69901a7a-cb0a-4883-a2b2-7d4eac49f55a,1847,2022,Quinchamalí and Santa Cruz de Cuca pottery,CL,USL,Urgent Safeguarding List,Ceramic art,Apprenticeship; Colonial history; Empowerment; Family; Handicrafts; Natural dyes; Sculpture; Social inclusion; Technical skills; Traditional tools; Women workers; Workshops (teaching method),https://ich.unesco.org/en/USL/01847
8a61946d-25fb-4f4a-8fa6-46f478225685,905,2013,"Chovqan, a traditional Karabakh horse-riding game in the Republic of Azerbaijan",AZ,USL,Urgent Safeguarding List,Equestrian games; Sports competitions,Costumes; Everyday life; Hats; Instrumental music; Leather; Nomads; Talent; Training,https://ich.unesco.org/en/USL/00905
c361b271-4ff8-40c1-b512-2cd8d70a132d,1969,2024,Reog Ponorogo performing art,ID,USL,Urgent Safeguarding List,Dance; Instrumental music; Masks; Theatrical performances,Costumes; Craft workers; Life cycle; Protection ritual; Ritual purification; Vocal music,https://ich.unesco.org/en/USL/01969
046648a6-c5e2-4864-9192-f960abcede66,863,2013,Nan Pa’ch ceremony,GT,USL,Urgent Safeguarding List,Agricultural ritual; Procession; Rituals,Cosmology; Dance; Family; Farmers; Food preparation; Godmother; Idiophones; Incense; Offering; Oral tradition; Percussion instruments; Religious practice; Religious syncretism; Ritual items; Textile arts,https://ich.unesco.org/en/USL/00863
22712c14-8da2-419f-8bd8-25c03f783a46,2307,2025,The social and cultural traditions associated with landships in Barbados,BB,USL,Urgent Safeguarding List,Financial aid; Fraternity; Self help; Solidarity,Armed forces; Capacity building; Colonial history; Community participation; Costumes; Instrumental music; Intergenerational relationship; International cooperation; Inventories; Procession; Slavery; Social inclusion,https://ich.unesco.org/en/USL/02307
0ff0889d-be60-436c-acff-0857fa161f68,2092,2025,Joropo in Venezuela,VE,RL,Representative List,Community participation; Dance; Festivity; Instrumental music,Costumes; Craft workers; Food preparation; Multiethnic societies; Oral tradition; Poetry; Vocal music,https://ich.unesco.org/en/RL/02092
ba7e0c71-4db2-415f-8a27-dd93ec99ff02,2128,2024,"Guarania, sound of Paraguayan soul",PY,RL,Representative List,Emotions; Indigenous languages; Instrumental music; Musicians; Vocal music,Everyday life; Moral values; Musical performances; Orchestras; Poetry,https://ich.unesco.org/en/RL/02128
b2cfe13b-114c-4226-9fd9-a115e9c39c3b,2079,2024,Equestrian art in Portugal,PT,RL,Representative List,Craft workers; Horse riding; Sports competitions,Animal genetics; Costumes; Fair; Family; Formal education; Technical skills; Veterinary medicine,https://ich.unesco.org/en/RL/02079
220b22f3-fab1-477c-828f-d13cc518bb7a,2267,2025,Behzad's style of miniature art,AF,RL,Representative List,Miniature paintings; Sufism,Art education; Collective memory; Design; Literature; Natural pigments; Symbols; Technical skills,https://ich.unesco.org/en/RL/02267
2f2cc5b9-24cc-4afa-aa33-7a201405444f,2243,2025,"Cuarteto: music, dance and lyrics in the city of Córdoba, Argentina",AR,RL,Representative List,Dance; Emotions; Instrumental music,Everyday life; Family; Percussion instruments; Social gathering; Social inclusion; Vocal music; Wind instruments,https://ich.unesco.org/en/RL/02243
9a5245bd-fd36-4358-8ca4-beded045acb0,1724,2022,Knowledge of the light rum masters,CU,RL,Representative List,Alcoholic beverages; Know-how transfer; Technical skills,Carnival; Colours; Dance; Food customs; Guild; Income; Manufacturing industry; Nonformal education; Oral tradition; Piracy; Science; Social gathering,https://ich.unesco.org/en/RL/01724
e028b170-f6e8-4141-bb0c-f993c305e5e5,2313,2025,Brussels' rod marionette tradition,BE,RL,Representative List,Popular theatre; Puppets; Technical skills,Costumes; Craft workers; Improvisation; Restoration; Satire; Story telling; Woodworking; Workshops (teaching method),https://ich.unesco.org/en/RL/02313
3930902e-4c9b-44c3-bec9-fc0398431442,2104,2024,Naïve painting practices of Kovačica,RS,RL,Representative List,Painting; Self instruction,Costumes; Creativity; Decorative arts; Everyday life; Family; Know-how transfer; Multiethnic societies; Social inclusion; Women workers,https://ich.unesco.org/en/RL/02104
5baa2663-e528-4cc4-90fe-5d07708a68f2,2112,2024,Tradition of Nabulsi soap making in Palestine,PS,RL,Representative List,Handicrafts; Hygiene; Soap,Cosmetics; Family; Income; Know-how transfer; Social inclusion; Technical skills; Traditional tools,https://ich.unesco.org/en/RL/02112
bf360457-28b2-4aec-b12d-59cdf44c7835,1858,2022,The practice of Modern Dance in Germany,DE,RL,Representative List,Aesthetics; Choreography; Dance; Technical skills,Anatomy; Creativity; Developmental psychology; Emotions; Gender equality; Health; Improvisation; Nonverbal communication; Physical education; Rights of the disabled; Social inclusion; Workshops (teaching method),https://ich.unesco.org/en/RL/01858
c94f665e-ff1a-40da-9974-7acf3fd8e0c3,1875,2024,Performing arts among the Twāyef of Ghbonten,TN,RL,Representative List,Performing arts; Poetry,Costumes; Dance; Festivals; Percussion instruments; Social inclusion; Stick; Vocal music; Wedding,https://ich.unesco.org/en/RL/01875
2f880200-ce8d-45b7-8bde-9e1f301b927d,1730,2022,Hungarian string band tradition,HU,RL,Representative List,Bowed string instruments; Festivity; Musical performances,Dance; Ethnographic museums; Family; Improvisation; Instrument making; Music education; Musical notation; Musicology; Nonformal education; Oral tradition; Procession; Social gathering; Sound recordings; Struck string instruments; Wood carving; Woodwind instruments,https://ich.unesco.org/en/RL/01730
4b2ae2b6-6295-4765-95d5-6efd3459ef4d,2283,2025,The zaffa in the traditional wedding,DJ; KM; AE; IQ; JO; MR; SO,RL,Representative List,Procession; Wedding,Costumes; Dance; Family role; Fertility ritual; Food preparation; Hospitality; Instrumental music; Jewelry; Ritual purification; Social inclusion; Vocal music,https://ich.unesco.org/en/RL/02283
f6b009ce-51ef-4113-a314-7e46b0e0858d,2278,2025,"Koshary, daily life dish and practices associated with it",EG,RL,Representative List,Dietetics; Food preparation,Everyday life; Family; Formal education; Mass media; Nutrition; Poor; Social inclusion; Technical skills,https://ich.unesco.org/en/RL/02278
e78afa4e-c649-48c6-bac0-57e0c98727ab,1855,2024,Mangwengwe dance,ZM,RL,Representative List,Costumes; Dance; Vocal music,Choreography; Community participation; Everyday life; Idiophones; Traditional tools; Weapons; Wind instruments,https://ich.unesco.org/en/RL/01855
0076ff08-3903-44f6-89a2-fdbcd744dd54,2335,2025,Georgian wheat culture: traditions and rituals,GE,RL,Representative List,Agricultural ritual; Food preparation; Traditional tools,Bread; Family role; Gender division of labour; Hospitality; Life cycle; Offering; Orthodox Churches; Solidarity; Spiritual knowledge,https://ich.unesco.org/en/RL/02335
c708a796-8b8e-4e00-88de-cf4466be2c0a,2139,2024,"The women’s ceremonial costume in the Eastern region of Algeria: knowledge and skills associated with the making and adornment of the Gandoura, the Melehfa, the Caftan, the Quat and the Lhef",DZ,RL,Representative List,Costumes; Embroidery; Jewelry,Apprenticeship; Craft workers; Family; Hats; Income; Social inclusion; Technical skills; Women workers,https://ich.unesco.org/en/RL/02139
1d9794aa-eb77-4230-b8f0-2a206d23ef12,2141,2025,Highlife music and dance,GH,RL,Representative List,Dance; Instrumental music; Vocal music,Apprenticeship; Disc recordings; Music education; Percussion instruments; Plucked string instruments; Social inclusion; Wind instruments,https://ich.unesco.org/en/RL/02141
992770bd-f97f-430a-b065-209c4087a3d3,1742,2022,"Talchum, mask dance drama in the Republic of Korea",KR,RL,Representative List,Dance; Masks; Theatre,Aristocracy; Audience participation; Buddhism; Costumes; Emotions; Festivals; Formal education; Handicrafts; Humour (literary); Improvisation; Moral values; Percussion instruments; Safeguarding practices; Satire; Social criticism; Vocal music; Womens participation; Wood carving,https://ich.unesco.org/en/RL/01742
39b876b8-14e5-4e75-bb34-620bca692b46,2249,2025,Swimming pool culture in Iceland,IS,RL,Representative List,Geothermal energy; Social inclusion; Swimming,Everyday life; Hygiene; Physical education; Socialization; Sports facilities; Well-being,https://ich.unesco.org/en/RL/02249
24d1675e-56d5-4113-a466-c789104423ca,2102,2024,Traditional ways of making Artisan Minas Cheese in Minas Gerais,BR,RL,Representative List,Food preparation; Technical skills,Contests; Family; Food customs; Hospitality; Income; Know-how transfer; Oral tradition; Social gathering; Social inclusion,https://ich.unesco.org/en/RL/02102
6d8481cb-5aaa-400a-9831-2d477f7915a4,2093,2025,"Italian cooking, between sustainability and biocultural diversity",IT,RL,Representative List,Food preparation; Food production; Technical skills,Cultural organizations; Everyday life; Family; Formal education; Hospitality; Immigration; Scientific publications; Social inclusion,https://ich.unesco.org/en/RL/02093
3288dcf1-5622-4a39-9f65-e0005b2f25cb,1857,2022,"Beekeeping in Slovenia, a way of life",SI,RL,Representative List,Agricultural training,Apprenticeship; Bread; Family; Folk literature; Food preparation; Formal education; Gender roles; Handicrafts; Income; International cooperation; Know-how transfer; Museums; Painting; Scientific publications; Smoke; Therapy; Wood carving,https://ich.unesco.org/en/RL/01857
a1d28944-03c8-4f59-b09b-652f02817865,2281,2025,"The Diwaniya, a unifying cultural practice in Kuwait",KW,RL,Representative List,Community participation; Cultural space; Social gathering,Customary law; Family; Games; Hospitality; Moral values; Politics; Social inclusion; Tribes,https://ich.unesco.org/en/RL/02281
350da937-3510-43af-8dbd-a78e6e5a87aa,1710,2022,"Harissa, knowledge, skills and culinary and social practices",TN,RL,Representative List,Food customs; Food preparation,Calendars; Carpets; Contests; Drying; Family; Festivals; Handicrafts; Jewelry; Nonformal education; Social gathering; Technical skills; Trade; Traditional tools; Women workers,https://ich.unesco.org/en/RL/01710
5ca13bf3-9c57-4d18-8c13-666c0eb8a08c,2272,2025,"Tsapiky, rhythm and musical style characteristic of the South-West region of Madagascar",MG,RL,Representative List,Dance; Instrumental music; Vocal music,Creativity; Everyday life; Family; Life cycle; Nonformal education; Percussion instruments; Plucked string instruments; Social inclusion; Trance,https://ich.unesco.org/en/RL/02272
30160170-7b5f-4408-ae85-73e535ef8b7a,2086,2024,Skills related to Attiéké production in Côte d’Ivoire,CI,RL,Representative List,Food preparation; Women workers,Basket weaving; Everyday life; Family education; Fermentation; Food customs; Income; Multiethnic societies,https://ich.unesco.org/en/RL/02086
21892983-5e4e-4a7f-b4fb-372154bf5c5f,2105,2024,Skills of Parisian zinc roofers and ornamentalists,FR,RL,Representative List,Art metalwork; Craft workers; Technical skills,Apprenticeship; Fraternity; Know-how transfer; Restoration; Safety measures; Structural elements (buildings); Vocational training,https://ich.unesco.org/en/RL/02105
17f3a899-b347-46b8-ab07-3dc10281b914,2233,2025,Bisht (men's Abaa): skills and practices,QA; BH; IQ; JO; KW; OM; SA; SY; AE,RL,Representative List,Costumes; Craft workers,Embroidery; Everyday life; Family; Life cycle; Pattern; Traditional tools; Weaving; Workshops (teaching method),https://ich.unesco.org/en/RL/02233
dca385eb-fc21-410a-827b-e111344958ba,1890,2022,Sericulture and traditional production of silk for weaving,AF; AZ; IR; TR; TJ; TM; UZ,RL,Representative List,Technical skills; Textile arts; Weaving,Apprenticeship; Family; Gender division of labour; Handicrafts; Income; Life cycle; Natural dyes; Social inclusion; Spinning,https://ich.unesco.org/en/RL/01890
234407cc-1b45-40cb-bbb7-cfc22cdf03ef,2262,2025,"Cobza, traditional knowledge, skills and music",RO; MD,RL,Representative List,Instrument making; Plucked string instruments; Vocal music,Apprenticeship; Community participation; Craft workers; Family; Knowledge; Music education; Social gathering; Technical skills,https://ich.unesco.org/en/RL/02262
64512ed2-c3d5-4fbe-826b-b0248c3a9f9f,2130,2024,Craftsmanship of traditional woven textile Kente,GH,RL,Representative List,Textile arts; Weaving,Apprenticeship; Creativity; Family; Gender division of labour; Income; Social gathering; Social inclusion; Technical skills,https://ich.unesco.org/en/RL/02130
a85b3932-7473-48a9-987c-233789556278,2309,2025,"Tchiloli, living theatre of Sao Tome and Principe in the quest of justice",ST,RL,Representative List,Historical reenactment; Legal procedure; Theatre,Audience participation; Costumes; Drama education; Family role; Instrumental music; Moral values; Offering; Peaceful coexistence; Right to justice,https://ich.unesco.org/en/RL/02309
46668ae6-2735-430a-a431-a8190cd729e2,2101,2024,"Messosporitissa Festivity (All-holy Mother of God of the Mid-Sowing Season Festivity), Feast of Our Lady at the Ancient Ruins",GR,RL,Representative List,Bread; Prosperity ritual; Religious practice,Christianity; Community participation; Family; Food preparation; Icons; Offering; Veneration of the dead,https://ich.unesco.org/en/RL/02101
8c38f3e8-0f4e-49f6-82eb-5ff84a896890,1892,2024,Csárdás dance tradition,HU,RL,Representative List,Costumes; Dance,Community participation; Emotions; Festivals; Formal education; Improvisation; Social inclusion; String instruments; Vocal music,https://ich.unesco.org/en/RL/01892
f5a1abb6-fa9d-43db-be8d-bf33e1d8217d,1703,2022,"Pehlevanliq culture: traditional zorkhana games, sports and wrestling",AZ,RL,Representative List,Physical education; Sports competitions; Traditional tools; Wrestling,Epic poetry; Games; Handicrafts; Instrumental music; Military education; Moral values; Music education; Stick; Weapons,https://ich.unesco.org/en/RL/01703
bead3bc0-2445-4e15-9e36-66a5a33a4fc9,2261,2025,Arabic Kohl,SY; IQ; JO; LY; OM; PS; SA; TN; AE,RL,Representative List,Cosmetics; Traditional medicine,Collective memory; Family; Handicrafts; Nomadism; Technical skills; Tribes; Womens participation; Workshops (teaching method),https://ich.unesco.org/en/RL/02261
86764d13-94c1-4d55-b058-9f6edcd3d439,2279,2025,"Al Ahalla, a living performing art in the United Arab Emirates",AE,RL,Representative List,Poetry; Stick; Vocal music,Family; Improvisation; Oral tradition; Social gathering; Training courses; Tribes,https://ich.unesco.org/en/RL/02279
1ec4fda3-da1e-42db-8fc1-0e0913eb8480,2085,2024,Myanmar traditional New Year Atā Thingyan festival,MM,RL,Representative List,Festivals; New year,Buddhism; Calendars; Contests; Dance; Prosperity ritual; Ritual purification; Social participation; Vocal music,https://ich.unesco.org/en/RL/02085
816ce867-d53a-4efd-8382-fc264643f1f1,2291,2025,"Washi, craftsmanship of traditional Japanese hand-made paper",JP,RL,Representative List,Paper; Paper technology; Technical skills,Architecture; Calligraphy; Craft workers; Drying; Family; Festivals; Sustainable development; Traditional tools,https://ich.unesco.org/en/RL/02291
624f5aa5-38f1-4892-8408-6882eb564a60,2114,2024,Traditional bagpipe (Gayda/Tulum) making and performing,MK; TR,RL,Representative List,Instrument making; Woodwind instruments,Apprenticeship; Craft workers; Dance; Emotions; Festivals; Music education; Social gathering; Social inclusion,https://ich.unesco.org/en/RL/02114
73f4141d-32ef-4dc3-9f98-0afd988a8b0d,2106,2024,"Art of dry stone construction, knowledge and techniques",HR; CY; FR; GR; IT; SI; ES; CH; AD; AT; BE; IE; LU,RL,Representative List,Building stones; Landscape design; Technical skills,Apprenticeship; Associations; Craft workers; Cultural cooperation; Disaster risk reduction; Oral tradition; Restoration; Traditional tools,https://ich.unesco.org/en/RL/02106
0010009c-4a0f-4159-b5f4-8d19e72c0ca2,2153,2024,"Traditional Li textile techniques: spinning, dyeing, weaving and embroidering",CN,RL,Representative List,Embroidery; Textile arts; Weaving,Natural dyes; Oral tradition; Pattern; Religious belief; Spinning; Technical skills; Women workers,https://ich.unesco.org/en/RL/02153
fe9472cb-be82-40b5-ab75-d6603b21b1b5,1468,2022,Strategy for safeguarding traditional crafts: The Bearers of Folk Craft Tradition programme,CZ,Art18,Register of Good Safeguarding Practices,Awards; Cultural policy; Cultural property preservation; Handicrafts,Apprenticeship; Cultural exhibitions; Documentation; Family; Natural dyes; Technical skills; Trademarks; Workshops (teaching method),https://ich.unesco.org/en/Art18/01468
f8753f6d-8784-42ba-bb7e-90521a4c2b05,2474,2025,Safeguarding programme for Hezhen Yimakan storytelling,CN,Art18,Register of Good Safeguarding Practices,Bard; Oral tradition; Story telling,Apprenticeship; Clans; Costumes; Epic poetry; Everyday life; Family; Improvisation; Local languages; Mythology; Percussion instruments; Prose; Religious belief; Shamanism; Vocal music,https://ich.unesco.org/en/Art18/02474
306181bf-fca5-43d6-a4a3-529f38a42288,2224,2025,Hezhen Yimakan storytelling,CN,RL,Representative List,Bard; Oral tradition; Story telling,Clans; Costumes; Epic poetry; Everyday life; Improvisation; Local languages; Mythology; Percussion instruments; Shamanism; Vocal music,https://ich.unesco.org/en/RL/02224
0757c111-b673-492b-b13e-0ff879712f17,1709,2022,"Tocatì, a shared programme for the safeguarding of traditional games and sports",IT; BE; HR; CY; FR,Art18,Register of Good Safeguarding Practices,Festivals; Games; Intercultural dialogue,Archive records; Handicrafts; Inventories; Leisure and education; Moral values; Museums; Nongovernmental organizations; Periodic element; Social inclusion; Workshops (teaching method),https://ich.unesco.org/en/Art18/01709
b97fdde7-8199-425a-8449-d5a77003cacb,2156,2024,Traditional design and practices for building Chinese wooden arch bridges,CN,RL,Representative List,Bridges; Building design; Woodworking,Apprenticeship; Clans; Craft workers; Mortise and tenon; Oral tradition; Technical skills; Temples; Traditional tools,https://ich.unesco.org/en/RL/02156
9369134f-e452-4934-8dbc-129c77a8cc8a,1848,2022,Portuguese-Galician border ICH: a safeguarding model created by Ponte...nas ondas!,PT; ES,Art18,Register of Good Safeguarding Practices,Boundaries; Educational programmes; Regional cooperation,Communication technology; Exchange of publications; Games; Handicrafts education; Inventories; Oral tradition; Performing arts; Social participation; Spoken language; Youth participation,https://ich.unesco.org/en/Art18/01848
be67c6bf-0508-49d1-b7ba-bf40f5884e0d,2107,2024,School of Crafts ÚĽUV,SK,Art18,Register of Good Safeguarding Practices,Handicrafts education; Information processing; Technical skills; Workshops (teaching method),Archives; Cultural exhibitions; Educational cooperation; Ethnology; Field work; Resources conservation; Scientific publications,https://ich.unesco.org/en/Art18/02107
3332aac9-6445-4399-91d0-1192c8775d6d,891,2013,"Practices and knowledge linked to the Imzad of the Tuareg communities of Algeria, Mali and Niger",DZ; ML; NE,RL,Representative List,Bowed string instruments; Vocal music; Womens participation,Divination; Emotions; Instrument making; Instrumental music; Mythology; Nomads; Oral tradition; Peace; Poetry; Ritual purification; Traditional medicine,https://ich.unesco.org/en/RL/00891
c87e3431-9330-4e50-a15c-113e8cddf3e8,602,2013,"Círio de Nazaré (The Taper of Our Lady of Nazareth) in the city of Belém, Pará",BR,RL,Representative List,Catholicism; Pilgrimages; Procession,Fair; Festivals; Float; Food customs; Handicrafts; Sculpture; Ships; Textile arts; Toys,https://ich.unesco.org/en/RL/00602
fee7ad84-4e26-4921-a643-74871af32037,749,2012,"Bigwala, gourd trumpet music and dance of the Busoga Kingdom in Uganda",UG,USL,Urgent Safeguarding List,Dance; Instrumental music; Woodwind instruments,Cultural events; Funeral; Monarchy; Oral history; Percussion instruments; Performing arts; Vocal music,https://ich.unesco.org/en/USL/00749
8d7eb718-ea47-48a4-82ab-cc48b96f7cca,853,2013,"Chinese Zhusuan, knowledge and practices of mathematical calculation through the abacus",CN,RL,Representative List,Mathematics; Traditional tools,Algorithms; Arithmetic; Calendars; Computers; Contests; Memorization; Mental development; Oral tradition; Poetry; Technical skills,https://ich.unesco.org/en/RL/00853
c1bdd39c-9719-4916-a664-b4f4a33c3c8d,509,2011,Saman dance,ID,USL,Urgent Safeguarding List,Body percussion; Dance; Vocal music,Choir singing; Choreography; Contests; Costumes; Embroidery; Emotions; Everyday life; Family; Friendship; Handicrafts; Humour (literary); Moral values; Oral tradition; Religious practice; Textile arts,https://ich.unesco.org/en/USL/00509
d67119b1-cac2-4223-913f-995ac5ad9fa9,843,2013,"Sankirtana, ritual singing, drumming and dancing of Manipur",IN,RL,Representative List,Dance; Rituals; Vocal music,Acrobatics; Festivals; Hinduism; Life cycle; Musical instruments; Mythology; Procession; Religious music; Story telling,https://ich.unesco.org/en/RL/00843
7be0b6c1-781a-4c8c-939f-8e06318a4955,543,2011,Folk long song performance technique of Limbe performances - circular breathing,MN,USL,Urgent Safeguarding List,Circular breathing; Vocal music; Woodwind instruments,Aesthetics; Bowed string instruments; Handicrafts; Instrumental music; Metalworking; Nomads; Talent; Technical skills; Training,https://ich.unesco.org/en/USL/00543
390e7225-ceeb-40b6-a683-4715199b42a7,721,2013,Celebrations of big shoulder-borne processional structures,IT,RL,Representative List,Procession; Religious practice,Catholicism; Costumes; Craft workers; Cultural events; Effigies; Guild; Instrumental music; Offering; Saints; Vocal music; Woodworking,https://ich.unesco.org/en/RL/00721
abec1c32-9d23-4f21-bec1-7b17a1e3098b,531,2011,"Esuwa, Harakbut sung prayers of Peru’s Wachiperi people",PE,USL,Urgent Safeguarding List,Nutrition; Rituals; Traditional medicine; Vocal music,Animism; Apprenticeship; Diseases; Fermented beverages; Initiation rites; Local languages; Mythology; Oral tradition; Religious belief; Social values; Spiritual knowledge,https://ich.unesco.org/en/USL/00531
c7edbdd0-3bfa-4344-aec2-52d6fce60969,881,2013,"Kimjang, making and sharing kimchi in the Republic of Korea",KR,RL,Representative List,Fermentation; Food preparation,Ceramic art; Family; Food customs; Homemakers,https://ich.unesco.org/en/RL/00881
2796889a-84b0-4be2-b061-d9efe9099002,865,2013,"Men’s group Colindat, Christmas-time ritual",MD; RO,RL,Representative List,Choir singing; Religious practice,Choreography; Christianity; Costumes; Dance; Epic poetry; Food; Musical instruments; Prosperity ritual; Single persons,https://ich.unesco.org/en/RL/00865
1ac2a060-39c8-4190-abca-49bdca5e3e9f,645,2013,Turkish coffee culture and tradition,TR,RL,Representative List,Beverages; Food preparation,Brewing; Ceramic art; Decorative arts; Divination; Food customs; Friendship; Furniture; Social capital; Wedding,https://ich.unesco.org/en/RL/00645
46759857-9f44-4ace-8b02-c32620ab325e,733,2013,Art of Đờn ca tài tử music and song in southern Viet Nam,VN,RL,Representative List,Instrumental music; Musical performances; Vocal music,Apprenticeship; Everyday life; Festivals; Folk art; Funeral; Handicrafts; Improvisation; Instrument making; Musical instruments; Oral tradition,https://ich.unesco.org/en/RL/00733
70f21c97-8119-4f1e-9ee7-748e48eea73d,1689,2021,"Cultural practices and expressions linked to the 'M’Bolon', a traditional musical percussion instrument",ML,USL,Urgent Safeguarding List,Musical instruments; Plucked string instruments,Dance; Entertainment; Funeral; Initiation rites; Moral education; Musical performances; Percussion instruments; Rituals; War; Wedding; Work songs,https://ich.unesco.org/en/USL/01689
a1a96da5-3727-4682-9614-bbeeec0b1602,1605,2020,Handmade weaving in Upper Egypt (Sa'eed),EG,USL,Urgent Safeguarding List,Embroidery; Textile arts; Weaving,Colloquial language; Craft workers; Decorative arts; Economic recession; Family; Gender division of labour; Income; Traditional tools,https://ich.unesco.org/en/USL/01605
565ccf5e-b159-4e81-978e-bc58bde871ae,1735,2021,Carolinian wayfinding and canoe making,FM,USL,Urgent Safeguarding List,Maritime transport; Navigation; Shipbuilding,Apprenticeship; Astronomy; Mathematics; Sailing; Woodworking,https://ich.unesco.org/en/USL/01735
df025932-2274-4655-a43a-0d8ec8e3d2dc,1540,2020,"Aboxan Musik ǀŌb ǂÂns tsî ǁKhasigu, ancestral musical sound knowledge and skills",NA,USL,Urgent Safeguarding List,Dance; Instrumental music; Vocal music,Costumes; Improvisation; Instrument making; Moral values; Nonformal education; Rituals; Social gathering; String instruments; Talent; Wedding; Wind instruments,https://ich.unesco.org/en/USL/01540
64911ee3-58a7-4ac9-93ff-d0fc144dc6ce,1477,2021,Grand Festival of Tarija,BO,RL,Representative List,Pilgrimages; Religious practice,Catholicism; Dance; Festivals; Health; Percussion instruments; Religious music; Saints; Vocal music; Woodwind instruments,https://ich.unesco.org/en/RL/01477
2be96a00-841c-44cc-b86d-2e5b808b3b39,967,2021,"Visoko multipart singing from Dolen and Satovcha, South-western Bulgaria",BG,RL,Representative List,Polyphonic singing; Vocal music,Women artists,https://ich.unesco.org/en/RL/00967
601c18c2-4aac-4e9f-af92-a5fcdff120b2,1568,2020,"Hawker culture in Singapore, community dining and culinary practices in a multicultural urban context",SG,RL,Representative List,Food preparation; Multiculturalism; Urban spaces,Creativity; Formal education; Income; Nonformal education; Oral tradition; Social gathering,https://ich.unesco.org/en/RL/01568
a0cc3724-5d76-4bea-b3cb-1b0bf4c77928,860,2020,Wine Horses,ES,RL,Representative List,Equestrian games; Festivals; Sports competitions,Alcoholic beverages; Costumes; Embroidery; Fraternity; Religious practice; Textile arts,https://ich.unesco.org/en/RL/00860
1307b560-d016-4f7e-af69-1c8c67887c08,1686,2021,Nordic clinker boat traditions,DK; FI; IS; NO; SE,RL,Representative List,Maritime transport; Sailing,Carpentry; Craft workers; Maritime museums; Navigation; Shipbuilding; Sport,https://ich.unesco.org/en/RL/01686
6ff6326b-600e-43f7-b945-3892d23ffa29,1978,2023,Art of Akhal-Teke horse breeding and traditions of horses' decoration,TM,RL,Representative List,,Apprenticeship; Beauty pageant; Equestrian games; Horse riding; Jewelry; Performing arts; Tribes; Wedding,https://ich.unesco.org/en/RL/01978
b5eec5ba-768e-4ea0-baa6-3ea9fff695c9,1567,2020,Budima dance,ZM,RL,Representative List,Armed forces; Bladed weapons; Ritual dance,Funeral; Idiophones; Initiation rites; Nonformal education; Percussion instruments; Performing arts; Stick; Veneration of the dead; Vocal music; Wedding; Woodwind instruments,https://ich.unesco.org/en/RL/01567
38a8aa6b-6e7e-4045-b693-eb9e5c0b2b64,1602,2020,"Knowledge, know-how and practices pertaining to the production and consumption of couscous",DZ; MR; MA; TN,RL,Representative List,Food preparation; Social inclusion,Ceramic art; Family; Festivals; Life cycle; Mill; Nonformal education; Offering; Rituals; Social gathering; Traditional tools; Wedding; Womens participation; Woodworking; Work songs,https://ich.unesco.org/en/RL/01602
d7b38036-f986-4ab9-82c3-f91dbef30a92,1967,2023,Tradition of blacksmithing in Gyumri,AM,RL,Representative List,Craft workers; Metalworking,Architecture; Creativity; Decorative arts; Everyday life; Family; Handicrafts education; Museums; Restoration; Technical skills; Traditional tools,https://ich.unesco.org/en/RL/01967
997ffdf5-4f56-425d-a76b-3c1dc43c919a,1511,2020,"Nar Bayrami, traditional pomegranate festivity and culture",AZ,RL,Representative List,Farmers; Festivals,Decorative arts; Fair; Family; Food preparation; Legends; Nonformal education; Proverbs; Story telling; Symbols,https://ich.unesco.org/en/RL/01511
5abf947b-d9c5-4efc-8766-9898f4cb3a20,1598,2020,Art of miniature,AZ; IR; TR; UZ,RL,Representative List,Artists; Books; Manuscripts; Miniature paintings,Ceramic art; Colours; Dyes technology; Formal education; Islam; Jewelry; Nonformal education; Paper; Social inclusion; Talent; Workshops (teaching method),https://ich.unesco.org/en/RL/01598
fcd7a93d-fb62-4ae8-a5d6-950a20e1bb97,1981,2023,Art of illumination: Təzhib/Tazhib/Zarhalkori/Tezhip/Naqqoshlik,AZ; IR; TJ; TR; UZ,RL,Representative List,Manuscripts; Miniature paintings; Technical skills,Apprenticeship; Calligraphy; Colours; Higher education; Natural pigments; Paper; Pattern; Restoration,https://ich.unesco.org/en/RL/01981
c9888034-f64d-4d58-833f-fa3ef386f485,1704,2023,Craftsmanship and performing art of balaban/mey,AZ; TR,RL,Representative List,Craft workers; Instrument making; Musical performances; Woodwind instruments,Apprenticeship; Bard; Circular breathing; Family; Festivals; Know-how transfer; Music education; Social participation,https://ich.unesco.org/en/RL/01704
791db1ad-76f1-4c90-bb77-c60a13a3af40,1589,2023,Rickshaws and rickshaw painting in Dhaka,BD,RL,Representative List,Craft workers; Painting; Urban transport; Vehicles,Apprenticeship; Colours; Decorative arts; Family; Festivals; Film industry; Folk art; Oral tradition; Pattern,https://ich.unesco.org/en/RL/01589
8d25b244-6efc-443d-8a3f-bc4f88d55639,1958,2023,"Ch'utillos, the Festival of San Bartolomé and San Ignacio de Loyola, the meeting of cultures in Potosí",BO,RL,Representative List,Festivals; Multiethnic societies; Religious practice,Colonial history; Costumes; Craft workers; Dance; Food customs; Gender division of labour; Orchestras; Religious syncretism; Saints,https://ich.unesco.org/en/RL/01958
96bbdc90-7a2c-44fe-98d5-29f15cfa2825,1955,2023,"Nguon, rituals of governance and associated expressions in the Bamoun community",CM,RL,Representative List,Monarchy; Rituals; Social participation,Family; Offering; Pilgrimages; Secret society; Social justice; Solidarity; Story telling; Traditional medicine; Tribes,https://ich.unesco.org/en/RL/01955
a293ec64-5ff7-4157-b0a2-9cb4d9fc91d1,1727,2021,Cultural Heritage of Boka Navy Kotor: a festive representation of a memory and cultural identity,ME,RL,Representative List,Historical reenactment; Maritime transport,Armed forces; Catholicism; Costumes; Dance; Flags; Fraternity; Orthodox Churches; Procession; Rituals; Sailing; Saints; Ships,https://ich.unesco.org/en/RL/01727
3d48128e-f684-44e4-a15b-75a5b32b6d6f,1968,2023,"Midwifery: knowledge, skills and practices",CO; CY; DE; KG; LU; NG; SI; TG,RL,Representative List,Birth; Maternal and child health; Paramedical personnel,Capacity building; Child rearing; Health education; Lifelong learning; Nonformal education; Pregnancy; Technical skills; Traditional medicine; Womens rights,https://ich.unesco.org/en/RL/01968
68243f4b-3921-4ef1-9982-4082fc30ad3c,1949,2023,Traditional skills of loincloth weaving in Côte d’Ivoire,CI,RL,Representative List,Costumes; Craft workers; Weaving,Family; Natural dyes; Oral tradition; Painting; Pattern; Social participation; Technical skills; Textile arts; Women workers,https://ich.unesco.org/en/RL/01949
a94d9af8-851b-4ce5-a0eb-66a2b180707a,1845,2023,Shuwalid festival,ET,RL,Representative List,Costumes; Festivals; Islam; Religious practice; Social participation,Family; Oral tradition; Peacebuilding; Percussion instruments; Pilgrimages; Temples; Vocal music,https://ich.unesco.org/en/RL/01845
b81c5f6c-f408-4b04-ada4-88b4769a4fe7,1972,2023,Jamu wellness culture,ID,RL,Representative List,Beverages; Food preparation; Health; Medical sciences,Family; Happiness; Holism; Nonformal education; Religious practice; Women workers,https://ich.unesco.org/en/RL/01972
c9979406-3461-4e87-b5b3-7261587a7171,1743,2021,Flower carpets tradition for Corpus Christi processions,PL,RL,Representative List,Catholicism; Procession,Carpets; Christianity; Colours; Community participation; Decorative arts; Festivals; Street art,https://ich.unesco.org/en/RL/01743
72716b18-b01e-4073-9470-cadbafeb5338,1980,2023,The practice of opera singing in Italy,IT,RL,Representative List,Opera; Technical skills; Vocal music,Acoustics; Building design; Costumes; Creativity; Emotions; Music education; Oral tradition; Performing arts,https://ich.unesco.org/en/RL/01980
52b54d36-0030-4929-ba30-b2a651db2c0b,1690,2021,Moutya,SC,RL,Representative List,Dance; Percussion instruments,Entertainment; Epic poetry; Improvisation; Instrument making; Slavery; Social criticism; Social gathering; Vocal music,https://ich.unesco.org/en/RL/01690
e8682c48-d848-4e67-b135-4a1f6f255287,1597,2020,"Traditional intelligence and strategy game: Togyzqumalaq, Toguz Korgool, Mangala/Göçürme",KZ; KG; TR,RL,Representative List,Games; Intelligence; Mental development,Algebra; Apprenticeship; Clubs; Competition; Creativity; Formal education; Handicrafts; Moral values; Nonformal education; Social inclusion,https://ich.unesco.org/en/RL/01597
a46e13bf-8690-4211-9e70-e0d1c016851b,2000,2023,"Al-Man’ouché, an emblematic culinary practice in Lebanon",LB,RL,Representative List,Bread; Food customs,Family; Gender division of labour; Income; Oven; Peer teaching; Religious practice,https://ich.unesco.org/en/RL/02000
bca4f47c-f573-4022-9be0-e75c3c37ab1d,1541,2020,"Art of crafting and playing Mbira/Sansi, the finger-plucking traditional musical instrument in Malawi and Zimbabwe",MW; ZW,RL,Representative List,Percussion instruments,Apprenticeship; Family; Fermented beverages; Funeral; Idiophones; Instrument making; Instrumental music; Moral education; Music education; Rituals; Traditional medicine; Veneration of the dead; Vocal music; Wedding,https://ich.unesco.org/en/RL/01541
0d1f4a0c-3b10-4fb4-90eb-fc5ec928dabc,1725,2021,Falak,TJ,RL,Representative List,Instrumental music; Vocal music,Apprenticeship; Dance; Festivals; Funeral; Language preservation; Percussion instruments; Poetry; Rituals; Social gathering; String instruments; Wind instruments; Work songs,https://ich.unesco.org/en/RL/01725
e442434a-db84-44e3-94af-c2328e98547c,1565,2021,Dutar making craftsmanship and traditional music performing art combined with singing,TM,RL,Representative List,Instrument making; Musical instruments,Apprenticeship; Entertainment; Epic poetry; Festivals; Handicrafts; Improvisation; Musical performances; Orchestras; Plucked string instruments; Social gathering; Vocal music; Woodworking,https://ich.unesco.org/en/RL/01565
5eef9948-72c2-4457-bbbc-148388aa6d3e,1682,2021,Festive cycle around the devotion and worship towards Saint John the Baptist,VE,RL,Representative List,Christianity,Catholicism; Colonial history; Dance; Effigies; Festivals; Offering; Percussion instruments; Procession; Religious syncretism; Resistance to oppression; Rituals; Saints; Slavery; Vocal music,https://ich.unesco.org/en/RL/01682
6873f70f-f914-42e6-9bdd-659079599ce9,1575,2021,Art of Xòe dance of the Tai people in Viet Nam,VN,RL,Representative List,Dance; Festivity,Communities; Cosmology; Feasts; Festivals; Musical performances; New year; Percussion instruments; Plucked string instruments; Seasonal ritual; Wedding; Wind instruments,https://ich.unesco.org/en/RL/01575
bff38619-c39a-4f6a-8d39-95a4cf1ef678,720,2014,Traditional agricultural practice of cultivating the ‘vite ad alberello’ (head-trained bush vines) of the community of Pantelleria,IT,RL,Representative List,Beverages,Family; Festivals; Rituals; Technical skills,https://ich.unesco.org/en/RL/00720
99fd54ab-2525-476a-aa80-7b63a7f4eb3b,1582,2020,"The Martinique yole, from construction to sailing practices, a model for heritage safeguarding",FR,Art18,Register of Good Safeguarding Practices,Sailing; Shipbuilding; Ships; Skills; Sports competitions,Apprenticeship; Community participation; Cultural events; Cultural organizations; Formal education; Know-how transfer; Scientific publications; Waste treatment; Weather forecasting,https://ich.unesco.org/en/Art18/01582
98fc4d2d-3008-4b8d-a687-b52c9942e1ab,1611,2020,"Polyphonic Caravan, researching, safeguarding and promoting the Epirus polyphonic song",GR,Art18,Register of Good Safeguarding Practices,Archives; Cultural organizations; Cultural property preservation; Festivals; Polyphonic singing,Audiovisual materials; Community participation; Documentation; Field work; Interdisciplinary approach; Interviews; Inventories; Nonformal education; Nongovernmental organizations; Performers; Periodicals; Recordings; Regional cooperation; Safeguarding practices; Workshops (teaching method),https://ich.unesco.org/en/Art18/01611
e12097d5-11b4-40ec-b343-4da2e74346ca,1739,2021,The School of Living Traditions (SLT),PH,Art18,Register of Good Safeguarding Practices,Cultural education; Vocal music,Basket weaving; Community education; Costumes; Cultural research; Dance; Embroidery; Festivals; Handicrafts; Instrument making; Language preservation; Legal systems; Metalworking; Multiethnic societies; Musical styles; Weaving; Wood carving,https://ich.unesco.org/en/Art18/01739
0a663de5-7020-4a84-94a6-5b5487e0a380,504,2011,Call for projects of the National Programme of Intangible Heritage,BR,Art18,Register of Good Safeguarding Practices,Cultural programmes; Safeguarding practices,Cultural property preservation; Databases; Development models; Ethnology; Inventories; Nongovernmental organizations; Social inclusion,https://ich.unesco.org/en/Art18/00504
aaa853ef-2054-4556-acf7-3d75d6ffa46a,511,2011,"Revitalization of the traditional craftsmanship of lime-making in Morón de la Frontera, Seville, Andalusia",ES,Art18,Register of Good Safeguarding Practices,Ethnographic museums; Safeguarding practices; Technical skills,Audiovisual materials; Craft workers; International cooperation; Know-how transfer,https://ich.unesco.org/en/Art18/00511
a974cfc4-0781-4d92-a910-d400e899c7cd,981,2014,Isukuti dance of Isukha and Idakho communities of Western Kenya,KE,USL,Urgent Safeguarding List,Dance; Percussion instruments,Birth; Clans; Communities; Costumes; Family; Friendship; Funeral; Idiophones; Initiation rites; Instrument making; Instrumental music; Moral values; Oral history; Peace; Raw materials; Religious practice; Symbols; Vocal music; Wedding; Wind instruments,https://ich.unesco.org/en/USL/00981
675ead2f-1db5-4708-ad9c-ded6c37a115a,983,2014,Mapoyo oral tradition and its symbolic reference points within their ancestral territory,VE,USL,Urgent Safeguarding List,Cultural space; Oral tradition,Animism; Architecture; Bladed weapons; Cosmology; Everyday life; Local languages; Mythology; Sacred sites; Spiritual knowledge; Story telling; Symbols; Technical skills; Traditional medicine; Veneration of the dead; Woodworking,https://ich.unesco.org/en/USL/00983
19efba82-b9b2-4bd1-ab49-ba08627c4ad4,669,2014,"Traditional art and symbolism of Kelaghayi, making and wearing women’s silk headscarves",AZ,RL,Representative List,Textile arts; Weaving,Apprenticeship; Clothing; Craft workers; Family; Illustration printing; Inks; Natural dyes; Pattern; Symbols,https://ich.unesco.org/en/RL/00669
fbf63369-821a-4b8f-87d0-bb852970c8d5,892,2014,Capoeira circle,BR,RL,Representative List,Dance; Martial arts; Sport,Acrobatics; Cultural discrimination; Ethics; Improvisation; Instrumental music; Musical instruments; Resistance to oppression; Rituals; Slavery; Social inclusion; Vocal music,https://ich.unesco.org/en/RL/00892
1e58bdf5-0be3-4669-bab5-e33483054356,989,2014,Ritual dance of the royal drum,BI,RL,Representative List,Percussion instruments; Ritual dance; Vocal music,Acrobatics; Apprenticeship; Aristocracy; Epic poetry; Instrument making; Instrumental music; Religious practice; Ritual items; Ritual purification; Veneration of the dead,https://ich.unesco.org/en/RL/00989
dbbef2af-8d0e-4799-826d-9f6567d5365d,914,2014,Arirang folk song in the Democratic People’s Republic of Korea,KP,RL,Representative List,Performing arts; Vocal music,Costumes; Dance; Emotions; Family; Festivals; Folk literature; Improvisation; Oral tradition; Orchestras; Wedding,https://ich.unesco.org/en/RL/00914
1671c0fa-6d79-4f92-9388-1b4aaf36bc95,951,2014,Smoke sauna tradition in Võromaa,EE,RL,Representative List,Architecture; Heating; Smoke,Food preparation; Hygiene; Ritual purification; Traditional medicine; Veneration of the dead,https://ich.unesco.org/en/RL/00951
ee73f0ee-9e64-4ce8-b607-0fed4fd33598,993,2014,Know-how of cultivating mastic on the island of Chios,GR,RL,Representative List,Food customs,Family; Gender division of labour; Oral tradition; Religious belief; Story telling; Traditional medicine; Work songs,https://ich.unesco.org/en/RL/00993
771e9018-9dd2-445d-9b42-10b34c07f96f,1004,2014,Coming forth of the masks and puppets in Markala,ML,RL,Representative List,Initiation rites; Masks; Puppets,Conflict resolution; Costumes; Moral values; Multiethnic societies; Offering; Percussion instruments; Ritual dance; Sacred sites; Vocal music; Woodworking,https://ich.unesco.org/en/RL/01004
330ed455-c6c8-41c9-b0bc-0f7246e4c692,956,2014,Festivity of Virgen de la Candelaria of Puno,PE,RL,Representative List,Festivals; Procession; Religious practice,Catholicism; Contests; Costumes; Dance; Handicrafts; Instrumental music; Masks; Offering; Orchestras; Religious syncretism,https://ich.unesco.org/en/RL/00956
b779087a-83cb-492b-8471-5a65a093de9c,1007,2014,"Cante Alentejano, polyphonic singing from Alentejo, southern Portugal",PT,RL,Representative List,Polyphonic singing; Working class,Choir singing; Costumes; Emotions; Family; Mining; Poetry; Religions; Rural sociology; Social inclusion; Work songs,https://ich.unesco.org/en/RL/01007
b14f5863-65a7-4baf-8720-8ccb216967aa,971,2014,"Askiya, the art of wit",UZ,RL,Representative List,Contests; Humour (literary); Intelligence,Everyday life; Family; Festivals; Folk art; Improvisation; Oral expression; Oral tradition; Peace; Talent,https://ich.unesco.org/en/RL/00971
c2228931-a468-4958-8d4c-2471cb916392,1274,2018,Knowledge and skills of the water measurers of the foggaras or water bailiffs of Touat and Tidikelt,DZ,USL,Urgent Safeguarding List,Hydrological measurement; Technical skills,Calculus; Traditional tools; Water supply; Wells,https://ich.unesco.org/en/USL/01274
14ef7828-73e5-4872-98f4-a4caf2c11f77,1061,2015,Coaxing ritual for camels,MN,USL,Urgent Safeguarding List,Agricultural ritual; Vocal music,Animism; Bowed string instruments; Buddhism; Emotions; Family; Instrumental music; Mothers; Nomads; Orphans; Social capital; Talent; Woodwind instruments,https://ich.unesco.org/en/USL/01061
86bf04b3-880e-4b06-8c3f-f2f5ba52e100,1065,2015,Manufacture of cowbells,PT,USL,Urgent Safeguarding List,Idiophones; Metalworking,Cooling; Craft workers; Family; Industrial products; Nonformal education; Technical skills,https://ich.unesco.org/en/USL/01065
c1d79cb0-2690-4a10-bf57-c9b7f16048a2,1104,2015,"Glasoechko, male two-part singing in Dolni Polog",MK,USL,Urgent Safeguarding List,Duet; Polyphonic singing; Vocal music,Apprenticeship; Costumes; Multiethnic societies; Oral tradition; Post-conflict; Social gathering; Talent; Wedding; Wind instruments; Woodwind instruments; Work songs,https://ich.unesco.org/en/USL/01104
e7d55db6-5af0-4338-8461-00e1629d91c9,911,2015,"Koogere oral tradition of the Basongora, Banyabindi and Batooro peoples",UG,USL,Urgent Safeguarding List,Historical reenactment; Oral tradition; Story telling,Instrumental music; Local languages; Magic; Matriarchy; Multiethnic societies; Musical instruments; Poetry; Proverbs; Social values; Spiritual knowledge; Vocal music; Wisdom; Women in politics; Work songs,https://ich.unesco.org/en/USL/00911
68f711e7-fb01-4ae6-b813-4c8946115252,1513,2019,Armenian letter art and its cultural expressions,AM,RL,Representative List,Alphabets; Calligraphy; Technical skills,Carpets; Handicrafts; Jewelry; Legendary creatures; Miniature paintings; Sculpture; Woodworking,https://ich.unesco.org/en/RL/01513
cf0f832a-5b20-4d09-addb-0b3da4c54daf,1389,2019,The festival of the Santísima Trinidad del Señor Jesús del Gran Poder in the city of La Paz,BO,RL,Representative List,Procession; Religious practice; Religious syncretism,Christianity; Costumes; Craft workers; Dance; Embroidery; Fraternity; Incense; Jewelry; Offering; Sculpture; Vocal music,https://ich.unesco.org/en/RL/01389
c8be80e2-c081-45f5-8167-17294b1b791d,1510,2019,Cultural Complex of Bumba-meu-boi from Maranhão,BR,RL,Representative List,Religious practice; Religious syncretism,Carnival; Choreography; Christianity; Cosmology; Costumes; Embroidery; Handicrafts; Instrumental music; Veneration of the dead,https://ich.unesco.org/en/RL/01510
d1714288-a379-4e76-a6ce-ede82a740526,647,2016,"The Twenty-Four Solar Terms, knowledge in China of time and practices developed through observation of the sun’s annual motion",CN,RL,Representative List,Calendars; Technical skills,Agricultural ritual; Arithmetic; Astronomy; Festivals; Holism; Meteorology; Observation; Proverbs; Traditional medicine,https://ich.unesco.org/en/RL/00647
eb0e4216-ca81-4f6e-a06f-0f4cf7c429b6,1162,2016,Music and dance of the merengue in the Dominican Republic,DO,RL,Representative List,Dance; Instrumental music,Emotions; Everyday life; Farmers; Instrument making; Musicology; Orchestras; Poor; Social gathering; Urban spaces; Vocal music,https://ich.unesco.org/en/RL/01162
0d4c046e-77f4-434b-ae9b-314d14212592,1514,2019,Music and dance of Dominican Bachata,DO,RL,Representative List,Dance; Social gathering; Vocal music,Choreography; Colonial history; Emotions; Instrumental music; Oral tradition; Percussion instruments; Plucked string instruments; Slavery; Social inclusion; Talent,https://ich.unesco.org/en/RL/01514
d436b3f9-2253-4ec5-81ac-88c6855cebcd,1189,2016,"Tahteeb, stick game",EG,RL,Representative List,Games; Sports competitions,Apprenticeship; Choreography; Family; Friendship; Instrumental music; Martial arts; Moral values; Percussion instruments; Performing arts; Stick; Woodwind instruments,https://ich.unesco.org/en/RL/01189
c52b11e2-22bf-48ec-a554-f458d59c1417,1207,2018,"The skills related to perfume in Pays de Grasse: the cultivation of perfume plants, the knowledge and processing of natural raw materials, and the art of perfume composition",FR,RL,Representative List,Luxury industry; Technical skills,Chemical technology; Craft workers; Creativity; Meteorology; Nonformal education; Raw materials; Sensory systems; Talent,https://ich.unesco.org/en/RL/01207
4d9f393e-899f-487c-8147-4320e6c56c3f,1391,2019,Traditions of Pencak Silat,ID,RL,Representative List,Instrument making; Martial arts; Sports competitions,Apprenticeship; Bladed weapons; Choreography; Health; Holism; Moral values; Nonformal education; Sports equipement,https://ich.unesco.org/en/RL/01391
98b8a43c-2200-4f16-82cd-bc904ddda4d9,1371,2018,"Chidaoba, wrestling in Georgia",GE,RL,Representative List,Instrumental music; Martial arts; Wrestling,Costumes; Dance; Moral values; Percussion instruments; Sports competitions; Woodwind instruments,https://ich.unesco.org/en/RL/01371
5307f31e-6203-4d91-a033-92b84ca602df,1103,2015,Tinian marble craftsmanship,GR,RL,Representative List,Craft workers; Sculpture,Apprenticeship; Decorative arts; Drawing; Metalworking; Pattern; Religious belief; Restoration; Traditional tools,https://ich.unesco.org/en/RL/01103
f81acc00-2d80-4fcb-b177-01bc52cf3100,1276,2019,Celestinian forgiveness celebration,IT,RL,Representative List,Procession; Religious practice,Costumes; Culture of peace; Flags; Historical reenactment; Hospitality; Percussion instruments; Woodwind instruments,https://ich.unesco.org/en/RL/01276
c8880a92-de9b-4eb3-8e47-2b879d395898,1384,2019,"Nuad Thai, traditional Thai massage",TH,RL,Representative List,Health; Traditional medicine,Apprenticeship; Buddhism; Traditional tools; Training courses,https://ich.unesco.org/en/RL/01384
90d09c64-c15e-43e2-9823-3124f8a0f08c,1178,2016,"Bhojpuri folk songs in Mauritius, Geet-Gawai",MU,RL,Representative List,Dance; Instrumental music; Vocal music; Wedding,Body percussion; Caste; Costumes; Family; Hinduism; Musical instruments; Rituals; Social inclusion,https://ich.unesco.org/en/RL/01178
aeb47792-aef2-4298-a68a-d1587f1573df,1270,2017,"Kolo, traditional folk dance",RS,RL,Representative List,Dance; Instrumental music,Choreography; Contests; Costumes; Feasts; Festivals; Socio-cultural practices,https://ich.unesco.org/en/RL/01270
e10d6b0e-7451-4e96-8174-664b007b86f0,1293,2018,"Mwinoghe, joyous dance",MW,RL,Representative List,Choreography; Dance,Costumes; Cultural events; Festivals; Instrumental music; Percussion instruments,https://ich.unesco.org/en/RL/01293
ec5a57f7-197d-469f-b3dd-550d78000383,1172,2019,Traditional technique of making Airag in Khokhuur and its associated customs,MN,RL,Representative List,Fermented beverages,Dietetics; Food preparation; Handicrafts; Nomads; Offering; Woodworking,https://ich.unesco.org/en/RL/01172
211f54b0-dcc2-4237-8441-fe3ba6a45ae9,683,2019,Kwagh-Hir theatrical performance,NG,RL,Representative List,Costumes; Masks; Theatre,AIDS education; Cosmology; Dance; Drama education; Moral values; Percussion instruments; Puppets; Story telling; Wood carving; Woodwind instruments,https://ich.unesco.org/en/RL/00683
c0342f6e-6550-4c12-9322-8d8af83add63,1028,2015,Epic art of Gorogly,TM,RL,Representative List,Epic poetry; Oral tradition; Vocal music,Bard; Cultural events; Festivals; Improvisation; Knights; Moral values; Mythology; Story telling; String instruments,https://ich.unesco.org/en/RL/01028
d7d5932f-7ecb-4744-871d-0c6e1c1caf65,1499,2019,"'Ie Samoa, fine mat and its cultural value",WS,RL,Representative List,Craft workers; Weaving,Aristocracy; Conflict resolution; Dance; Family; Funeral; Nonformal education; Social gathering; Social inclusion; Technical skills; Wedding,https://ich.unesco.org/en/RL/01499
6944fb7c-379b-4c90-a7f1-9d6b2a3dbed7,1377,2018,Singing to the accompaniment of the Gusle,RS,RL,Representative List,Bowed string instruments; Epic poetry; Vocal music,Bard; Humour (literary); Improvisation; Instrument making; Instrumental music; Mythology; Performing arts; Talent; Wood carving,https://ich.unesco.org/en/RL/01377
33444f1f-85e1-45ad-bdb4-9a8bc05c8e9c,1201,2016,Winegrowers’ Festival in Vevey,CH,RL,Representative List,Festivals; Performing arts,Alcoholic beverages; Contests; Costumes; Craft workers; Family; Farmers; Friendship; Instrumental music; Procession; Vocal music; Volunteers,https://ich.unesco.org/en/RL/01201
07a65a06-5501-43d8-895c-47e067adeef9,668,2012,Rites and craftsmanship associated with the wedding costume tradition of Tlemcen,DZ,RL,Representative List,Rituals; Wedding; Women,Body painting; Costumes; Dance; Embroidery; Family; Handicrafts; Hats; Instrumental music; Jewelry; Makeup; Weaving,https://ich.unesco.org/en/RL/00668
ae56e81b-3269-4b0c-a7f2-12b75c04e87a,1208,2018,Tamboradas drum-playing rituals,ES,RL,Representative List,Percussion instruments; Procession; Religious practice,Costumes; Festivals; Instrument making; Nonformal education; Rituals; Urban spaces,https://ich.unesco.org/en/RL/01208
cd5cdd85-931e-4ab0-b32d-79495472fb0d,1191,2016,"Oshi Palav, a traditional meal and its social and cultural contexts in Tajikistan",TJ,RL,Representative List,Food preparation,Apprenticeship; Conflict resolution; Folk literature; Friendship; Hospitality; Instrumental music; Rituals; Socio-cultural practices,https://ich.unesco.org/en/RL/01191
7c86484b-15e7-4ac2-ba69-4d4ce246c173,603,2012,"Frevo, performing arts of the Carnival of Recife",BR,RL,Representative List,Carnival; Dance; Instrumental music,Acrobatics; Choreography; Costumes; Cultural organizations; Fanfare; Handicrafts; Improvisation; Procession; Religious belief,https://ich.unesco.org/en/RL/00603
6e49c527-6c0b-45c5-a440-37bb32898f2c,1397,2018,"Chakan, embroidery art in the Republic of Tajikistan",TJ,RL,Representative List,Costumes; Decorative arts; Embroidery,Colours; Craft workers; Needle; Pattern; Symbols; Technical skills; Textile arts; Wedding; Women workers,https://ich.unesco.org/en/RL/01397
6398b611-55d0-4ead-a880-32639ca8bf2a,1385,2018,"Khon, masked dance drama in Thailand",TH,RL,Representative List,Dance; Drama; Masks,Choreography; Costumes; Craft workers; Hinduism; Instrumental music; Makeup; Martial arts; Mythology; Orchestras; Performing arts; Poetry; Shadow play; Talent; Textile arts; Vocal music,https://ich.unesco.org/en/RL/01385
b45a180d-65f9-40d8-9476-6b706a5acc69,1406,2018,Pottery skills of the women of Sejnane,TN,RL,Representative List,Ceramic art; Pattern; Women workers,Decorative arts; Effigies; Handicrafts; Kiln; Natural dyes; Nonformal education; Tattoo; Technical skills; Traditional tools,https://ich.unesco.org/en/RL/01406
87d54216-4c74-485e-a238-e88158a71895,633,2012,"Folk art of the Matyó, embroidery of a traditional community",HU,RL,Representative List,Costumes; Embroidery,Architecture; Clans; Dance; Folk art; Food preparation; Furniture; Handicrafts; Instrumental music; Painting; Pattern,https://ich.unesco.org/en/RL/00633
5921e056-c9db-49a6-9e19-e02f9895efda,1486,2019,Traditional turkmen carpet making art in Turkmenistan,TM,RL,Representative List,Carpets; Craft workers; Weaving,Colours; Geometry; Knot; Natural dyes; Oral tradition; Pattern; Technical skills; Traditional tools; Wedding,https://ich.unesco.org/en/RL/01486
48f001fd-f710-4556-a371-3d9b54e79ec0,1372,2018,Mooba dance of the Lenje ethnic group of Central Province of Zambia,ZM,RL,Representative List,Instrumental music; Ritual dance; Trance,Costumes; Handicrafts; Idiophones; Percussion instruments; Religious practice; Ritual items; Stick; Traditional medicine; Veneration of the dead; Vocal music,https://ich.unesco.org/en/RL/01372
32dfc001-729d-4abb-8dab-c85d3866c5df,1364,2019,"Khorazm dance, Lazgi",UZ,RL,Representative List,Dance; Improvisation; Instrumental music,Body percussion; Costumes; Emotions; Holidays; Social gathering; Vocal music,https://ich.unesco.org/en/RL/01364
3fff65af-bc6c-4768-94cc-27fda4d71f8e,1533,2018,Traditional Korean wrestling (Ssirum/Ssireum),KP; KR,RL,Representative List,Games; Sports competitions; Wrestling,Agricultural ritual; Holidays; Physical education; Talent,https://ich.unesco.org/en/RL/01533
3f46aa05-0972-498d-b4e0-d50e25ab2cc7,1480,2019,Safeguarding strategy of traditional crafts for peace building,CO,Art18,Register of Good Safeguarding Practices,Development programmes; Handicrafts; Technical skills,Apprenticeship; Disadvantaged groups; Handicrafts education; Instrument making; Peacebuilding; Retraining; Safeguarding practices,https://ich.unesco.org/en/Art18/01480
847fe09f-6d76-490f-a756-c2dbf5b7a5c0,1392,2018,"Land-of-Legends programme, for promoting and revitalizing the art of storytelling in Kronoberg Region",SE,Art18,Register of Good Safeguarding Practices,Cultural programmes; Oral tradition; Story telling,Festivals; Games; Instrumental music; Legends; Museums; Performing arts; Teacher education; Workshops (teaching method); Youth activities,https://ich.unesco.org/en/Art18/01392
e46fccc7-d773-4e15-bfd4-54954fc08a6a,1464,2019,Biocultural programme for the safeguarding of the tradition of the Blessed Palm in Venezuela,VE,Art18,Register of Good Safeguarding Practices,,Educational projects; Religious practice; Training courses; Volunteers,https://ich.unesco.org/en/Art18/01464
5b28b861-7cfd-41aa-a268-b004c4053de2,970,2016,Festival of folklore in Koprivshtitsa: a system of practices for heritage presentation and transmission,BG,Art18,Register of Good Safeguarding Practices,Festivals; Safeguarding practices,Architecture; Archive records; Bowed string instruments; Costumes; Craft workers; Cultural policy; Dance; Ethnographic museums; Firewalking; Idiophones; Instrumental music; Masks; National broadcasting; Percussion instruments; Performers; Polyphonic singing; Rituals; Scientific publications; Sport; Story telling; Traditional medicine; Vocal music; Wind instruments,https://ich.unesco.org/en/Art18/00970
ed82f85e-d5c3-4edb-9a7b-2c6a328dbe9c,640,2012,"Festival of Saint Francis of Assisi, Quibdó",CO,RL,Representative List,Festivals; Procession; Saints,Catholicism; Costumes; Craft workers; Fanfare; Flags; Float; Handicrafts; Religious practice; Religious syncretism; Ships; Slavery,https://ich.unesco.org/en/RL/00640
627d0629-3164-482e-833d-ea79664f1437,413,2012,"Nachi no Dengaku, a religious performing art held at the Nachi fire festival",JP,RL,Representative List,Festivals; Ritual dance; Sacred sites,Agricultural ritual; Costumes; Musical instruments; Performing arts; Pilgrimages; Temples; Theatre,https://ich.unesco.org/en/RL/00413
a995f409-61e5-4b3f-bb1f-24d668ab72d8,846,2012,Fiesta of the patios in Cordova,ES,RL,Representative List,Festivals,Architecture; Dance; Food customs; Friendship; Houses; Instrumental music; Urban spaces; Vocal music,https://ich.unesco.org/en/RL/00846
db0bc527-f920-406a-aef1-1490dabbdfe9,642,2012,Mesir Macunu festival,TR,RL,Representative List,Festivals; Procession; Traditional medicine,Costumes; Dance; Food preparation; Historical reenactment; Islam; Mosques; Orchestras; Pilgrimages; Prosperity ritual,https://ich.unesco.org/en/RL/00642
31a24b0f-0f75-44d6-a2a2-5bfca3509758,223,2009,Chinese traditional architectural craftsmanship for timber-framed structures,CN,RL,Representative List,Architecture; Technical skills; Woodworking,Apprenticeship; Calendars; Carpentry; Craft workers; Earthquake engineering; Oral tradition; Palaces; Prosperity ritual; Religious practice; Social values; Structural elements (buildings); Temples; Wood carving,https://ich.unesco.org/en/RL/00223
c79b6f65-7589-4297-b18f-62037c109efb,639,2012,Venezuela's Dancing Devils of Corpus Christi,VE,RL,Representative List,Dance; Festivals; Religious practice,Catholicism; Colonial history; Costumes; Fraternity; Handicrafts; Legendary creatures; Masks; Musical instruments; Procession,https://ich.unesco.org/en/RL/00639
3b2b4ac3-0b0f-4b09-aafe-03b137678eb4,871,2017,Mongolian traditional practices of worshipping the sacred sites,MN,USL,Urgent Safeguarding List,Religious practice; Sacred sites,Archery; Buddhism; Cultural space; Dance; Equestrian games; Food customs; Instrumental music; Nomads; Offering; Rituals; Shamanism; Social inclusion; Spiritual knowledge; Vocal music; Wrestling,https://ich.unesco.org/en/USL/00871
9362a3f1-abcf-4538-b424-0cfa53693a76,1288,2017,Konjic woodcarving,BA,RL,Representative List,Furniture; Wood carving,Decorative arts; Everyday life; Handicrafts; Intercultural dialogue; Interior architecture; Pattern; Technical skills,https://ich.unesco.org/en/RL/01288
4733c4f8-452e-4268-a180-82a3053a2a1d,1287,2017,Cultural practices associated to the 1st of March,BG; MK; MD; RO,RL,Representative List,Seasonal ritual; Weaving,Colours; Fertility ritual; Prosperity ritual; Ritual purification; Symbols; Wedding,https://ich.unesco.org/en/RL/01287
c87c21c4-7000-49ff-8204-798ad274c1a1,1277,2017,Organ craftsmanship and music,DE,RL,Representative List,Instrument making; Technical skills; Wind instruments,Architecture; Catholicism; Churches; Craft workers; Handicrafts; Improvisation; Instrumental music; Interfaith practices; Protestantism; Religious music,https://ich.unesco.org/en/RL/01277
5b817f74-d40c-47b5-9815-ff315a1b5ec8,1291,2017,Rebetiko,GR,RL,Representative List,Plucked string instruments; Vocal music,Dance; Disc recordings; Friendship; Instrument making; Musical performances; Oral tradition; Working class,https://ich.unesco.org/en/RL/01291
fa137eab-4209-4fcc-ba9c-87810159037e,1197,2017,"Pinisi, art of boatbuilding in South Sulawesi",ID,RL,Representative List,Shipbuilding; Technical skills,Apprenticeship; Carpentry; Economic resources; Handicrafts; Navigation; Nonformal education; Sailing; Woodworking,https://ich.unesco.org/en/RL/01197
aaefb3ab-6bbf-4cc4-82e5-3e9a152a4f6c,1286,2017,"Art of crafting and playing with Kamantcheh/Kamancha, a bowed string musical instrument",AZ; IR,RL,Representative List,Bowed string instruments; Instrument making,Craft workers; Epic poetry; Feasts; Instrumental music; Oral tradition,https://ich.unesco.org/en/RL/01286
4fc3904e-eef9-437a-bd78-725d6b6d2184,1294,2017,"Kok boru, traditional horse game",KG,RL,Representative List,Equestrian games; Sports competitions,Athletes; Games; Physical education,https://ich.unesco.org/en/RL/01294
ceadf5a9-38aa-4470-ad51-0d917e3dc53e,1296,2017,Khaen music of the Lao people,LA,RL,Representative List,Instrumental music; Vocal music; Wind instruments,Dance; Family; Instrument making; Nonformal education; Performing arts; Socio-cultural practices,https://ich.unesco.org/en/RL/01296
afc00da2-2773-44c0-9194-4aa9fa8df2d3,1257,2017,Sega tambour of Rodrigues Island,MU,RL,Representative List,Dance; Instrumental music; Percussion instruments; Vocal music,Colonial history; Conflict resolution; Contests; Feasts; Instrument making; Interpersonal communication; Nonformal education; Slavery; Social inclusion,https://ich.unesco.org/en/RL/01257
c79cff7d-0a73-4afd-80ee-44e48f370316,1265,2017,Craft of the miller operating windmills and watermills,NL,RL,Representative List,Craft workers; Food processing; Technical skills,Drainage; Flour; Handicrafts; Hydraulic engineering; Mill,https://ich.unesco.org/en/RL/01265
162c350b-0ea9-4902-8327-15914a17a1f9,1261,2017,"Al-Qatt Al-Asiri, female traditional interior wall decoration in Asir, Saudi Arabia",SA,RL,Representative List,Interior architecture; Painting,Colours; Decorative arts; Handicrafts; Houses; Murals; Natural dyes; Natural pigments; Technical skills; Women artists,https://ich.unesco.org/en/RL/01261
26616279-532a-4884-a3a4-ea51e936bfb9,1278,2017,Door-to-door rounds of Kurenti,SI,RL,Representative List,Costumes; Procession; Prosperity ritual,Carnival; Christianity; Food customs; Idiophones; Masks; Ritual purification; Rural environment,https://ich.unesco.org/en/RL/01278
79915a07-7561-425e-9bc2-88247e4c9ee3,1259,2017,Kushtdepdi rite of singing and dancing,TM,RL,Representative List,Dance; Prosperity ritual; Vocal music,Costumes; Feasts; Festivals; Improvisation; Oral tradition; Poetry; Ritual purification; Wedding,https://ich.unesco.org/en/RL/01259
2aceb7ef-3cf3-4b68-a5e4-8612fe45c2e1,229,2009,China engraved block printing technique,CN,RL,Representative List,Engraving; Printing methods; Technical skills; Wood carving,Apprenticeship; Binding; Book industry; Buddhism; Craft workers; Drawing; Illustration printing; Inks; Natural pigments; Paper; Representative literary works; Textile arts; Traditional tools; Woodworking,https://ich.unesco.org/en/RL/00229
40b22b92-10e5-40aa-a0b7-7ff6b46d4583,216,2009,Chinese calligraphy,CN,RL,Representative List,Calligraphy; Handwriting,Aesthetic education; Ceramic art; Correspondence; Cultural elite; Emotions; Engraving; Funeral; Handicrafts; Inks; Official publications; Philosophy; Representative literary works; Rituals; Textile arts; Wedding; Wood carving,https://ich.unesco.org/en/RL/00216
82c294d9-23f5-49ea-822b-70ad3ca264bb,421,2011,Chinese shadow puppetry,CN,RL,Representative List,Instrumental music; Shadow play; Theatre,Craft workers; Festivals; Handicrafts; Improvisation; Leather; Musical instruments; Oral tradition; Painting; Paper; Poetry; Religious belief; Representative literary works; Traditional tools; Vocal music,https://ich.unesco.org/en/RL/00421
c7353b0e-41f7-40cb-b25a-fe3d76b3d344,225,2009,Dragon Boat festival,CN,RL,Representative List,Festivals; Legendary creatures; Ships,Beverages; Brewing; Calendars; Costumes; Folk art; Food; Instrumental music; Offering; Opera; Poetry; Prosperity ritual; Religious belief; Ritual purification; Sports competitions; Vocal music,https://ich.unesco.org/en/RL/00225
34922c0c-af36-4ab4-b0d7-7b74c884f025,440,2011,Equitation in the French tradition,FR,RL,Representative List,Horse riding; Sports competitions; Technical skills,Anatomy; Apprenticeship; Choreography; Costumes; Craft workers; Emotions; Metalworking; Physiology; Psychology; Teachers; Training,https://ich.unesco.org/en/RL/00440
725b8cb6-0858-45c9-b6f2-5f998516a035,210,2009,"Mongolian art of singing, Khoomei",CN,RL,Representative List,Nomads; Throat singing; Vocal music,Animism; Apprenticeship; Bowed string instruments; Festivals; Oral tradition; Plucked string instruments; Shamanism; Woodwind instruments,https://ich.unesco.org/en/RL/00210
6b27619d-e302-4662-99c7-c15d29891492,199,2009,Nanyin,CN,RL,Representative List,Instrumental music; Vocal music,Bowed string instruments; Festivals; Folk literature; Funeral; Idiophones; Instrument making; Music education; Musical notation; Plucked string instruments; Religious practice; Urban spaces; Veneration of the dead; Wedding; Woodwind instruments,https://ich.unesco.org/en/RL/00199
cc8bf34e-00ca-4afd-af32-4624e842dbef,207,2009,Regong arts,CN,RL,Representative List,Painting; Religious art; Sculpture,Architecture; Buddhism; Craft workers; Natural pigments; Religious buildings; Textile arts,https://ich.unesco.org/en/RL/00207
4e6f00e7-72e4-48db-a8fd-837847feb68b,205,2009,Traditional firing technology of Longquan celadon,CN,RL,Representative List,Celadon; Ceramic art; Technical skills,Aesthetics; Cooling; Decorative arts; Engraving; Experts; Glaze; Handicrafts; Heating; Kiln; Natural dyes; Temperature,https://ich.unesco.org/en/RL/00205
432cc872-6452-4c28-a524-77c09d454bfd,201,2009,Traditional handicrafts of making Xuan paper,CN,RL,Representative List,Paper; Technical skills,Calligraphy; Craft workers; Farmers; Handicrafts; Inks; Know-how transfer; Oral tradition; Painting; Printing paper,https://ich.unesco.org/en/RL/00201
09271979-cfe1-42cb-bddc-b181582afe63,412,2011,"Sada Shin Noh, sacred dancing at Sada shrine, Shimane",JP,RL,Representative List,Carpets; Ritual dance; Shinto; Vocal music,Bladed weapons; Clergy; Costumes; Historical reenactment; Idiophones; Masks; Mythology; Prosperity ritual; Temples; Theatre; Woodwind instruments,https://ich.unesco.org/en/RL/00412
695ce0da-5850-4b38-915b-6702ec12f8ff,287,2009,Carnaval de Negros y Blancos,CO,RL,Representative List,Carnival; Procession,Beverages; Colonial history; Costumes; Effigies; Family; Fanfare; Float; Food; Handicrafts; Makeup; Masks; Multiethnic societies; New year; Rituals; Satire,https://ich.unesco.org/en/RL/00287
362bdd5b-f1ac-458b-ba76-d5886ebb80ef,235,2009,Spring procession of Ljelje/Kraljice (queens) from Gorjani,HR,RL,Representative List,Procession; Religious practice; Seasonal ritual,Bladed weapons; Churches; Costumes; Dance; Family; Folk art; Food; Hats; Initiation rites; Instrumental music; Polyphonic singing; Secular practice; Transvestism; Wedding,https://ich.unesco.org/en/RL/00235
38a9f4f7-cbdb-4b10-875a-483ec2fcd0d9,448,2011,"Jultagi, tightrope walking",KR,RL,Representative List,Acrobatics; Performing arts,Apprenticeship; Audience participation; Bowed string instruments; Costumes; Dance; Entertainment; Festivals; Humour (literary); Instrumental music; Offering; Percussion instruments; Poetry; Rituals; Satire; Woodwind instruments,https://ich.unesco.org/en/RL/00448
0f192250-4f6f-4832-b4b6-6bea7512f89b,281,2009,"Ramman, religious festival and ritual theatre of the Garhwal Himalayas, India",IN,RL,Representative List,Festivals; Hinduism; Theatre,Bladed weapons; Caste; Costumes; Epic poetry; Farmers; Folk literature; Masks; Musical instruments; Offering; Oral tradition; Ritual dance; Rituals; Temples; Trance; Vocal music,https://ich.unesco.org/en/RL/00281
afa60ff3-2be4-41ee-8778-e76ef5b8188c,170,2009,Indonesian Batik,ID,RL,Representative List,Clothing; Textile arts; Weaving,Birth; Costumes; Craft workers; Drawing; Everyday life; Funeral; Natural dyes; Pattern; Pregnancy; Puppets; Religious belief; Wedding,https://ich.unesco.org/en/RL/00170
b65faedd-4751-4113-a00f-0726bfb1d7a1,276,2009,Daimokutate,JP,RL,Representative List,Drama; Initiation rites; Story telling,Archery; Armed forces; Bladed weapons; Clans; Costumes; Epic poetry; Historical reenactment; Temples; Vocal music; War; Weapons,https://ich.unesco.org/en/RL/00276
61dc86e9-5d47-4617-bbff-0874e2df732e,265,2009,Gagaku,JP,RL,Representative List,Instrumental music; Theatre; Vocal music,Apprenticeship; Aristocracy; Choreography; Costumes; Dance; Family; Idiophones; Percussion instruments; Performing arts; Plucked string instruments; Poetry; Politics; Woodwind instruments,https://ich.unesco.org/en/RL/00265
96dee6af-a228-4fd7-899b-92bb86d206d8,272,2009,Hayachine Kagura,JP,RL,Representative List,Dance; Masks; Theatre,Bladed weapons; Choreography; Clergy; Costumes; Festivals; Hats; Idiophones; Legendary creatures; Mythology; Percussion instruments; Performing arts; Religious practice; Shinto; Temples; Vocal music; Woodwind instruments,https://ich.unesco.org/en/RL/00272
3a6f4dab-15b6-49d8-9cc3-079cfe4ed946,266,2009,"Ojiya-chijimi, Echigo-jofu: techniques of making ramie fabric in Uonuma region, Niigata Prefecture",JP,RL,Representative List,Technical skills; Textile arts; Weaving,Clothing; Costumes; Elderly; Geometry; Handicrafts; Natural dyes; Pattern,https://ich.unesco.org/en/RL/00266
75dfd0f7-8c38-430d-817d-54d9b908d803,290,2009,"Manden Charter, proclaimed in Kurukan Fuga",ML,RL,Representative List,International instruments; Peacebuilding; Rituals,Clans; Constitutions; Free trade; Freedom of speech; Multiethnic societies; Oral tradition; Right to education; Slavery; War,https://ich.unesco.org/en/RL/00290
33bb2bbe-8874-41de-98e0-6772d9c76259,190,2009,"Septennial re-roofing ceremony of the Kamablon, sacred house of Kangaba",ML,RL,Representative List,Architecture; Rituals,Bard; Clans; Community centres; Conflict resolution; Divination; Know-how transfer; Oral history; Oral tradition; Story telling; Youth,https://ich.unesco.org/en/RL/00190
f01d552f-8a86-4868-95f8-5a0d41c93f45,188,2009,Ganggangsullae,KR,RL,Representative List,Fertility ritual; Ritual dance; Seasonal ritual,Choreography; Emotions; Farmers; Festivals; Folk art; Improvisation; Music education; Pantomime; Religious practice; Single persons; Vocal music; Work songs,https://ich.unesco.org/en/RL/00188
0f8eb626-e4b9-404a-9f9c-9996f8180c75,187,2009,Jeju Chilmeoridang Yeongdeunggut,KR,RL,Representative List,Prosperity ritual,Calendars; Costumes; Dance; Divination; Festivals; Food; Handicrafts; Idiophones; Legendary creatures; Offering; Percussion instruments; Religious practice; Shamanism; Ships; Veneration of the dead,https://ich.unesco.org/en/RL/00187
a3c7e378-0e97-493b-a69a-0d8454b0ea61,171,2009,Irrigators’ tribunals of the Spanish Mediterranean coast: the Council of Wise Men of the plain of Murcia and the Water Tribunal of the plain of Valencia,ES,RL,Representative List,Water law; Water resources management,Courts; Democracy; Elections; Farmers; Lawyers; Moral values; Oral tradition,https://ich.unesco.org/en/RL/00171
1ac0d206-07f4-4801-b514-98a1534678fd,179,2009,Âşıklık (minstrelsy) tradition,TR,RL,Representative List,Plucked string instruments; Poetry; Story telling; Vocal music,Apprenticeship; Bard; Costumes; Emotions; Improvisation; Instrumental music; Nomads; Oral tradition; Percussion instruments; Riddle; Satire; Social values; Urban spaces; Wedding,https://ich.unesco.org/en/RL/00179
13aa1b9a-f07a-410f-a51e-294609a1e0cf,314,2009,Suiti cultural space,LV,USL,Urgent Safeguarding List,Cultural space; Religious groups,Catholicism; Costumes; Family education; Food customs; Humour (literary); Improvisation; Instrumental music; Local languages; Polyphonic singing; Religious practice; Vocal music; Weaving; Wedding,https://ich.unesco.org/en/USL/00314
67a912cb-d13c-4cb0-8dc1-45630b59f75d,310,2009,"Mongol Tuuli, Mongolian epic",MN,USL,Urgent Safeguarding List,Epic poetry; Vocal music,Bard; Bowed string instruments; Family; Festivals; Improvisation; Memorization; Mythology; Nomads; Oral history; Oral tradition; Plucked string instruments; Religious belief; Social values; Sports competitions; Technical skills; Throat singing; Wedding,https://ich.unesco.org/en/USL/00310
50e244b3-3feb-4def-8282-9364a858a0ca,312,2009,Traditional music of the Tsuur,MN,USL,Urgent Safeguarding List,Instrumental music; Vocal music; Woodwind instruments,Apprenticeship; Emotions; Festivals; Instrument making; Nomads; Oral tradition; Shamanism; Throat singing; Wedding,https://ich.unesco.org/en/USL/00312
20d10427-9612-468f-b7c4-a11c6e4a4420,299,2009,"Safeguarding intangible cultural heritage of Aymara communities in Bolivia, Chile and Peru",BO; CL; PE,Art18,Register of Good Safeguarding Practices,Cultural property preservation; Inventories; Technical skills,Instrumental music; Oral tradition; Textile arts,https://ich.unesco.org/en/Art18/00299
e2bf0b2d-d197-4f6c-94a7-13a34bec911b,1853,2021,Joumou soup,HT,RL,Representative List,Colonial history; Food preparation,Beverages; Conflict resolution; Cultural identity; Family; New year; Periodic element; Slavery; Social gathering; Social inclusion,https://ich.unesco.org/en/RL/01853
a6bd889f-9caa-4cf5-9827-77382a9beb04,8,2008,Georgian polyphonic singing,GE,RL,Representative List,Polyphonic singing; Vocal music,Everyday life; Feasts; Festivals; Orthodox Churches; Religious music; Traditional medicine; Work songs,https://ich.unesco.org/en/RL/00008
d6cd3afa-4c90-4112-93d8-0f3195893c5a,11,2008,"Opera dei Pupi, Sicilian puppet theatre",IT,RL,Representative List,Puppets; Theatre,Costumes; Craft workers; Drama education; Epic poetry; Family; Folk literature; Handicrafts; Improvisation; Know-how transfer; Saints; Wood carving,https://ich.unesco.org/en/RL/00011
02ff5f0a-33fc-4fd4-8caa-dff50da66a3e,12,2008,Nôgaku theatre,JP,RL,Representative List,Masks; Theatre; Vocal music,Costumes; Dance; Drama education; Emotions; Folk literature; Humour (literary); Instrumental music; Legendary creatures; Legends; Orchestras; Percussion instruments; Representative literary works,https://ich.unesco.org/en/RL/00012
7e68c3f9-350a-4713-8a6a-46aa949fae6a,39,2008,Azerbaijani Mugham,AZ,RL,Representative List,Instrumental music; Vocal music,Bowed string instruments; Contests; Improvisation; Music education; Oral tradition; Percussion instruments; Plucked string instruments; Religious practice; Sufism; Wedding,https://ich.unesco.org/en/RL/00039
b4759e50-8de5-4a2f-9607-b31561a59c3f,33,2008,Carnival of Binche,BE,RL,Representative List,Carnival; Masks; Procession,Costumes; Dance; Fanfare; Festivals; Handicrafts; Idiophones; Percussion instruments; Performing arts; Transvestism; Urban spaces,https://ich.unesco.org/en/RL/00033
ecdf1afb-90f9-4a83-af2c-9e3b14bbd5bd,37,2008,"Arts of the Meddah, public storytellers",TR,RL,Representative List,Oral tradition; Satire; Story telling,Bard; Community education; Drama; Epic poetry; Humour (literary); Legends; Moral values; Performing arts; Social criticism; Theatre; Urban spaces,https://ich.unesco.org/en/RL/00037
11288068-89a9-4af6-8903-4e4bfad10891,54,2008,Indigenous festivity dedicated to the dead,MX,RL,Representative List,Religious practice; Rituals; Veneration of the dead,Agricultural ritual; Christianity; Family; Festivals; Food preparation; Handicrafts; Offering; Religious syncretism,https://ich.unesco.org/en/RL/00054
60093c68-cd9f-4ef9-9fbf-0c610e1b43ad,60,2008,Royal ballet of Cambodia,KH,RL,Representative List,Aristocracy; Dance,Choreography; Costumes; Emotions; Festivals; Funeral; Idiophones; Masks; Orchestras; Percussion instruments; Physical education; Post-conflict; Reconstruction; Wedding; Wind instruments,https://ich.unesco.org/en/RL/00060
fa01da2c-84d1-4432-a323-2a099bdf91e9,99,2008,Fujara and its music,SK,RL,Representative List,Vocal music; Woodwind instruments,Festivals; Handicrafts; Instrument making; Instrumental music; Wood carving,https://ich.unesco.org/en/RL/00099
869b0fc3-01b0-4a30-9df3-cbf7d3a94970,63,2008,Wayang puppet theatre,ID,RL,Representative List,Puppets; Shadow play; Theatre,Costumes; Craft workers; Epic poetry; Instrumental music; Know-how transfer; Leather; Memorization; Moral values; Musical instruments; Oral tradition; Satire; Story telling; Vocal music; Wood carving,https://ich.unesco.org/en/RL/00063
23ea402c-4ce8-4fda-b1cc-d84913c2c43c,72,2008,"Lakalaka, dances and sung speeches of Tonga",TO,RL,Representative List,Dance; Instrumental music; Polyphonic singing; Vocal music,Body percussion; Choreography; Costumes; Festivals; Legends; Monarchy; Moral values; Oral history; Poetry,https://ich.unesco.org/en/RL/00072
4ecbafcb-0aed-41ec-8b30-432391aab218,87,2008,Baltic song and dance celebrations,EE; LV; LT,RL,Representative List,Choir singing; Dance; Vocal music,Costumes; Festivals; Folk art; Handicrafts; Instrumental music; Performing arts,https://ich.unesco.org/en/RL/00087
c1a70929-53c4-4107-875c-7088db2361b0,89,2008,Shashmaqom music,UZ; TJ,RL,Representative List,Instrumental music; Vocal music,Mathematics; Music education; Musical notation; Musicology; Oral tradition; Orchestras; Percussion instruments; Poetry; Religious belief; String instruments; Sufism; Wind instruments,https://ich.unesco.org/en/RL/00089
9381f1a8-7d5e-4c8d-a7bc-19900eb568cc,100,2008,Mevlevi Sema ceremony,TR,RL,Representative List,Religious practice; Ritual dance; Sufism,Church and State; Ethics; Fraternity; Idiophones; Initiation rites; Percussion instruments; Poetry; Religious groups; Religious music; Spiritual retreat; String instruments; Vocal music; Woodwind instruments,https://ich.unesco.org/en/RL/00100
3fdf2d1d-881c-4ca1-b85b-9d810c2b2814,90,2008,Căluş ritual,RO,RL,Representative List,Magic; Ritual dance; Rituals,Costumes; Fertility ritual; Festivals; Initiation rites; Instrumental music; Procession; Ritual purification; Stick; String instruments; Symbols; Traditional medicine; Vocal music,https://ich.unesco.org/en/RL/00090
3e2d4636-8291-47c9-984c-7506a012ffeb,101,2008,Samba de Roda of the Recôncavo of Bahia,BR,RL,Representative List,Dance; Instrumental music; Poetry,Animism; Catholicism; Choreography; Festivals; Improvisation; Instrument making; Percussion instruments; Religious practice; Religious syncretism; Slavery; String instruments; Vocal music,https://ich.unesco.org/en/RL/00101
8c989deb-80d7-40b7-9db2-70d42cc38b4a,107,2008,Baul songs,BD,RL,Representative List,Instrumental music; Vocal music,Bard; Buddhism; Dance; Hinduism; Interfaith practices; Oral tradition; Percussion instruments; Philosophy; Plucked string instruments; Poetry; Religious education; Religious syncretism; Story telling; Sufism,https://ich.unesco.org/en/RL/00107
46702c5f-8204-4572-b1df-48d0d229a1f1,109,2008,Uyghur Muqam of Xinjiang,CN,RL,Representative List,Dance; Instrumental music; Vocal music,Bard; Bowed string instruments; Choreography; Folk art; Percussion instruments; Plucked string instruments; Poetry; Proverbs; Trade routes; Woodwind instruments,https://ich.unesco.org/en/RL/00109
8be26ea8-579b-4cf1-86db-1c77f2d9c3d7,115,2008,"Urtiin Duu, traditional folk long song",CN; MN,RL,Representative List,Instrumental music; Vocal music,Archery; Bowed string instruments; Equestrian games; Improvisation; Nomads; Rural population; Sports competitions; Wedding; Wrestling,https://ich.unesco.org/en/RL/00115
36618291-ac4c-4d29-bcd0-e0dca353196b,850,2012,"Al ‘azi, elegy, processional march and poetry",OM,RL,Representative List,Poetry; Vocal music,Bladed weapons; Conflict resolution; Contests; Improvisation; Memorization; Procession,https://ich.unesco.org/en/RL/00850
f0cdc3c5-08f8-4be6-ad53-543f25341a25,139,2008,Barkcloth making in Uganda,UG,RL,Representative List,Clothing; Technical skills; Woodworking,Costumes; Funeral; Handicrafts; Interior architecture; Monarchy; Natural dyes; Religious practice; Rituals; Social status; Traditional medicine; Traditional tools,https://ich.unesco.org/en/RL/00139
9186464d-0fcf-4888-a287-2e78541306fc,155,2008,Albanian folk iso-polyphony,AL,RL,Representative List,Polyphonic singing; Vocal music,Costumes; Festivals; Funeral; Social participation; Wedding,https://ich.unesco.org/en/RL/00155
6e9089b1-717c-449b-9a47-f1c87e84aa5c,163,2008,Kabuki theatre,JP,RL,Representative List,Theatre,Actors; Costumes; History; Idiophones; Instrumental music; Makeup; Moral values; Percussion instruments; Plucked string instruments; Stage equipment; Transvestism; Vocal music; Woodwind instruments,https://ich.unesco.org/en/RL/00163
1abb37df-e2f0-4cd6-91b8-294a4589b3d2,166,2008,Taquile and its textile art,PE,RL,Representative List,Clothing; Weaving,Calendars; Costumes; Handicrafts education; Hats; Oral tradition; Rituals; Textile arts; Tourism,https://ich.unesco.org/en/RL/00166
1d0c5d35-c0e9-4a91-89a2-7afd99923e89,167,2008,Mak Yong theatre,MY,RL,Representative List,Dance; Theatre; Vocal music,Bowed string instruments; Costumes; Entertainment; Folk literature; Idiophones; Improvisation; Instrumental music; Offering; Oral tradition; Percussion instruments; Shamanism; Traditional medicine; Trance; Woodworking,https://ich.unesco.org/en/RL/00167
70ef2f6f-2ab8-44e4-afc3-e3b6cc006552,321,2010,Watertight-bulkhead technology of Chinese junks,CN,USL,Urgent Safeguarding List,Shipbuilding; Technical skills,Apprenticeship; Carpentry; Craft workers; Family; Know-how transfer; Navigation; Raw materials; Religious practice; Sailing; Technical drawing; Traditional tools; Transport safety; Woodworking,https://ich.unesco.org/en/USL/00321
93159020-e05c-4a4d-9493-61fd0e5618ec,434,2010,Armenian cross-stones art. Symbolism and craftsmanship of Khachkars,AM,RL,Representative List,Orthodox Churches; Sculpture,Apprenticeship; Christianity; Craft workers; Engraving; Family; Funeral; Geometry; Handicrafts; Pattern; Religious art; Ritual items; Rock paintings; Saints; Symbols; Traditional tools,https://ich.unesco.org/en/RL/00434
4eb23ad6-216b-4365-b9dc-5dd08fe1b6ff,403,2010,"Houtem Jaarmarkt, annual winter fair and livestock market at Sint-Lievens-Houtem",BE,RL,Representative List,Fair,Brewing; Family; Farmers; Food customs; Handicrafts; Religious practice; Saints; Urban spaces,https://ich.unesco.org/en/RL/00403
8c96696d-8762-4f98-a90b-e0e252756f86,1747,2021,Fjiri,BH,RL,Representative List,Musical performances; Work songs,Festivals; Islam; Musical instruments; Percussion instruments; Poetry; Ritual dance; Vocal music,https://ich.unesco.org/en/RL/01747
164b10a2-7e83-4ea7-8efc-bb814bdb6925,401,2010,"Krakelingen and Tonnekensbrand, end-of-winter bread and fire feast at Geraardsbergen",BE,RL,Representative List,Festivals; Procession,Bread; Catholicism; Costumes; Dance; Fair; Fermented beverages; Fertility ritual; Float; Food customs; Historical reenactment; Jewelry; Knights; Legends; Religious practice; Wind instruments,https://ich.unesco.org/en/RL/00401
01aa390e-a38b-488e-b8a1-eb3c7419c386,425,2010,Acupuncture and moxibustion of traditional Chinese medicine,CN,RL,Representative List,Health; Holism; Traditional medicine,Apprenticeship; Calendars; Cosmology; Diseases; Medical treatment; Needle; Philosophy; Representative literary works; Spiritual knowledge; Taoism; Traditional tools,https://ich.unesco.org/en/RL/00425
55c0f7c3-7f0c-4b38-a685-1cfbf9db01d2,435,2010,"Wayuu normative system, applied by the Pütchipü’üi (palabrero)",CO,RL,Representative List,Conflict resolution; Customary law; Rituals,Clans; Community leaders; Diplomacy; Family; Jewelry; Legislation; Matriarchy; Moral values; Offering; Oral tradition; Peace,https://ich.unesco.org/en/RL/00435
9f34493a-901b-424c-b2c7-38a6963f3d5c,397,2010,Shrovetide door-to-door processions and masks in the villages of the Hlinecko area,CZ,RL,Representative List,Carnival; Masks; Procession,Alcoholic beverages; Costumes; Dance; Fanfare; Festivals; Food; Handicrafts; Houses; Humour (literary); Offering; Rituals; Wind instruments,https://ich.unesco.org/en/RL/00397
a0f643ad-71dd-475d-aeaa-2ea899d8485a,441,2010,"Compagnonnage, network for on-the-job transmission of knowledge and identities",FR,RL,Representative List,Craft workers; Fraternity; Handicrafts; Know-how transfer; Technical skills,Apprenticeship; Culture of work; Food processing; Guild; Initiation rites; Leather; Metalworking; Study tours; Technical education; Textile arts; Woodworking,https://ich.unesco.org/en/RL/00441
561d4a00-7c00-4986-b68a-8eb8ba1a9e26,382,2010,Traditional skills of carpet weaving in Fars,IR,RL,Representative List,Carpets; Decorative arts; Weaving,Craft workers; Family; Gender division of labour; Imagination; Natural dyes; Natural pigments; Nomads; Pattern; Spinning; Technical skills; Trade; Women workers,https://ich.unesco.org/en/RL/00382
5e2da51b-2dbc-4613-8365-dc9dfc0fa916,405,2010,"Kumiodori, traditional Okinawan musical theatre",JP,RL,Representative List,Dance; Theatre; Vocal music,Bladed weapons; Bowed string instruments; Choreography; Costumes; Decorative arts; History; Instrumental music; Legendary creatures; Legends; Makeup; Moral values; Percussion instruments; Plucked string instruments; Poetry; Representative literary works; Transvestism; Woodwind instruments,https://ich.unesco.org/en/RL/00405
d011c56e-46b6-4dd7-92ff-6ea1ea13dc46,1877,2022,Yaldā/Chella,IR; AF,RL,Representative List,Family; Prosperity ritual; Religious practice,Food customs; Games; Instrumental music; Interfaith practices; Moral values; Nonformal education; Periodic element; Poetry; Social inclusion; Story telling; Symbols; Vocal music,https://ich.unesco.org/en/RL/01877
09adad6b-bfcd-4500-b9d7-41a41515ce59,400,2010,"Traditional Mexican cuisine - ancestral, ongoing community culture, the Michoacán paradigm",MX,RL,Representative List,Agricultural ritual; Food preparation,Family; Food customs; Technical skills; Veneration of the dead; Women workers,https://ich.unesco.org/en/RL/00400
ebe3e8c6-5966-4d5c-9af7-dd1ee377c56f,396,2010,Mongolian traditional art of Khöömei,MN,RL,Representative List,Instrumental music; Throat singing; Vocal music,Apprenticeship; Bowed string instruments; Cultural events; Emotions; Epic poetry; Nomads; Oral tradition; Plucked string instruments; Shamanism; Woodwind instruments,https://ich.unesco.org/en/RL/00396
407a3b46-4865-49ba-8445-550addfe848d,372,2010,"Al-Bar’ah, music and dance of Oman Dhofari valleys",OM,RL,Representative List,Dance; Instrumental music; Vocal music,Bladed weapons; Body percussion; Choreography; Circumcision; Costumes; Emotions; Moral values; Nomads; Percussion instruments; Poetry; Religious practice; Tribes; Wedding; Woodwind instruments,https://ich.unesco.org/en/RL/00372
3e4e5166-19fa-480f-864e-47e430dab3c4,390,2010,"Huaconada, ritual dance of Mito",PE,RL,Representative List,Dance; Masks; Rituals,Choreography; Community leaders; Costumes; Family; Humour (literary); Improvisation; Moral values; New year; Orchestras; Procession; Religious practice; Wood carving,https://ich.unesco.org/en/RL/00390
b3e64e4c-d58f-4e30-897a-3c97d7151761,461,2010,"Daemokjang, traditional wooden architecture",KR,RL,Representative List,Architecture; Technical skills; Woodworking,Aesthetics; Apprenticeship; Carpentry; Craft workers; Decorative arts; Painting; Religious belief; Restoration; Rituals; Traditional tools; Wood carving,https://ich.unesco.org/en/RL/00461
7678a86a-7e1c-4b2b-97cf-a878b44a9db1,364,2010,Human towers,ES,RL,Representative List,Acrobatics; Contests; Festivals,Costumes; Instrumental music; Performing arts; Sport; Urban spaces; Wind instruments,https://ich.unesco.org/en/RL/00364
1db6d448-456f-4268-8103-2cdbc4808f43,384,2010,"Semah, Alevi-Bektaşi ritual",TR,RL,Representative List,Religious practice; Ritual dance,Aesthetics; Choreography; Costumes; Instrumental music; Islam; Mysticism; Oral tradition; Plucked string instruments; Religious belief; Religious groups; Vocal music,https://ich.unesco.org/en/RL/00384
289a309e-4668-464c-8ceb-e11058a3c206,385,2010,Traditional Sohbet meetings,TR,RL,Representative List,Dance; Folk literature; Instrumental music; Socio-cultural practices; Vocal music,Community leaders; Ethics; Food preparation; Humour (literary); Social justice; Social values; Tolerance,https://ich.unesco.org/en/RL/00385
9f2fac53-3786-42f6-821d-9b9395005257,443,2010,Gióng festival of Phù Ðông and Sóc temples,VN,RL,Representative List,Festivals; Historical reenactment; Legends,Agricultural ritual; Armed forces; Costumes; Dance; Flags; Idiophones; Mythology; Offering; Percussion instruments; Performing arts; Procession; Religious practice; Saints; Sculpture; Story telling; Temples; Veneration of the dead,https://ich.unesco.org/en/RL/00443
e722c8fb-ea01-4a9c-89a8-a1d503138e5f,655,2022,Traditional Ahlat stonework,TR,USL,Urgent Safeguarding List,Sculpture,Aesthetics; Apprenticeship; Architecture; Building stones; Engraving; Funeral; Handicrafts; Mining; Pattern; Religious buildings; Restoration; Technical skills; Traditional tools,https://ich.unesco.org/en/USL/00655
6a93ab35-9d61-43d2-9d50-c92d30df820f,1574,2022,Art of pottery-making of Chăm people,VN,USL,Urgent Safeguarding List,Ceramic art; Matriarchy,Craft workers; Drying; Family; Kiln; Natural dyes; Technical skills; Traditional tools; Veneration of the dead; Women workers,https://ich.unesco.org/en/USL/01574
4083b7fc-c2fd-458f-b6c7-c6f3658685f0,2300,2025,Construction processes of the quincha house and the junta de embarre / embarra,PA,USL,Urgent Safeguarding List,Community participation; Houses; Technical skills,Building materials; Environmental conservation; Food preparation; Instrumental music; Solidarity; Sustainable development; Woodworking; Work songs; Workshops (teaching method),https://ich.unesco.org/en/USL/02300
b220e471-517d-4f07-9fbd-344592828242,1880,2022,"Xhubleta, skills, craftsmanship and forms of usage",AL,USL,Urgent Safeguarding List,Costumes; Textile arts,Curriculum; Embroidery; Exhibitions; Festivals; Handicrafts; Life cycle; Religious practice; Technical skills; Weaving; Wedding; Women workers,https://ich.unesco.org/en/USL/01880
22a8b4ac-844c-4d67-a8b4-038d6058768e,2329,2025,Art of crafting and playing Kobyz,UZ,USL,Urgent Safeguarding List,Bowed string instruments; Epic poetry; Instrument making,Apprenticeship; Craft workers; Data collection; Family role; Financial aid; Mass media; Nomadism; Social gathering; Social inclusion; Story telling; Technical skills; Throat singing; Training courses; Vocal music,https://ich.unesco.org/en/USL/02329
802f1891-e4eb-47c2-92ca-f60c362e1bad,2310,2025,"Art of playing, singing and making the lahuta",AL,USL,Urgent Safeguarding List,Bowed string instruments; Epic poetry; Instrument making; Vocal music,Collective memory; Economic aid; Educational programmes; Emotions; Family role; Festivals; Instrumental music; Intergenerational relationship; Inventories; Moral values; Social gathering,https://ich.unesco.org/en/USL/02310
04939051-8cba-464a-a67f-94f239a63349,873,2013,Mongolian calligraphy,MN,USL,Urgent Safeguarding List,Calligraphy; Writing systems,Apprenticeship; Colours; Correspondence; Cultural organizations; Cultural property preservation; Emotions; Handwriting; Inks; Numismatics; Postal services; Talent,https://ich.unesco.org/en/USL/00873
d6aa2e07-a7ae-4c17-8b60-c4f694e774c4,2232,2025,Hadrami Dan gathering,YE,RL,Representative List,Poetry; Social gathering; Vocal music,Creativity; Everyday life; Family; Improvisation; Income; Instrumental music; Oral tradition; Social inclusion,https://ich.unesco.org/en/RL/02232
143dc665-962e-459f-8d75-9da583ab11de,1884,2022,Traditional tea processing techniques and associated social practices in China,CN,RL,Representative List,Beverages; Food preparation,Apprenticeship; Clans; Contests; Gender division of labour; Income; Religious practice; Social inclusion; Technical skills; Traditional tools; Wedding,https://ich.unesco.org/en/RL/01884
274e4fc2-4fce-4229-8deb-a3589ee8d749,648,2013,Methodology for inventorying intangible cultural heritage in biosphere reserves: the experience of Montseny,ES,Art18,Register of Good Safeguarding Practices,Inventories,Costumes; Dance; Ethnographic museums; Field work; Handicrafts; Methodology; Nongovernmental organizations; Resources evaluation; Safeguarding practices,https://ich.unesco.org/en/Art18/00648
a4ecbeae-36ab-43ac-935e-d0e67faf3de8,673,2013,Shrimp fishing on horseback in Oostduinkerke,BE,RL,Representative List,,Costumes; Craft workers; Family; Festivals; Float; Food preparation; Performing arts; Technical skills; Traditional tools; Weaving,https://ich.unesco.org/en/RL/00673
20962f78-52e3-4a14-a2e7-9fbb6bcc13c9,2089,2024,Cultural practices related to Taif roses,SA,RL,Representative List,,Cosmetics; Family education; Food preparation; Formal education; Hospitality; Income; Social inclusion,https://ich.unesco.org/en/RL/02089
a6306023-b3d2-4fac-8aea-d21d1f1860da,2298,2025,"Christmas Bram and Sambai of Gales Point Manatee, Belize",BZ,RL,Representative List,Dance; Percussion instruments; Religious practice,Agricultural ritual; Christianity; Intergenerational relationship; Oral history; Procession; Slavery; Social inclusion; Story telling; Vocal music,https://ich.unesco.org/en/RL/02298
744aa070-64fb-41b3-a6ca-1228b20db7d7,1959,2024,Asturian cider culture,ES,RL,Representative List,Fermented beverages; Food customs; Technical skills,Contests; Festivals; Glass; Know-how transfer; Social gathering; Sustainable development,https://ich.unesco.org/en/RL/01959
de1eaf5c-4901-4c46-99f6-d5e251162723,2306,2025,Festivity of the Virgen of Guadalupe - Patroness of Sucre,BO,RL,Representative List,Procession; Religious practice,Costumes; Craft workers; Dance; Family role; Fraternity; Instrumental music; Jewelry; Religious syncretism; Social inclusion; Vocal music,https://ich.unesco.org/en/RL/02306
2b1e48b0-2a11-486a-92ad-4fe9399708b2,2265,2025,Bagpipes and bagpipe playing in Bulgaria: transmission of knowledge and skills,BG,RL,Representative List,Instrument making; Social gathering; Woodwind instruments,Apprenticeship; Craft workers; Family; Music education; Technical skills,https://ich.unesco.org/en/RL/02265
3ff44f7e-479a-4e5f-8631-4d8f72cb4bfa,2109,2024,"Summer farming at fäbod and seter: knowledge, traditions and practices related to the grazing of outlying lands and artisan food production",SE; NO,RL,Representative List,Food preparation; Holism,Ecotourism; Family; Handicrafts; Income; Instrumental music; Story telling; Vocal music,https://ich.unesco.org/en/RL/02109
a2387946-24fc-4703-a8e5-e54f64b9d374,2260,2025,"Guruna, a practice of pastoral, socio-cultural and artistic retreats centered on livestock among the Massa",TD; CM,RL,Representative List,Oral tradition; Socio-cultural practices; Spiritual retreat,Collective memory; Dance; Divination; Moral values; Nonformal education; Social inclusion; Wisdom; Wrestling,https://ich.unesco.org/en/RL/02260
c1c9b19e-66b6-4e16-a7ee-de63ab03ff8d,2271,2025,Family tradition circus in Chile,CL,RL,Representative List,Family; Performing arts; Technical skills,Acrobatics; Creativity; Life cycle; Oral tradition; Social inclusion; Solidarity; Stage equipment; Travelling theatre,https://ich.unesco.org/en/RL/02271
47729781-0bdd-41fb-9b80-bb5bb21c8413,2144,2024,Ceremony of Mehregan,TJ; IR,RL,Representative List,Agricultural ritual; Festivals,Calendars; Community participation; Food preparation; Offering; Performing arts; Social inclusion; Wrestling,https://ich.unesco.org/en/RL/02144
1be1ab35-737b-40d8-8122-82b00c6a2708,2299,2025,The practice of Cuban Son,CU,RL,Representative List,Dance; Instrumental music; Vocal music,Choreography; Community participation; Diaspora; Emotions; Family role; Improvisation; Instrument making; Multiculturalism; Urban spaces,https://ich.unesco.org/en/RL/02299
c0eff32e-c6cb-416a-a4ec-814f3178dc48,1879,2024,Tomyum Kung,TH,RL,Representative List,Food customs; Nutrition,Family; Food security; Green economy; Health; Oral tradition; Social inclusion; Technical skills,https://ich.unesco.org/en/RL/01879
a92c38df-28e2-4097-91d3-c0c8c6d22d29,2288,2025,Commandaria wine,CY,RL,Representative List,Alcoholic beverages; Technical skills; Winemaking,Agricultural cooperatives; Family; Festivals; Hospitality; Life cycle; Nonformal education; Religious practice; Social gathering,https://ich.unesco.org/en/RL/02288
549bcde9-79b6-46e0-bf1a-3ed36b277457,1854,2022,Holy Week in Guatemala,GT,RL,Representative List,Catholicism; Procession; Religious practice,Carpets; Colonial history; Colours; Costumes; Family; Float; Food customs; Fraternity; Funeral; Incense; Moral values; Natural dyes; Orchestras; Percussion instruments; Periodic element; Religious syncretism; Social inclusion; Woodwind instruments,https://ich.unesco.org/en/RL/01854
46057403-735d-448c-940d-bc8b80441e46,2134,2024,"Pysanka, Ukrainian tradition and art of decorating eggs",UA; EE,RL,Representative List,Decorative arts; Symbols,Everyday life; Family; Fertility ritual; Handicrafts; Life cycle; Orthodox Churches; Pattern; Women workers,https://ich.unesco.org/en/RL/02134
54fecbc0-68b8-479e-be27-78bbecac6472,1867,2022,Crafting and playing the Oud,IR; SY,RL,Representative List,Instrument making; Music education; Plucked string instruments,Apprenticeship; Emotions; Funeral; Gender equality; Geometry; Handicrafts; Musical notation; Nonformal education; Oral tradition; Pattern; Social inclusion; Teaching materials; Wedding; Women workers,https://ich.unesco.org/en/RL/01867
457751d5-74b0-45c0-bb9d-ad3b4258288d,2143,2024,Art of crafting and playing rubab/rabab,AF; IR; TJ; UZ,RL,Representative List,Instrument making; Plucked string instruments,Apprenticeship; Craft workers; Family; Instrumental music; Life cycle; Music education; Orchestras; Social gathering; Technical skills,https://ich.unesco.org/en/RL/02143
39dc54be-bf5b-448a-906b-9d57aa9b39b7,2120,2024,Tandir craftsmanship and bread baking in Azerbaijan,AZ,RL,Representative List,Bread; Food preparation; Oven,Ceramics; Craft workers; Everyday life; Family education; Religious belief; Social gathering; Social inclusion,https://ich.unesco.org/en/RL/02120
4b19418b-a84b-497f-a638-1a0df1097350,1861,2022,The art of the traditional blouse with embroidery on the shoulder (altiţă) — an element of cultural identity in Romania and the Republic of Moldova,RO; MD,RL,Representative List,Costumes; Embroidery; Women workers,Colours; Competition; Emotions; Family; Formal education; Geometry; Handicrafts; Income; Know-how transfer; Needle; Pattern; Social inclusion; Symbols; Talent; Technical skills; Weaving,https://ich.unesco.org/en/RL/01861
81e0bf62-09a2-42aa-ba65-5d58e87009c7,1872,2024,"Sevdalinka, traditional urban folk song",BA,RL,Representative List,Performing arts; Vocal music,Contests; Emotions; Family; Festivals; Oral tradition; Social inclusion; Social participation; Story telling,https://ich.unesco.org/en/RL/01872
1ca6a7a5-f5db-4466-86e8-64548876a3fa,1863,2022,Knowledge and practices related to cultivating Khawlani coffee beans,SA,RL,Representative List,,Drying; Family; Gender division of labour; Hospitality; Income; Nonformal education; Social inclusion; Technical skills; Tribes,https://ich.unesco.org/en/RL/01863
072a75fd-aaff-4c3e-854b-dceb6fe413c2,1717,2022,"Alheda'a, oral traditions of calling camel flocks",SA; OM; AE,RL,Representative List,Nonverbal communication,Body percussion; Emotions; Family; Festivals; Know-how transfer; Nonformal education; Oral tradition; Poetry; Polyphonic singing; Social gathering; Stick; Tribes; Woodwind instruments,https://ich.unesco.org/en/RL/01717
8119f614-c786-422a-93e4-c3c898ee28bb,1882,2022,Social practices and knowledge related to the preparation and use of the traditional plum spirit – šljivovica,RS,RL,Representative List,Alcoholic beverages; Brewing,Family; Festivity; Food preparation; Funeral; Handicrafts; Know-how transfer; Life cycle; Religious practice; Social inclusion; Wedding,https://ich.unesco.org/en/RL/01882
9fc258c9-58fd-4ba2-943c-81da147b2881,2276,2025,"Al-Mihrass tree: knowledge, skills and rituals associated with it",JO,RL,Representative List,Agriculture,Community participation; Cosmetics; Craft workers; Family; Food preparation; Prosperity ritual; Social inclusion; Technical skills; Woodworking; Work songs,https://ich.unesco.org/en/RL/02276
eeebbdf3-46a1-4d49-9ba9-8d56495d9dc3,2140,2024,"Ngondo, worship of water oracles and associated cultural traditions among the Sawa",CM,RL,Representative List,Divination,Beauty pageant; Contests; Family; Food customs; Initiation rites; Multiethnic societies; Social inclusion; Social justice; Vocal music; Wrestling,https://ich.unesco.org/en/RL/02140
4de7879e-bc1a-4c9d-8666-602e88eaed88,1887,2024,"Living pictures of Galeras, Sucre",CO,RL,Representative List,Emotions; Folk art; Performing arts,Catholicism; Costumes; Craft workers; Creativity; Everyday life; Family; Social inclusion,https://ich.unesco.org/en/RL/01887
418e1c3e-e433-44d4-98ea-b370b90dfa0e,2237,2025,"Representation of the Passion, Death and Resurrection of Christ in Iztapalapa",MX,RL,Representative List,Procession; Religious practice,Catholicism; Craft workers; Performing arts; Social inclusion,https://ich.unesco.org/en/RL/02237
f8757869-8a0a-455b-9ba1-efbf55a65639,2118,2024,Traditional knowledge and practices for the making and consumption of cassava bread,CU; DO; HT; HN; VE,RL,Representative List,Bread; Food preparation,Dietetics; Everyday life; Family; Food customs; Income; Indigenous languages; Traditional tools; Women workers,https://ich.unesco.org/en/RL/02118
64a8520e-a01a-482e-9582-26bc8ca5edb7,2096,2024,"Custom of Korean costume: traditional knowledge, skills and social practices in the Democratic People's Republic of Korea",KP,RL,Representative List,Costumes; Technical skills; Women workers,Apprenticeship; Craft workers; Design; Embroidery; Family education; Jewelry; Pattern; Prosperity ritual; Social gathering,https://ich.unesco.org/en/RL/02096
ad9dc176-bf69-494a-af8f-2fab74fdaa1e,1902,2022,"Date palm, knowledge, skills, traditions and practices",AE; BH; EG; IQ; JO; KW; MR; MA; OM; PS; QA; SA; SD; TN; YE,RL,Representative List,,Agricultural economics; Basket weaving; Festivals; Food customs; Furniture; Games; Handicrafts; Income; Technical skills; Traditional medicine,https://ich.unesco.org/en/RL/01902
bee2d8ce-538c-4311-95c5-48865c3723f7,2119,2024,Semsemiah: instrument crafting and playing,EG; SA,RL,Representative List,Instrument making; Plucked string instruments,Craft workers; Emotions; Family; Income; Life cycle; Oral tradition; Social inclusion; Technical skills; Vocal music,https://ich.unesco.org/en/RL/02119
4712adce-8bdc-435f-ad5a-1201f32b2942,2081,2024,"Cooking and eating Mulgi puder, traditional mashed potato with barley in the Mulgimaa region, Estonia",EE,RL,Representative List,Food customs; Social gathering,Apprenticeship; Contests; Family; Family education; Food preparation; Hospitality; School meals; Social inclusion,https://ich.unesco.org/en/RL/02081
cf7c9427-a3e6-4bb7-a915-a5da3a6ccb28,2230,2025,Basketry traditions,PL,RL,Representative List,Basket weaving; Craft workers,Creativity; Family; Formal education; Income; Know-how transfer; Sustainable development; Technical skills; Workshops (teaching method),https://ich.unesco.org/en/RL/02230
879c70f5-a34e-483b-b759-e0651a9ec297,1894,2022,"Raï, popular folk song of Algeria",DZ,RL,Representative List,Instrumental music; Musical performances; Vocal music,Apprenticeship; Dance; Emotions; Instrument making; Nomadism; Poetry; Protest movements; Resistance to oppression; Social criticism; Social inclusion,https://ich.unesco.org/en/RL/01894
c1582623-92ac-4137-9c8c-fe624fccbf91,1846,2022,Bear festivities in the Pyrenees,AD; FR,RL,Representative List,Costumes; Festivity; Masks; Theatre,Audience participation; Dance; Family; Humour (literary); Initiation rites; Musical performances; Nonformal education; Periodic element; Seasonal ritual; Social criticism; Social gathering; Vocal music,https://ich.unesco.org/en/RL/01846
3385aa61-17b6-4464-ad73-80a0188c93ce,2318,2025,"Kithul Madeema/Kithul Kapeema, an ancient indigenous technology for tapping Kithul in Sri Lanka",LK,RL,Representative List,Food preparation; Food production; Technical skills,Alcoholic beverages; Family role; Gender division of labour; Hospitality; Income; Resources management; Traditional medicine; Traditional tools,https://ich.unesco.org/en/RL/02318
a04c3e78-59da-4f7e-aaae-4194282fe749,1687,2022,Lipizzan horse breeding traditions,AT; BA; HR; HU; IT; RO; SK; SI,RL,Representative List,Horse riding; Know-how transfer,Anatomy; Archive records; Emotions; Handicrafts; Metalworking; Procession; Sports competitions; Technical skills; Therapy; Tourism,https://ich.unesco.org/en/RL/01687
761099f5-64b0-4a11-a092-9a0da437881a,2275,2025,"Al-Jertiq: practices, rituals and expressions for preservation, protection, abundance and fertility in Sudan",SD,RL,Representative List,Initiation rites; Prosperity ritual; Wedding,Costumes; Family; Instrumental music; Jewelry; Life cycle; Moral values; Social inclusion; Vocal music,https://ich.unesco.org/en/RL/02275
2467c159-6e39-4d1d-a24f-6a47991e3d1d,1991,2024,"Technique of making the giant kites of Santiago Sacatepéquez and Sumpango, Guatemala",GT,RL,Representative List,Kite; Paper; Technical skills,Contests; Craft workers; Design; Oral tradition; Social inclusion; Symbols; Veneration of the dead,https://ich.unesco.org/en/RL/01991
0a4b0d89-b2ff-4c63-877a-d0aa7099fc8c,1705,2022,Telling tradition of Nasreddin Hodja/ Molla Nesreddin/ Molla Ependi/ Apendi/ Afendi Kozhanasyr Anecdotes,AZ; KZ; KG; TJ; TR; TM; UZ,RL,Representative List,Folk literature; Humour (literary); Satire; Story telling; Wisdom,Everyday life; Festivals; Films; Formal education; Hand Puppet; Miniature paintings; Moral values; Oral tradition; Periodicals; Proverbs; Social criticism; Social gathering; Social justice; Theatre; Wedding,https://ich.unesco.org/en/RL/01705
fc2650b5-8dfc-4b60-b476-5eddb6c3b89e,2241,2025,The bearing of the sacred stone or the rites of the New Year in the Guin country in Togo,TG,RL,Representative List,Initiation rites; New year; Procession,Animism; Conflict resolution; Divination; Food preparation; Jewelry; Ritual purification; Veneration of the dead; Vocal music,https://ich.unesco.org/en/RL/02241
03a9857b-116d-40b6-8300-bfbce67b4512,1746,2024,"Betashar, traditional wedding ritual",KZ,RL,Representative List,Costumes; Family; Hats; Wedding,Contests; Handicrafts; Interethnic relations; Plucked string instruments; Religious practice; Vocal music,https://ich.unesco.org/en/RL/01746
34c47177-a98c-486b-8e41-6d07dcc12ba9,1889,2022,"Straw weaving in Belarus, art, craft and skills",BY,RL,Representative List,Decorative arts; Handicrafts; Weaving,Creativity; Family; Festivals; Hats; Masks; Museums; Technical skills; Workshops (teaching method),https://ich.unesco.org/en/RL/01889
34752c2d-0d36-49c3-aef1-5e3a74d14119,2294,2025,"Antep İşi, drawn thread embroidery of Gaziantep",TR,RL,Representative List,Embroidery; Women workers,Apprenticeship; Costumes; Creativity; Everyday life; Family role; Lace; Pattern; Wedding; Workshops (teaching method),https://ich.unesco.org/en/RL/02294
54b84bf6-5875-4c29-b438-942b00ab2d0c,2091,2024,Mongol nomad migration and its associated practices,MN,RL,Representative List,Nomads; Social inclusion; Technical skills,Calendars; Family education; Moral values; Nomadism; Ritual items,https://ich.unesco.org/en/RL/02091
fc423689-ccc0-422d-b837-d15b906804ca,2292,2025,"Yama, Hoko, Yatai, float festivals in Japan",JP,RL,Representative List,Festivals; Float; Procession,Community participation; Costumes; Handicrafts; Peace; Puppets; Religious practice; Restoration; Shinto; Technical skills,https://ich.unesco.org/en/RL/02292
1fbd4b97-7cc2-4d79-ab43-aaebc308aaef,2097,2024,"Nawrouz, Novruz, Nowrouz, Nowrouz, Nawrouz, Nauryz, Nooruz, Nowruz, Navruz, Nevruz, Nowruz, Navruz",AF; AZ; IN; IR; IQ; KZ; KG; UZ; PK; TJ; TR; TM; MN,RL,Representative List,Festivals; New year; Prosperity ritual,Costumes; Dance; Food customs; Handicrafts; Instrumental music; Multiculturalism; Poetry; Sports competitions; Vocal music,https://ich.unesco.org/en/RL/02097
c563ceb0-7ce7-42ef-a071-4c90dce48032,2473,2025,"Safeguarding programme for Al Sadu, traditional weaving skills in the United Arab Emirates",AE,Art18,Register of Good Safeguarding Practices,Weaving; Women workers,Creativity; Family; Income; Nomads; Pattern; Sustainable development; Technical skills; Traditional tools,https://ich.unesco.org/en/Art18/02473
ff216955-f571-49e5-98cd-44e8ffad3e99,2155,2024,Qiang New Year festival,CN,RL,Representative List,New year; Prosperity ritual,Animism; Calendars; Dance; Family; Offering; Oral history; Percussion instruments; Trance; Vocal music,https://ich.unesco.org/en/RL/02155
d871de30-17f3-4f1f-bf8c-f817419f1144,2136,2024,Safeguarding programme of kobza and wheel lyre tradition,UA,Art18,Register of Good Safeguarding Practices,Blind; Guild; Instrument making,Apprenticeship; Bowed string instruments; Dissemination of knowledge; Epic poetry; Moral values; Oral tradition; Participatory development; Plucked string instruments,https://ich.unesco.org/en/Art18/02136
63fa2495-d308-4ffa-8c77-c00317a5822b,2080,2024,Oman Youth Sail Training Ship (Safinat Shabab Oman) programme for peace and sustainable cultural dialogue,OM,Art18,Register of Good Safeguarding Practices,Sailing; Travelling exhibitions; Youth participation,Astronomy; Dissemination of culture; Food customs; Handicrafts; Intercultural dialogue; Musical performances; Navigation; Ships,https://ich.unesco.org/en/Art18/02080
d7a88591-0805-4144-b88a-4cbcd5f83ec9,753,2012,Earthenware pottery-making skills in Botswana’s Kgatleng District,BW,USL,Urgent Safeguarding List,Ceramic art; Technical skills,Decorative arts; Family; Fermentation; Food preparation; Handicrafts; Kiln; Painting; Pattern; Religious belief; Traditional medicine; Veneration of the dead; Women workers,https://ich.unesco.org/en/USL/00753
6fc29c1f-27d6-40bf-ba3e-4d1aeb5a8e11,619,2012,"Noken multifunctional knotted or woven bag, handcraft of the people of Papua",ID,USL,Urgent Safeguarding List,Bag; Knot; Technical skills; Weaving,Apprenticeship; Costumes; Everyday life; Festivals; Handicrafts; Multiethnic societies; Natural dyes; Oral tradition; Pattern; Plastics; Raw materials; Spinning; Traditional tools; Women workers,https://ich.unesco.org/en/USL/00619
2cd5cf5c-ca25-40e3-9982-367eec2b2773,693,2012,"Ala-kiyiz and Shyrdak, art of Kyrgyz traditional felt carpets",KG,USL,Urgent Safeguarding List,Carpets; Decorative arts; Technical skills,Craft workers; Everyday life; Natural dyes; Nomads; Oral tradition; Pattern; Raw materials; Spinning; Symbols; Wedding; Women workers,https://ich.unesco.org/en/USL/00693
2786c0ed-a988-4517-9a6d-00e6f3ce39d8,524,2011,Moorish epic T’heydinn,MR,USL,Urgent Safeguarding List,Bard; Epic poetry; Oral tradition,Peace; Percussion instruments; Plucked string instruments; Social inclusion; Social values; Story telling; Talent; Technical skills; Tribes; Vocal music; Wedding,https://ich.unesco.org/en/USL/00524
1ad57e04-af87-42d8-9bfd-3736278fe4d5,535,2011,"Naqqāli, Iranian dramatic story-telling",IR,USL,Urgent Safeguarding List,Story telling; Theatre,Apprenticeship; Costumes; Entertainment; Epic poetry; Folk literature; Improvisation; Instrumental music; Jewelry; Memorization; Mythology; Oral history; Painting; Prose; Technical skills; Urban spaces; Vocal music,https://ich.unesco.org/en/USL/00535
52dcb3e1-37dc-4bb8-843c-67be400d7a0e,884,2013,Mediterranean diet,CY; HR; ES; GR; IT; MA; PT,RL,Representative List,Food customs; Food preparation,Alcoholic beverages; Dietetics; Festivals; Markets; Social capital,https://ich.unesco.org/en/RL/00884
f45456fe-096d-4536-a107-aa6f51252deb,858,2013,Commemoration feast of the finding of the True Holy Cross of Christ,ET,RL,Representative List,Festivals; Orthodox Churches; Procession; Religious practice,Clergy; Conflict resolution; Costumes; Family; Historical reenactment; New year; Percussion instruments; Social inclusion; Vocal music,https://ich.unesco.org/en/RL/00858
8784579c-9e14-449d-bfde-3add06569fe2,885,2013,Limousin septennial ostensions,FR,RL,Representative List,Procession; Religious practice,Catholicism; Choir singing; Clergy; Costumes; Craft workers; Family; Fraternity; Historical reenactment; Ritual items; Saints,https://ich.unesco.org/en/RL/00885
fcd41664-1c77-416f-a947-a5714206ac6d,520,2011,"Secret society of the Kôrêdugaw, the rite of wisdom in Mali",ML,USL,Urgent Safeguarding List,Initiation rites; Spiritual knowledge; Wisdom,Costumes; Dance; Death; Humour (literary); Intelligence; Jewelry; Life cycle; Moral education; Multiethnic societies; Religious practice; Ritual items; Satire; Secret society; Traditional medicine; Vocal music,https://ich.unesco.org/en/USL/00520
3411e4f1-e5e6-47be-8f41-a40c4473c382,869,2013,"Washoku, traditional dietary cultures of the Japanese, notably for the celebration of New Year",JP,RL,Representative List,Food customs; Food preparation,Decorative arts; Family; New year; Shinto; Social capital,https://ich.unesco.org/en/RL/00869
5f1cb5dc-2191-46d9-9ac5-532e5252d8b8,876,2013,"Kyrgyz epic trilogy: Manas, Semetey, Seytek",KG,RL,Representative List,Bard; Epic poetry; Story telling,Divination; Improvisation; Moral values; Multiculturalism; Nomads; Oral history; Proverbs; Religious belief; Trance; Tribes,https://ich.unesco.org/en/RL/00876
9cfffcdf-9d6a-4fdc-ac21-dc91c5edf59c,872,2013,Traditional craftsmanship of the Mongol Ger and its associated customs,MN,RL,Representative List,Architecture; Mobile homes; Technical skills,Craft workers; Furniture; Leather; Nomads; Painting; Pattern; Textile arts; Wood carving,https://ich.unesco.org/en/RL/00872
e4d6ef9c-aee5-4740-86d6-2744a7b377a1,594,2013,"Knowledge, skills and rituals related to the annual renewal of the Q’eswachaka bridge",PE,RL,Representative List,Bridges; Technical skills,Craft workers; Dance; Family; Gender division of labour; Instrumental music; Offering; Raw materials; Rituals; Weaving,https://ich.unesco.org/en/RL/00594
54c1e6e2-4d71-4727-90f4-87f6905dbe3c,878,2013,"Xooy, a divination ceremony among the Serer of Senegal",SN,RL,Representative List,Divination; Percussion instruments; Rituals,Animism; Clergy; Costumes; Religious practice; Ritual purification; Veneration of the dead,https://ich.unesco.org/en/RL/00878
a11cdac0-8c9e-4731-8c0c-9b2339820612,1956,2023,Traditional Syrian glassblowing,SY,USL,Urgent Safeguarding List,Art glass; Craft workers; Family,Apprenticeship; Colours; Creativity; Decorative arts; Income; Oven; Painting; Technical skills,https://ich.unesco.org/en/USL/01956
0d0a1167-6f8c-49f0-9509-7063585792b6,1599,2020,Traditional knowledge and techniques associated with Pasto Varnish mopa-mopa of Putumayo and Nariño,CO,USL,Urgent Safeguarding List,Decorative arts,Colours; Craft workers; Dyes technology; Family; Trade; Woodworking; Workshops (teaching method),https://ich.unesco.org/en/USL/01599
88eea5eb-d845-4733-8d48-6767961d29c9,2001,2023,Xeedho,DJ,USL,Urgent Safeguarding List,Craft workers; Food preparation; Wedding; Womens participation,Creativity; Family; Inventories; Nomadism; Oral tradition; Technical skills; Textile arts; Weaving; Wood carving; Workshops (teaching method),https://ich.unesco.org/en/USL/02001
095ba9b8-e8f0-4b3e-a8d3-5400b27e2c7c,1610,2023,Mek Mulung,MY,USL,Urgent Safeguarding List,Dance; Instrumental music; Theatre,Databases; Family; Nonformal education; Oral tradition; Prosperity ritual; Scientific publications; Vocal music; Workshops (teaching method),https://ich.unesco.org/en/USL/01610
982478db-5469-4748-8760-a42bafee62b8,1996,2023,Ingoma Ya Mapiko,MZ,USL,Urgent Safeguarding List,Dance; Initiation rites,Ceramic art; Colonial history; Masks; Moral values; Percussion instruments; Sculpture; Social inclusion; Tattoo; Veneration of the dead; Womens participation,https://ich.unesco.org/en/USL/01996
09a37708-771f-44cf-8965-c4aca2908fcb,1992,2023,"Ancestral and traditional techniques for the elaboration of the 'Poncho Para'i de 60 Listas', from the city of Piribebuy, Republic of Paraguay",PY,USL,Urgent Safeguarding List,Textile arts; Weaving; Women workers,Apprenticeship; Data collection; Design; Family; Festivals; Income; Oral tradition; Technical skills; Traditional tools,https://ich.unesco.org/en/USL/01992
4e16ea63-50f0-40dc-b0c5-37b99828c580,882,2020,"Yeondeunghoe, lantern lighting festival in the Republic of Korea",KR,RL,Representative List,Buddhism; Festivals; Lantern,Colours; Float; Handicrafts; Handicrafts education; Lighting; Nonformal education; Paper; Procession; Religious practice; Ritual purification; Wisdom,https://ich.unesco.org/en/RL/00882
a9a1ff8c-edae-455a-8807-8c089e0e4e3a,1590,2021,Namur stilt jousting,BE,RL,Representative List,Games; Sports competitions,Costumes; Entertainment; Festivals; Social gathering; Urban spaces,https://ich.unesco.org/en/RL/01590
45031be3-f747-4287-a27b-b839331894e2,1466,2020,"Zlakusa pottery making, hand-wheel pottery making in the village of Zlakusa",RS,RL,Representative List,Ceramic art; Food preparation; Technical skills,Decorative arts; Geometry; Handicrafts; Kiln; Kinship; Nonformal education; Pattern; Traditional tools; Womens participation; Workshops (teaching method),https://ich.unesco.org/en/RL/01466
0183e724-aef3-478d-b65d-a838889bbd75,1966,2023,Alpine pasture season,CH,RL,Representative List,Labour migration,Calendars; Contests; Costumes; Family; Food customs; Handicrafts; Peer teaching; Social participation; Tourism; Vocational training,https://ich.unesco.org/en/RL/01966
eb63e5fa-2eff-4d50-ac00-999672f7eba5,1512,2020,Grass mowing competition custom in Kupres,BA,RL,Representative List,Sports competitions; Technical skills; Traditional tools,Costumes; Dance; Equestrian games; Fair; Family; Festivals; Handicrafts; Social gathering; Vocal music,https://ich.unesco.org/en/RL/01512
d8f6eb93-6acc-4640-8547-6bf83cc6883d,1484,2023,Traditional knowledge and skills of production of the atlas and adras fabrics,TJ,RL,Representative List,Costumes; Textile arts; Weaving; Women workers,Apprenticeship; Festivals; Formal education; Handicrafts; Knot; Pattern; Spinning; Technical skills; Traditional tools,https://ich.unesco.org/en/RL/01484
b2d1ab2d-3cc6-4781-b73d-34c10135d866,1719,2023,"Songkran in Thailand, traditional Thai New Year festival",TH,RL,Representative List,Buddhism; Festivals; New year; Social inclusion,Calendars; Craft workers; Elderly; Family; Float; Games; Religious practice; Veneration of the dead,https://ich.unesco.org/en/RL/01719
05ad952f-0d71-434e-90c2-1e75efd28513,1702,2021,"Pasillo, song and poetry",EC,RL,Representative List,Instrumental music; Vocal music,Musical instruments; Orchestras; Plucked string instruments; Poetry; Popular music,https://ich.unesco.org/en/RL/01702
7ab06f28-d392-4dfa-b0e9-c6df7030f431,1744,2023,"Harees dish: know-how, skills and practices",AE; OM; SA,RL,Representative List,Food preparation; Hospitality; Religious practice; Social participation,Family; Islam; Nonformal education; Traditional tools; Womens participation,https://ich.unesco.org/en/RL/01744
dda85227-8c55-4f0a-94ca-a4952c56d79e,1683,2021,Kaustinen fiddle playing and related practices and expressions,FI,RL,Representative List,String instruments,Choir singing; Dance; Festivals; Funeral; Instrument making; Musical instruments; Vocal music; Wedding,https://ich.unesco.org/en/RL/01683
75bda6cf-c9fd-4259-a8b2-807ea6b29ea0,1708,2021,"Falconry, a living human heritage",AE; AT; BE; HR; CZ; FR; DE; HU; IE; IT; KZ; KR; KG; MN; MA; NL; PK; PL; PT; QA; SA; SK; ES; SY,RL,Representative List,Technical skills,Handicrafts; Leather; Open spaces; Traditional tools,https://ich.unesco.org/en/RL/01708
8b2986b3-632e-46c3-9af0-5643d36b6755,1607,2021,Gamelan,ID,RL,Representative List,Music education; Percussion instruments,Instrument making; Metalworking; Musical instruments; Musical notation; Musical performances; Orchestras; String instruments; Temples; Vocal music; Woodwind instruments; Woodworking,https://ich.unesco.org/en/RL/01607
439216e2-c3a5-45f8-b961-5469e60be077,1681,2021,"L-Għana, a Maltese folksong tradition",MT,RL,Representative List,Local languages; Vocal music,Competition; Entertainment; Epic poetry; Festivals; Improvisation; Instrumental music; Musical instruments; String instruments,https://ich.unesco.org/en/RL/01681
4054d95e-487b-4d15-8676-40521fae17cb,1505,2021,Songket,MY,RL,Representative List,Textile arts; Weaving,Clothing; Correctional education; Decorative arts; Fashion; Monarchy; Rituals; Spinning; Wedding; Women artists,https://ich.unesco.org/en/RL/01505
f2d45b47-cb12-46ad-96ef-13694bd99595,1483,2021,Tbourida,MA,RL,Representative List,Equestrian games; Sports competitions,Acrobatics; Agricultural ritual; Bladed weapons; Costumes; Festivals; Handicrafts; Horse riding; Islam; Procession; Rituals; War; Weapons,https://ich.unesco.org/en/RL/01483
ce2c7b7a-a2e3-425a-a694-d3c49b657703,1596,2020,Sauna culture in Finland,FI,RL,Representative List,Heating; Hygiene,Building design; Family; Festivals; Formal education; Ritual purification; Smoke; Social inclusion; Swimming; Traditional medicine,https://ich.unesco.org/en/RL/01596
3ddee091-d365-4898-976e-94a642d4ed93,1707,2021,"Corso culture, flower and fruit parades in the Netherlands",NL,RL,Representative List,Festivals; Procession,Agricultural ritual; Apprenticeship; Carnival; Community participation; Competition; Costumes; Entertainment; Float; Handicrafts; Sculpture; Street art,https://ich.unesco.org/en/RL/01707
458698c4-161b-4ec5-99b1-9b9d0cfb01f6,1581,2020,"Musical art of horn players, an instrumental technique linked to singing, breath control, vibrato, resonance of place and conviviality",FR; BE; LU; IT,RL,Representative List,Instrumental music; Orchestras; Wind instruments,Churches; Craft workers; Creativity; Equestrian games; Festivals; Instrument making; Music education; Nonformal education; Social gathering; Talent; Training courses; Vocal music,https://ich.unesco.org/en/RL/01581
08bddc70-68d6-46ad-ba23-95ad58363614,1722,2021,"The art of embroidery in Palestine, practices, skills, knowledge and rituals",PS,RL,Representative List,Embroidery; Textile arts,Clothing; Decorative arts; Girls education; Homemakers; Refugees; Religious art; Weaving; Wedding; Women artists; Womens employment,https://ich.unesco.org/en/RL/01722
13e8ee06-c73b-4c32-90ed-4239b6e84140,1612,2021,Dances and expressions associated with the Corpus Christi Festivity,PA,RL,Representative List,Catholicism; Procession,Carnival; Costumes; Dance; Festivals; Masks; Moral values; Popular music; Popular theatre; Religious practice; Religious syncretism; Saints; Street art; Transvestism,https://ich.unesco.org/en/RL/01612
66c32b37-478d-4af7-92b4-06feb3a1b420,1962,2023,Garba of Gujarat,IN,RL,Representative List,Dance; Rituals; Vocal music,Body percussion; Ceramic art; Costumes; Festivals; Gender minorities; Hinduism; Oral tradition; Religious practice; Social participation; Womens participation,https://ich.unesco.org/en/RL/01962
d136c853-3bdd-47c7-aee0-e6472519b861,1591,2020,The art of glass beads,IT; FR,RL,Representative List,Art glass; Craft workers,Apprenticeship; Colours; Embroidery; Engraving; Family; Formal education; Jewelry; Kiln; Museums; Scientific innovations; Talent; Weaving; Workshops (teaching method),https://ich.unesco.org/en/RL/01591
5de032de-fad4-4b2c-9d76-9091cdc96e53,1718,2021,"Arabic calligraphy: knowledge, skills and practices",SA; DZ; BH; EG; IQ; JO; KW; LB; MR; MA; OM; PS; SD; TN; AE; YE,RL,Representative List,Calligraphy; Educational projects; Islam,Alphabets; Apprenticeship; Christianity; Decorative arts; Drawing; Embroidery; Inks; Interfaith practices; Metalworking; Murals; Paper; Wood carving; Writing systems,https://ich.unesco.org/en/RL/01718
7d14e3c4-30d7-4894-baa8-e6956a9ecba6,1951,2023,"Arts, skills and practices associated with engraving on metals (gold, silver and copper)",IQ; DZ; EG; MR; MA; PS; SA; SD; TN; YE,RL,Representative List,Engraving; Metalworking; Technical skills,Apprenticeship; Bladed weapons; Decorative arts; Geometry; Income; Jewelry; Pattern; Religious belief; Symbols,https://ich.unesco.org/en/RL/01951
74e2c2a4-62ff-46a2-9f90-ea2c139cc9e6,1693,2021,Traditional craftsmanship of making Dumbara Ratā Kalāla,LK,RL,Representative List,Textile arts; Weaving,Buddhism; Decorative arts; Employment opportunities; Hinduism; Natural dyes; Spinning; Symbols,https://ich.unesco.org/en/RL/01693
2947dba1-630b-4814-8df6-aa73f1093927,1987,2023,Sodai straw garden making in Lithuania,LT,RL,Representative List,Decorative arts; Technical skills; Women,Creativity; Family; Formal education; Geometry; Life cycle; Prosperity ritual; Symbols,https://ich.unesco.org/en/RL/01987
9b95c1c2-a470-49b7-9a94-546e9740dd82,1603,2020,"Practices and traditional knowledge of Terere in the culture of Pohã Ñana, Guaraní ancestral drink in Paraguay",PY,RL,Representative List,Beverages,Apprenticeship; Craft workers; Dialects; Family; Farmers; Food preparation; Oral tradition; Rituals; Social inclusion; Traditional medicine,https://ich.unesco.org/en/RL/01603
1bff86c1-907f-4f35-b66c-64018a03fc27,1871,2023,"Maltese Village Festa, an annual community celebration",MT,RL,Representative List,Festivals; Procession; Religious practice,Christianity; Churches; Craft workers; Decorative arts; Fraternity; Orchestras; Pyrotechnics; Sculpture; Social participation,https://ich.unesco.org/en/RL/01871
d4da4c3b-a0de-4519-977f-ce6209606e6a,1684,2021,"Hüsn-i Hat, traditional calligraphy in Islamic art in Turkey",TR,RL,Representative List,Calligraphy,Alphabets; Decorative arts; Glaze; Handwriting; Islam; Manuscripts; Mosques; Natural pigments; Poetry; Sufism; Writing systems,https://ich.unesco.org/en/RL/01684
c0c08ab6-3d65-4f09-8bbb-0fa500fabf98,1960,2023,"Mahadra, a community system for transmission of traditional knowledge and oral expressions",MR,RL,Representative List,Community education; Dissemination of knowledge; Memorization; Oral tradition,Cultural environment; Literacy; Moral values; Nomadism; Poetry; Religious education; Social participation,https://ich.unesco.org/en/RL/01960
0eada80d-9be5-43be-b831-454c17491d58,1601,2021,"Ornek, a Crimean Tatar ornament and knowledge about it",UA,RL,Representative List,Decorative arts; Embroidery,Art glass; Ceramic art; Costumes; Engraving; Fertility; Islam; Jewelry; Metalworking; Murals; Symbols; Textile arts; Weaving; Wood carving,https://ich.unesco.org/en/RL/01601
2261b425-8cd7-4c51-b826-1245bf0d9d5a,1706,2021,Bakhshi art,UZ,RL,Representative List,Bard; Epic poetry,Apprenticeship; Bowed string instruments; Festivals; Improvisation; Memorization; Mythology; Oral history; Percussion instruments; Plucked string instruments; Story telling; Vocal music; Wind instruments,https://ich.unesco.org/en/RL/01706
8dd0ed35-929b-4ee1-9548-bf05b14de004,1888,2023,ICH safeguarding practices program for the cultural and ecologic Sea Turtle Festival of Armila,PA,Art18,Register of Good Safeguarding Practices,Festivals,Community participation; Cosmology; Cultural events; Dance; Educational workshops; Handicrafts; Holism; Instrumental music; Oral tradition; Waste treatment,https://ich.unesco.org/en/Art18/01888
7db6ae70-6940-4dfe-8480-6355abb48ba1,1976,2023,"Nyckelharpa network, an innovative dissemination of a music and instrument-building tradition with roots in Sweden",SE,Art18,Register of Good Safeguarding Practices,Bowed string instruments; Cultural organizations; Instrument making,Acoustics; Cultural cooperation; Dance; Music education; Scientific publications; Seminars (teaching method); Sound recordings,https://ich.unesco.org/en/Art18/01976
7b8a80af-bac6-470a-bff8-c0f4cb83f335,1716,2021,National programme to safeguard the traditional art of calligraphy in Iran,IR,Art18,Register of Good Safeguarding Practices,Calligraphy; Technical skills,Alphabets; Apprenticeship; Community education; Competition; Cultural exhibitions; Islam; Nonformal education; Publishing; Typesetting; Writing systems,https://ich.unesco.org/en/Art18/01716
b272131f-8e6f-4fc6-9eb1-3ff3fd3464e9,1558,2020,"Craft techniques and customary practices of cathedral workshops, or Bauhütten, in Europe, know-how, transmission, development of knowledge and innovation",DE; AT; FR; NO; CH,Art18,Register of Good Safeguarding Practices,Architecture; Know-how transfer; Religious buildings; Workshops (teaching method),Apprenticeship; Archives; Building stones; Carpentry; Festivals; Fraternity; Guild; Handicrafts; Historians; International cooperation; Restoration; Rituals; Safeguarding practices; Sculpture; Stained glass; Traditional tools,https://ich.unesco.org/en/Art18/01558
de05d879-1c5b-41d5-b97d-e662eb1f6999,1738,2021,"Nomad games, rediscovering heritage, celebrating diversity",KG,Art18,Register of Good Safeguarding Practices,Games; Nomadism,Archery; Competition; Contests; Cultural exhibitions; Decolonization; Educational games; Entertainment; Equestrian games; Festivals; Handicrafts; Horse riding; International cooperation; Nonformal education; Physical education; Sport; Wrestling,https://ich.unesco.org/en/Art18/01738
28c4e94e-5550-4fb8-ac6c-d4dfca069279,624,2012,Strategy for training coming generations of Fujian puppetry practitioners,CN,Art18,Register of Good Safeguarding Practices,Apprenticeship; Hand Puppet,Cultural exchange; Cultural exhibitions; Everyday life; Financial aid; Handicrafts; Idiophones; Instrumental music; Nongovernmental organizations; Percussion instruments; Regional cooperation; Representative literary works; Story telling; String instruments; Talent; Training centres; Vocal music; Woodwind instruments; Youth participation,https://ich.unesco.org/en/Art18/00624
6ad5a0e2-8702-44b9-a25c-e61f116f09be,666,2012,"Xtaxkgakget Makgkaxtlawana: the Centre for Indigenous Arts and its contribution to safeguarding the intangible cultural heritage of the Totonac people of Veracruz, Mexico",MX,Art18,Register of Good Safeguarding Practices,Handicrafts education; Nonformal education; Safeguarding practices,Apprenticeship; Ceramic art; Costumes; Cultural organizations; Educational institutions; Food customs; Instrumental music; Painting; Religious belief; Spinning; Story telling; Theatre; Traditional medicine; Weaving,https://ich.unesco.org/en/Art18/00666
a81076d0-ac26-4055-8430-abb43689e23f,982,2014,Male-child cleansing ceremony of the Lango of central northern Uganda,UG,USL,Urgent Safeguarding List,Boys; Ritual purification; Rituals,Brewing; Ceramic art; Dance; Family; Fertility ritual; Food customs; Food preparation; Hair; Kinship; Mothers; Religious belief; Social status; Spiritual retreat; Traditional medicine; Vocal music,https://ich.unesco.org/en/USL/00982
1ab7d9e2-6b99-4de6-9d17-0446d065dd53,1017,2014,"Safeguarding the carillon culture: preservation, transmission, exchange and awareness-raising",BE,Art18,Register of Good Safeguarding Practices,Idiophones; Instrumental music; Musical instruments,Churches; Cultural innovations; Festivals; Instrument making; Music education; Restoration; Technical skills; Writing (composition),https://ich.unesco.org/en/Art18/01017
67f3587d-e108-4c37-aac5-feea770a4f87,630,2014,"Pujllay and Ayarichi, music and dances of the Yampara culture",BO,RL,Representative List,Dance; Fertility ritual; Instrumental music,Beverages; Choreography; Costumes; Craft workers; Festivals; Food preparation; Legendary creatures; Religious practice; Religious syncretism,https://ich.unesco.org/en/RL/00630
b14807f7-9ff5-4807-8b1a-96e582467677,988,2014,Baile Chino,CL,RL,Representative List,Dance; Instrumental music; Vocal music,Catholicism; Flags; Fraternity; Improvisation; Percussion instruments; Procession; Religious practice; Woodwind instruments,https://ich.unesco.org/en/RL/00988
bf1ef28b-83f0-49fb-94e8-b2a9a366bcbc,996,2014,Kazakh traditional art of Dombra Kuy,KZ,RL,Representative List,Instrumental music; Plucked string instruments,Apprenticeship; Cultural events; Festivals; Food customs; Improvisation; Legends; Performers; Religious belief; Story telling,https://ich.unesco.org/en/RL/00996
27e5d7f8-3a1f-4b9c-9e5d-b4c33ff87aa0,1000,2014,"Al-Zajal, recited or sung poetry",LB,RL,Representative List,Oral tradition; Poetry; Vocal music,Conflict resolution; Contests; Emotions; Everyday life; Family; Intercultural dialogue; Interfaith practices; Musical instruments; Politics; Religions; Tolerance,https://ich.unesco.org/en/RL/01000
282748e7-5c8c-4a21-896d-ba4993ce5931,1003,2014,Traditional Mauritian Sega,MU,RL,Representative List,Dance; Instrumental music,Apprenticeship; Costumes; Emotions; Idiophones; Improvisation; Instrument making; Oral tradition; Percussion instruments; Slavery; Vocal music,https://ich.unesco.org/en/RL/01003
67972595-1d86-4334-b4d7-79499f976d45,1009,2014,Practices and expressions of joking relationships in Niger,NE,RL,Representative List,Culture of peace; Humour (literary); Kinship; Socio-cultural practices,Community leaders; Conflict resolution; Family; Friendship; Multiethnic societies; Offering; Rituals; Tribes; Wedding,https://ich.unesco.org/en/RL/01009
92470e3c-7900-4aec-b868-27a471318cca,1012,2014,"Al-Ayyala, a traditional performing art of the Sultanate of Oman and the United Arab Emirates",OM; AE,RL,Representative List,Dance; Poetry; Vocal music,Bladed weapons; Choreography; Costumes; Festivals; Idiophones; Instrument making; Percussion instruments; Performing arts; Stick,https://ich.unesco.org/en/RL/01012
c72276e9-00b3-4c24-a632-6bf2c9f04609,717,2014,"Nongak, community band music, dance and rituals in the Republic of Korea",KR,RL,Representative List,Dance; Instrumental music; Performing arts,Acrobatics; Costumes; Drama; Festivals; Musical instruments; New year; Ritual purification; Rituals,https://ich.unesco.org/en/RL/00717
a59ea617-b705-4596-8ee8-544145f6f089,995,2014,"Kopachkata, a social dance from the village of Dramche, Pijanec",MK,RL,Representative List,Dance,Choreography; Costumes; Festivals; Food customs; Funeral; Percussion instruments; Plucked string instruments; Religious practice; Wedding; Wind instruments; Woodwind instruments,https://ich.unesco.org/en/RL/00995
90e993b7-14e9-4df5-97d1-3a4990aa1717,644,2014,"Ebru, Turkish art of marbling",TR,RL,Representative List,Painting; Paper; Technical skills,Apprenticeship; Craft workers; Natural dyes; Natural pigments; Oral tradition; Pattern; Visual arts; Women workers,https://ich.unesco.org/en/RL/00644
5215d769-729e-4e3a-86c0-35088f44d86e,1489,2019,Rituals and practices associated with Kit Mikayi shrine,KE,USL,Urgent Safeguarding List,Prosperity ritual; Religious practice,Dance; Food preparation; Offering; Oral tradition; Ritual purification; Sacred sites; Temples; Traditional medicine; Veneration of the dead; Vocal music,https://ich.unesco.org/en/USL/01489
d42d82ef-29a5-4eeb-8c8e-9f79c8662964,1095,2015,Traditional Vallenato music of the Greater Magdalena region,CO,USL,Urgent Safeguarding List,Instrumental music; Vocal music,Contests; Disc recordings; Emotions; Everyday life; Festivals; Idiophones; Improvisation; Multiculturalism; Percussion instruments; Plucked string instruments; Satire; Slavery; Urban spaces; Wind instruments; Work songs,https://ich.unesco.org/en/USL/01095
f0cfbbd6-568e-4836-b4df-85d4503892e4,1490,2019,Sega tambour Chagos,MU,USL,Urgent Safeguarding List,Instrumental music; Percussion instruments,Alcoholic beverages; Dance; Displaced persons; Emotions; Food preparation; Hospitality; Idiophones; Slavery; Vocal music; Wedding,https://ich.unesco.org/en/USL/01490
2bf87573-cbc4-44a6-95c3-0a950bf8dde7,1374,2018,Lkhon Khol Wat Svay Andet,KH,USL,Urgent Safeguarding List,Costumes; Masks; Ritual dance,Agricultural ritual; Buddhism; Choreography; Epic poetry; Idiophones; Instrumental music; Oral tradition; Percussion instruments; Performing arts; Ritual purification; Spiritualism,https://ich.unesco.org/en/USL/01374
e8523b13-2139-4804-a24f-b570cc883d89,1199,2016,Bisalhães black pottery manufacturing process,PT,USL,Urgent Safeguarding List,Ceramic art; Technical skills,Decorative arts; Gender division of labour; Handicrafts; Kiln; Kinship; Pattern; Raw materials; Traditional tools,https://ich.unesco.org/en/USL/01199
c4a807be-f1ff-4654-a0c5-e3f2dd8f75b4,1495,2019,"Buklog, thanksgiving ritual system of the Subanen",PH,USL,Urgent Safeguarding List,Family; Prosperity ritual; Veneration of the dead,Architecture; Dance; Divination; Epic poetry; Food preparation; Idiophones; Incense; Offering; Religious practice; Social inclusion; Traditional medicine,https://ich.unesco.org/en/USL/01495
cb0f134f-014d-47cb-bb5a-af1080b8484c,1187,2016,Ma'di bowl lyre music and dance,UG,USL,Urgent Safeguarding List,Dance; Instrumental music; Plucked string instruments; Vocal music,Agricultural ritual; Clans; Conflict resolution; Emotions; Family; Food preparation; Funeral; Instrument making; Oral history; Rituals; Technical skills; Veneration of the dead; Wedding,https://ich.unesco.org/en/USL/01187
ec5860ae-1d36-47f9-a003-f43509dde518,1194,2016,Cossack’s songs of Dnipropetrovsk Region,UA,USL,Urgent Safeguarding List,Polyphonic singing; Vocal music,Armed forces; Family; Food customs; Nonformal education; Oral history; Talent; War,https://ich.unesco.org/en/USL/01194
0d027f86-f443-40c6-a19d-3b73e63dd538,1381,2018,"Suri Jagek (observing the sun), traditional meteorological and astronomical practice based on the observation of the sun, moon and stars in reference to the local topography",PK,USL,Urgent Safeguarding List,Astronomy; Weather forecasting,Calendars; Dance; Festivals; Oral tradition; Proverbs; Religious practice; Rituals; Technical skills; Vocal music,https://ich.unesco.org/en/USL/01381
693a4e3a-ccb0-4d12-96ba-d77a6805ed7a,1188,2017,"Dolma making and sharing tradition, a marker of cultural identity",AZ,RL,Representative List,Food preparation,Food customs; Gender division of labour; Hospitality; Social gathering; Technical skills,https://ich.unesco.org/en/RL/01188
10a0019b-0c61-4561-97dc-11fe8bd12aad,1365,2018,"Blaudruck/Modrotisk/Kékfestés/Modrotlač, resist block printing and indigo dyeing in Europe",AT; CZ; DE; HU; SK,RL,Representative List,Natural dyes; Printing; Textile arts,Colours; Craft workers; Dyes technology; Handicrafts; Pattern; Spinning; Technical skills; Weaving; Wood carving,https://ich.unesco.org/en/RL/01365
ce4d9e69-cec6-42c8-b879-70100ce335b5,667,2015,"Sbuâ, annual pilgrimage to the zawiya of Sidi El Hadj Belkacem in Gourara",DZ,RL,Representative List,Pilgrimages,Agricultural ritual; Dance; Flags; Food preparation; Islam; Kinship; Oral tradition; Poetry; Procession; Saints; Vocal music,https://ich.unesco.org/en/RL/00667
7335552f-7665-4b29-b596-c762a2d6f961,1073,2015,Summer solstice fire festivals in the Pyrenees,AD; ES; FR,RL,Representative List,Festivals,Calendars; Costumes; Dance; Initiation rites; Procession; Pyrotechnics,https://ich.unesco.org/en/RL/01073
94d2a2e1-03b1-42c1-91b4-9ba2219eb854,1289,2018,Picking of iva grass on Ozren mountain,BA,RL,Representative List,Religious practice,Alcoholic beverages; Costumes; Dance; Food preparation; Instrumental music; Nonformal education; Orthodox Churches; Traditional medicine; Vocal music,https://ich.unesco.org/en/RL/01289
e72a9c50-8174-48f5-a420-eb6de97120cc,1366,2019,"Ommegang of Brussels, an annual historical procession and popular festival",BE,RL,Representative List,Archery; Historical reenactment; Procession,Acrobatics; Costumes; Dance; Flags; Handicrafts; Legendary creatures; Sports competitions; Urban spaces,https://ich.unesco.org/en/RL/01366
0a85ee5d-45a6-42fa-a2de-e395149aa095,1062,2016,Beer culture in Belgium,BE,RL,Representative List,Brewing; Fermented beverages,Apprenticeship; Craft workers; Everyday life; Fermentation; Food customs; Food preparation; Friendship; Hospitality; Training courses,https://ich.unesco.org/en/RL/01062
abef5f8f-af38-4506-b5e3-246ab414887f,1387,2018,Celebration in honor of the Budslaŭ icon of Our Lady (Budslaŭ fest),BY,RL,Representative List,Icons; Pilgrimages; Religious practice,Catholicism; Churches; Clergy; Festivals; Procession; Religious belief,https://ich.unesco.org/en/RL/01387
7d224601-208b-48ea-9b7f-26572d1fa253,1106,2015,Classical horsemanship and the High School of the Spanish Riding School Vienna,AT,RL,Representative List,Horse riding,Apprenticeship; Costumes; Handicrafts; Hats; Metalworking; Technical skills; Training centres,https://ich.unesco.org/en/RL/01106
e3445ea9-3bdb-4b2c-9e2d-894c6d65895a,675,2015,Copper craftsmanship of Lahij,AZ,RL,Representative List,Handicrafts; Metalworking,Apprenticeship; Craft workers; Decorative arts; Engraving; Family; Food preparation; Furniture; Income; Pattern; Wedding,https://ich.unesco.org/en/RL/00675
12115aaf-da03-4358-9e09-890a3d282c49,1386,2018,"Lum medicinal bathing of Sowa Rigpa, knowledge and practices concerning life, health and illness prevention and treatment among the Tibetan people in China",CN,RL,Representative List,Spiritual knowledge; Traditional medicine,Buddhism; Health; Religious practice; Representative literary works,https://ich.unesco.org/en/RL/01386
9d64ef02-94fb-47fd-b385-966e2c62eb0a,1508,2019,Byzantine chant,CY; GR,RL,Representative List,Choir singing; Religious music; Vocal music,Churches; Memorization; Music education; Musical notation; Oral tradition; Orthodox Churches; Religious practice; Talent,https://ich.unesco.org/en/RL/01508
f1e1c432-4b5b-4a11-a9d2-97e8fa59dbcf,1396,2018,"Međimurska popevka, a folksong from Međimurje",HR,RL,Representative List,Choir singing; Instrumental music; Vocal music,Catholicism; Costumes; Dance; Emotions; Humour (literary); Oral tradition; Religious practice; Wedding; Work songs,https://ich.unesco.org/en/RL/01396
f29100bc-5f3b-44ea-bbbc-c4ee4d0dd338,1491,2019,Ethiopian epiphany,ET,RL,Representative List,Festivals; Orthodox Churches; Procession; Religious practice,Carpets; Christianity; Clergy; Food preparation; Income; Peacebuilding; Religious music; Social gathering,https://ich.unesco.org/en/RL/01491
a483aedb-ae87-43d7-ad9f-23cb8087cb0b,1471,2019,Alpinism,FR; IT; CH,RL,Representative List,Sport; Technical skills,Clubs; Emotions; Professional training; Safety measures; Sports equipement; Tourism; Weather forecasting,https://ich.unesco.org/en/RL/01471
a29a514b-9003-43e3-9798-785ad2fdb105,1077,2016,Carnival of Granville,FR,RL,Representative List,Carnival; Procession,Costumes; Dance; Effigies; Float; Handicrafts; Humour (literary); Orchestras; Painting; Religious practice; Satire,https://ich.unesco.org/en/RL/01077
af4e2eff-f96e-48ab-b811-d9c1766d0a63,1099,2015,"Marimba music, traditional chants and dances from the Colombia South Pacific region and Esmeraldas Province of Ecuador",CO; EC,RL,Representative List,Dance; Idiophones; Instrumental music,Food customs; Funeral; Instrument making; Oral history; Poetry; Religious practice; Ships; Vocal music,https://ich.unesco.org/en/RL/01099
8064d530-f833-43c5-aade-c190e9d38500,1184,2016,"Momoeria, New Year's celebration in eight villages of Kozani area, West Macedonia, Greece",GR,RL,Representative List,Dance; New year; Prosperity ritual,Audience participation; Choreography; Costumes; Drama; Instrumental music; Masks; Orthodox Churches; Procession; Ritual purification; Satire; Transvestism,https://ich.unesco.org/en/RL/01184
b34d9817-04a1-4848-857c-8d691daa2a95,1054,2015,"Fichee-Chambalaalla, New Year festival of the Sidama people",ET,RL,Representative List,Conflict resolution; Festivals; New year,Calendars; Clans; Dance; Divination; Family; Food preparation; Multiethnic societies; Offering; Oral tradition,https://ich.unesco.org/en/RL/01054
719a06e0-16cf-48d3-91e4-5b0f144a2fd8,1163,2016,Yoga,IN,RL,Representative List,Mind; Physical education; Spiritual knowledge,Apprenticeship; Food customs; Health; Hygiene; Oral tradition; Philosophy; Religious practice; Respiratory systems; Sport; Traditional medicine,https://ich.unesco.org/en/RL/01163
2a0041ab-3897-4e1f-8f1d-3777f0d92428,1461,2019,Irish harping,IE,RL,Representative List,Instrumental music; Music education; Plucked string instruments,Culture of peace; Festivals; Funeral; Instrument making; Oral tradition; Poetry; Vocal music; Wedding,https://ich.unesco.org/en/RL/01461
579d999e-4c56-470e-8ce3-02d3a7062f48,1398,2018,Reggae music of Jamaica,JM,RL,Representative List,Instrumental music; Vocal music,Colonial history; Disadvantaged groups; Emotions; Percussion instruments; Plucked string instruments; Religious belief; Slavery; Wind instruments,https://ich.unesco.org/en/RL/01398
c02dd44f-ef01-462e-a0f2-d3f39c564c6f,1159,2016,Khidr Elias feast and its vows,IQ,RL,Representative List,Festivals; Prosperity ritual; Religious practice,Christianity; Costumes; Dance; Food customs; Instrumental music; Interfaith practices; Islam; Multiethnic societies; Offering; Sacred sites; Saints; Sports competitions,https://ich.unesco.org/en/RL/01159
4b5e541e-11cb-4e7e-9dea-fe0a74b3b2d0,617,2015,Three genres of traditional dance in Bali,ID,RL,Representative List,Choreography; Dance,Costumes; Craft workers; Epic poetry; Festivals; Idiophones; Instrument making; Instrumental music; Jewelry; Masks; Percussion instruments; Ritual purification; Rituals,https://ich.unesco.org/en/RL/00617
e2de8406-793c-4eac-95e2-b01c7b4452f6,1271,2018,"Raiho-shin, ritual visits of deities in masks and costumes",JP,RL,Representative List,Masks; New year; Seasonal ritual,Costumes; Food preparation; Handicrafts; Legendary creatures; Moral values; Nonformal education; Percussion instruments; Procession; Religious belief; Ritual purification,https://ich.unesco.org/en/RL/01271
ff321e3d-026b-4482-87ff-62a1be82d048,1496,2019,"Ak-kalpak craftsmanship, traditional knowledge and skills in making and wearing Kyrgyz men’s headwear",KG,RL,Representative List,Handicrafts; Hats,Colours; Embroidery; Family; Income; Nomads; Oral history; Pattern; Symbols; Textile arts; Veneration of the dead,https://ich.unesco.org/en/RL/01496
ed2ce7b6-bd14-491e-b377-ebb22917cb64,1301,2018,As-Samer in Jordan,JO,RL,Representative List,Dance; Vocal music; Wedding,Bladed weapons; Body percussion; Choreography; Costumes; Emotions; Nonformal education; Poetry,https://ich.unesco.org/en/RL/01301
db9aa14e-8621-4cc7-965c-d412b42ba406,1085,2016,Kuresi in Kazakhstan,KZ,RL,Representative List,Sports competitions; Wrestling,Apprenticeship; Epic poetry; Folk literature; National broadcasting; Nomads; Tolerance,https://ich.unesco.org/en/RL/01085
c1b54775-ffb8-4772-8ba2-96a9f08db5bf,997,2015,"Aitysh/Aitys, art of improvisation",KZ; KG,RL,Representative List,Improvisation; Poetry; Vocal music,Apprenticeship; Awards; Duet; Festivals; Humour (literary); Oral tradition; Plucked string instruments; Proverbs; Wisdom,https://ich.unesco.org/en/RL/00997
573369c5-5dcd-44e1-881f-e9bbff29c2c0,1402,2018,Traditional spring festive rites of the Kazakh horse breeders,KZ,RL,Representative List,Festivals; Seasonal ritual,Brewing; Dance; Food preparation; Games; Instrumental music; Nomadism; Smoke; Vocal music; Weaving,https://ich.unesco.org/en/RL/01402
5cba0722-0196-485d-a973-018337263f2f,1504,2019,Silat,MY,RL,Representative List,Martial arts; Sport,Apprenticeship; Bladed weapons; Choreography; Costumes; Moral values; Self discipline; Stick; Technical skills,https://ich.unesco.org/en/RL/01504
14c4df1b-6c75-48ec-8c17-0e0fb42257d2,1108,2016,"Charrería, equestrian tradition in Mexico",MX,RL,Representative List,Sports competitions,Costumes; Craft workers; Cultural events; Dance; Family; Handicrafts; Instrumental music,https://ich.unesco.org/en/RL/01108
81232cda-8e16-4322-95f2-70305ff3dd0e,1089,2015,"Oshituthi shomagongo, marula fruit festival",NA,RL,Representative List,Beverages; Festivals,Dance; Fermentation; Food preparation; Gender division of labour; Rituals; Traditional tools; Work songs; Youth participation,https://ich.unesco.org/en/RL/01089
33a3d607-4f1a-4966-86ed-760af38597fb,1068,2016,Culture of Jeju Haenyeo (women divers),KR,RL,Representative List,Women workers,Apprenticeship; Cooperatives; Fishing rights; Offering; Prosperity ritual; Technical skills; Wisdom; Womens status; Work songs,https://ich.unesco.org/en/RL/01068
2254254f-68ee-4c2e-9fef-fcebea872f86,1410,2018,Dondang Sayang,MY,RL,Representative List,Emotions; Poetry; Vocal music,Bowed string instruments; Costumes; Dance; Festivals; Idiophones; Instrumental music; Percussion instruments; Performing arts; Talent; Wedding; Wind instruments,https://ich.unesco.org/en/RL/01410
b6ec4120-bc73-4980-b041-3c00d2885074,1092,2015,Lad’s dances in Romania,RO,RL,Representative List,Dance; Performing arts,Choreography; Costumes; Holidays; Instrumental music; Intercultural dialogue; Single persons; Vocal music; Wedding,https://ich.unesco.org/en/RL/01092
d50aa350-e79f-408f-84b2-c4fce699ce1f,1170,2019,Gnawa,MA,RL,Representative List,Slavery; Traditional medicine; Vocal music,Costumes; Dance; Festivals; Food preparation; Fraternity; Idiophones; Instrument making; Percussion instruments; String instruments; Trance,https://ich.unesco.org/en/RL/01170
9cbfc831-1336-4f77-803f-404f8beb5ba3,1400,2018,La Romería (the pilgrimage): ritual cycle of 'La llevada' (the carrying) of the Virgin of Zapopan,MX,RL,Representative List,Catholicism; Pilgrimages; Procession,Churches; Colonial history; Costumes; Dance; Effigies; Handicrafts; Instrumental music; Orchestras; Religious practice; Vocal music,https://ich.unesco.org/en/RL/01400
67137486-dbe0-48ab-a750-778abe1c161f,1167,2016,Traditional wall-carpet craftsmanship in Romania and the Republic of Moldova,RO; MD,RL,Representative List,Carpets; Weaving,Decorative arts; Family; Funeral; Furniture; Natural dyes; Pattern; Spinning; Wedding; Women workers,https://ich.unesco.org/en/RL/01167
30f41a30-ecb9-4aa2-bb4e-009748531afd,1075,2015,Bagpipe culture,SK,RL,Representative List,Instrument making; Instrumental music; Woodwind instruments,Costumes; Craft workers; Cultural events; Dance; Engraving; Family; Leather; Music education; Vocal music,https://ich.unesco.org/en/RL/01075
d0499857-7ff1-4129-9452-68c3b84401b9,1309,2019,‘Hatajo de Negritos’ and ‘Hatajo de Pallitas’ from the Peruvian south-central coastline,PE,RL,Representative List,Dance; Festivals; Religious practice,Body percussion; Choreography; Christianity; Colonial history; Costumes; Instrumental music; Slavery; Urban spaces; Vocal music,https://ich.unesco.org/en/RL/01309
4c8a1642-aa9f-4668-b779-273d1d13d411,1203,2016,Škofja Loka passion play,SI,RL,Representative List,Performing arts; Theatre,Christianity; Costumes; Craft workers; Family; Handicrafts; Historical reenactment; Makeup; Procession; Religious practice; Vocal music; Volunteers,https://ich.unesco.org/en/RL/01203
beec3c8f-ed1f-4fc8-a0f6-c2f0bbde7232,1463,2019,"Winter festivities, Carnival of Podence",PT,RL,Representative List,Carnival; Idiophones; Masks,Christianity; Colours; Costumes; Craft workers; Dance; Family; Fertility ritual; Seasonal ritual,https://ich.unesco.org/en/RL/01463
7e90ea1b-431c-47f3-a735-23dc1f8c3ee3,859,2016,Valencia Fallas festivity,ES,RL,Representative List,Festivals,Costumes; Craft workers; Effigies; Float; Instrumental music; Procession; Pyrotechnics; Satire,https://ich.unesco.org/en/RL/00859
2f52e47d-7d13-4878-b5dd-15fae60b204b,1378,2018,Bobbin lacemaking in Slovenia,SI,RL,Representative List,Bobbin; Decorative arts; Lace,Costumes; Creativity; Pattern; Talent; Technical skills,https://ich.unesco.org/en/RL/01378
b86cf78b-7808-4164-ac4f-d73669f277c9,1076,2015,"Majlis, a cultural and social space",AE; SA; OM; QA,RL,Representative List,Cultural space; Oral tradition; Social interaction,Conflict resolution; Ethics; Folk literature; Hospitality; Lawyers; Nomads; Spiritual knowledge; Tribes; Wedding,https://ich.unesco.org/en/RL/01076
a0798d5e-bf94-4b99-b5e1-7920326ae71f,1460,2019,Holy Week processions in Mendrisio,CH,RL,Representative List,Christianity; Painting; Procession,Costumes; Craft workers; Fraternity; Historical reenactment; Instrumental music; Nonformal education; Religious art; Restoration; Sculpture,https://ich.unesco.org/en/RL/01460
de1d0cb2-a4e7-4bb9-b618-af4c332ccbc9,1369,2019,Practices and craftsmanship associated with the Damascene rose in Al-Mrah,SY,RL,Representative List,Cosmetics; Craft workers,Chemical processes; Festivals; Food preparation; Traditional medicine; Work songs,https://ich.unesco.org/en/RL/01369
2d981121-fdf1-4687-b1a1-dc8b2b728b26,1380,2018,Avalanche risk management,CH; AT,RL,Representative List,Disaster risk reduction,Rural planning; Safety measures; Technical skills; Weather forecasting,https://ich.unesco.org/en/RL/01380
db66e9e3-fb8d-4028-b9ad-59835df3225a,1094,2015,Traditional knowledge and technologies relating to the growing and processing of the curagua,VE,RL,Representative List,Weaving,Family; Furniture; Gender division of labour; Oral tradition; Pattern; Spinning; Textile arts; Traditional tools,https://ich.unesco.org/en/RL/01094
733511e7-936e-4f9e-a562-70408398318e,1198,2016,"Carnival of El Callao, a festive representation of a memory and cultural identity",VE,RL,Representative List,Carnival; Festivals,Colonial history; Costumes; Dance; Family; Handicrafts; Instrumental music; Masks; Mining; Procession; Slavery,https://ich.unesco.org/en/RL/01198
b49811ca-5d42-4a02-b7c2-dee759e83e90,1367,2019,Traditional Turkish archery,TR,RL,Representative List,Archery; Craft workers; Sports competitions,Calligraphy; Costumes; Health; Nonformal education; Rituals; Sufism; Woodworking,https://ich.unesco.org/en/RL/01367
826ced5d-36bc-41bc-8ccb-7b6f36f68b1f,1169,2016,Regional Centres for Craftsmanship: a strategy for safeguarding the cultural heritage of traditional handicraft,AT,Art18,Register of Good Safeguarding Practices,Educational institutions; Handicrafts,Apprenticeship; Awards; Cooperatives; Cultural organizations; Exhibitions; Furniture; Hats; Marketing; Painting; Public private partnerships; Regional organizations; Safeguarding practices; Technical skills; Textile arts; Training centres; Weaving; Woodworking,https://ich.unesco.org/en/Art18/01169
83a9735e-9008-4c8d-9344-b9a7064078db,1177,2016,Safeguarding of the folk music heritage by the Kodály concept,HU,Art18,Register of Good Safeguarding Practices,Music education; Vocal music,Choir singing; Creativity; Cultural organizations; Early childhood education; Emotions; Folk art; Musicology; Nursery schools; Polyphonic singing; Pregnancy; Research strategies; Safeguarding practices; Social inclusion; Sound recordings; Teaching methods; Writing (composition),https://ich.unesco.org/en/Art18/01177
ece539f2-a887-4227-992d-99fa0b537ab4,1156,2016,Oselvar boat - reframing a traditional learning process of building and use to a modern context,NO,Art18,Register of Good Safeguarding Practices,Know-how transfer; Shipbuilding; Technical skills,Apprenticeship; Cultural organizations; Experts; Family; Guild; Handicrafts; Navigation; Repair workshops; Restoration; Sailing; Seminars (teaching method); Sports competitions; Woodworking,https://ich.unesco.org/en/Art18/01156
68473367-8666-4d06-9763-6db3c94cd3f7,726,2012,"Schemenlaufen, the carnival of Imst, Austria",AT,RL,Representative List,Carnival; Festivals; Masks; Procession,Costumes; Dance; Effigies; Fanfare; Float; Handicrafts; Idiophones; Religious practice; Wood carving,https://ich.unesco.org/en/RL/00726
8b0fa1e1-c0a9-44d8-bb8d-638b3387a657,729,2012,Traditional weaving of the Ecuadorian toquilla straw hat,EC,RL,Representative List,Handicrafts; Hats; Technical skills,Costumes; Craft workers; Family; Social capital; Weaving,https://ich.unesco.org/en/RL/00729
a5f7758b-1464-4105-8cce-bb9cfe98b2d2,707,2012,"Fest-Noz, festive gathering based on the collective practice of traditional dances of Brittany",FR,RL,Representative List,Dance; Festivals,Apprenticeship; Choreography; Fair; Food customs; Friendship; Instrumental music; Social inclusion; Vocal music; Wedding; Wind instruments,https://ich.unesco.org/en/RL/00707
3c6e76ce-648b-43f9-ba16-54fedfcfdad6,839,2012,"Buddhist chanting of Ladakh: recitation of sacred Buddhist texts in the trans-Himalayan Ladakh region, Jammu and Kashmir, India",IN,RL,Representative List,Buddhism; Religious practice; Vocal music,Choreography; Clergy; Costumes; Dance; Idiophones; Percussion instruments; Religious buildings; Religious music; Rituals; Wind instruments,https://ich.unesco.org/en/RL/00839
68703393-69fa-4a58-8284-ee695286d1d4,719,2012,Traditional violin craftsmanship in Cremona,IT,RL,Representative List,Bowed string instruments; Handicrafts; Instrument making,Acoustics; Apprenticeship; Craft workers; Cultural organizations; Instrumental music; Restoration; Technical skills; Traditional tools; Vocational schools,https://ich.unesco.org/en/RL/00719
6a5f4edf-e254-4a75-8de4-64e6eafa5a95,445,2012,"Arirang, lyrical folk song in the Republic of Korea",KR,RL,Representative List,Performing arts; Vocal music,Costumes; Dance; Emotions; Family; Festivals; Folk literature; Improvisation; Oral tradition; Orchestras; Wedding,https://ich.unesco.org/en/RL/00445
9ed7158d-fbc1-4079-b75a-8ac490d7aee1,735,2012,Worship of Hùng kings in Phú Thọ,VN,RL,Representative List,Pilgrimages; Rituals; Veneration of the dead,Aristocracy; Costumes; Float; Food customs; Historical reenactment; Instrumental music; Musical instruments; Mythology; Offering,https://ich.unesco.org/en/RL/00735
f422e193-4a1f-4532-9a00-46581c878ae3,1290,2017,Dikopelo folk music of Bakgatla ba Kgafela in Kgatleng District,BW,USL,Urgent Safeguarding List,Choir singing; Dance; Vocal music,Choreography; Community participation; Festivals; Funeral; Improvisation; Oral tradition; Satire; Wedding,https://ich.unesco.org/en/USL/01290
3501fafc-3a4c-4dae-a27c-0e6fc740634e,1285,2017,Colombian-Venezuelan llano work songs,CO; VE,USL,Urgent Safeguarding List,Vocal music; Work songs,Cultural space; Everyday life; Farmers; Oral tradition,https://ich.unesco.org/en/USL/01285
35b3220c-7073-4bbd-901e-aea8953e9069,1255,2017,"Zaouli, popular music and dance of the Guro communities in Côte d’Ivoire",CI,RL,Representative List,Dance; Instrumental music,Community leaders; Costumes; Craft workers; Divination; Festivals; Legends; Masks; Offering; Oral tradition; Percussion instruments; Sculpture; Weaving,https://ich.unesco.org/en/RL/01255
9fd02a01-747e-4484-901a-4f814561f2fe,1297,2017,Punto,CU,RL,Representative List,Plucked string instruments; Vocal music,Improvisation; Oral tradition; Orchestras; Percussion instruments; Performing arts; Poetry; Rural environment; Socio-cultural practices,https://ich.unesco.org/en/RL/01297
25e11c27-32fc-4846-b3a3-27ba187a4c29,1292,2017,"Nsima, culinary tradition of Malawi",MW,RL,Representative List,Food preparation; Women,Gender division of labour; Hospitality; Hygiene,https://ich.unesco.org/en/RL/01292
c203a333-1a6e-4932-adfc-c6e66bd7b271,1272,2017,"Artisanal processes and plant fibers techniques for talcos, crinejas and pintas weaving of the pinta’o hat",PA,RL,Representative List,Hats; Weaving,Costumes; Fair; Handicrafts; Natural dyes; Technical skills,https://ich.unesco.org/en/RL/01272
fb6294f8-cf33-441c-a986-4f54e3388a54,1155,2017,Traditional system of Corongo’s water judges,PE,RL,Representative List,Customary law,Christianity; Dance; Festivals; Lawyers; Prosperity ritual; Water storage,https://ich.unesco.org/en/RL/01155
2b59f0e6-ea97-4306-9292-1d9f4ff37f10,1279,2017,Craftmanship of Estremoz clay figures,PT,RL,Representative List,Ceramic art; Craft workers,Colours; Handicrafts; Kiln; Nonformal education; Painting; Religious art; Sculpture; Technical skills,https://ich.unesco.org/en/RL/01279
b04410b6-f769-4eed-aa48-df364905e5ed,1266,2017,Multipart singing of Horehronie,SK,RL,Representative List,Instrumental music; Polyphonic singing,Choir singing; Christianity; Festivals; Improvisation; Nonformal education; Religious music; Wedding,https://ich.unesco.org/en/RL/01266
ddd5a74f-d2a0-4f98-b1aa-76abadbd58a9,1262,2017,Basel Carnival,CH,RL,Representative List,Carnival; Masks,Costumes; Festivals; Float; Handicrafts; Instrumental music; Nonformal education; Percussion instruments; Procession; Satire; Wind instruments,https://ich.unesco.org/en/RL/01262
6a2aa33b-2c3f-4795-bbde-963159431fcf,1284,2017,"Spring celebration, Hıdrellez",MK; TR,RL,Representative List,Seasonal ritual,Body painting; Costumes; Dance; Fertility ritual; Food customs; Instrumental music; Prosperity ritual; Symbols; Wedding; Wrestling,https://ich.unesco.org/en/RL/01284
3a864629-a9f8-4827-89fd-98e7b40e230b,1260,2017,"Xoan singing of Phú Thọ province, Viet Nam",VN,RL,Representative List,Dance; Instrumental music; Vocal music,Costumes; Guild; Music education; New year; Percussion instruments; Performing arts; Prosperity ritual; Veneration of the dead,https://ich.unesco.org/en/RL/01260
e3459592-cd85-4133-b9a4-bf82e000dbd0,969,2017,Bulgarian Chitalishte (Community Cultural Centre): practical experience in safeguarding the vitality of the Intangible Cultural Heritage,BG,Art18,Register of Good Safeguarding Practices,Community centres; Safeguarding practices,Anniversary celebrations; Archives; Cultural centres; Cultural education; Cultural exhibitions; Dance; Dissemination of knowledge; Festivals; Musical performances; Nongovernmental organizations; Social gathering; Theatre,https://ich.unesco.org/en/Art18/00969
480eff44-5f29-4fa6-8578-7fd1b4e1d12c,258,2009,Tango,AR; UY,RL,Representative List,Dance; Instrumental music; Vocal music,Artists; Choreography; Composers; Emotions; Immigrants; Intercultural dialogue; Orchestras; Poetry; Slavery; Working class,https://ich.unesco.org/en/RL/00258
6aaf56c6-0771-4725-8687-a92b590c5c4b,217,2009,Art of Chinese seal engraving,CN,RL,Representative List,Engraving; Handicrafts; Numismatics; Politics,Aesthetics; Calligraphy; Ceramic art; Correspondence; Cultural elite; Inks; Metalworking; Painting; Paper; Social values; Symbols,https://ich.unesco.org/en/RL/00217
aba4fdc6-03dc-408c-b88b-8532a1ecd8ae,574,2011,Traditional knowledge of the jaguar shamans of Yuruparí,CO,RL,Representative List,Shamanism; Spiritual knowledge,Calendars; Cosmology; Cultural space; Dance; Food preparation; Holism; Initiation rites; Musical instruments; Oral tradition; Vocal music,https://ich.unesco.org/en/RL/00574
75bb6365-1d41-4ed9-8e73-a1ae3805ca48,200,2009,Craftsmanship of Nanjing Yunjin brocade,CN,RL,Representative List,Brocade; Clothing; Weaving,Aristocracy; Drawing; Dyes technology; Experts; Handicrafts; Know-how transfer; Memorization; Technical skills; Textile arts; Visual arts; Vocal music,https://ich.unesco.org/en/RL/00200
97d2faf2-da44-4c15-b834-f70835eebe37,213,2009,Farmers’ dance of China’s Korean ethnic group,CN,RL,Representative List,Instrumental music; Ritual dance,Choreography; Costumes; Farmers; Fertility ritual; Hats; Idiophones; Masks; Offering; Percussion instruments; Plucked string instruments; Religious practice; Woodwind instruments; Work songs,https://ich.unesco.org/en/RL/00213
d52b981f-ceb8-4db0-9716-e198c6664648,197,2009,Sericulture and silk craftsmanship of China,CN,RL,Representative List,Technical skills; Weaving,Apprenticeship; Costumes; Family; Handicrafts; Life cycle; Prosperity ritual; Ritual purification; Rural economy; Textile arts; Visual arts; Women workers,https://ich.unesco.org/en/RL/00197
8a07f63d-cb2b-46ff-9608-33f032fbb990,208,2009,Tibetan opera,CN,RL,Representative List,Opera; Theatre; Vocal music,Acrobatics; Buddhism; Choreography; Costumes; Dance; Festivals; Folk art; Idiophones; Masks; Moral values; Percussion instruments; Religious practice; Story telling,https://ich.unesco.org/en/RL/00208
d7c8500e-b626-4e43-8d78-00342bfec813,411,2011,"Mibu no Hana Taue, ritual of transplanting rice in Mibu, Hiroshima",JP,RL,Representative List,Agricultural ritual,Animism; Choreography; Costumes; Decorative arts; Festivals; Musical instruments; Procession; Prosperity ritual; Religious practice; Temples; Traditional tools; Work songs,https://ich.unesco.org/en/RL/00411
47263aad-b668-474a-8c5e-b2cd08a202e2,212,2009,Xi’an wind and percussion ensemble,CN,RL,Representative List,Instrumental music; Orchestras; Vocal music,Apprenticeship; Festivals; Idiophones; Music education; Musical notation; Oral tradition; Percussion instruments; Procession; Religious belief; Wind instruments; Women artists,https://ich.unesco.org/en/RL/00212
bc3f2d4d-95e0-4465-85f0-177879b4d929,259,2009,Holy Week processions in Popayán,CO,RL,Representative List,Procession; Religious practice,Armed forces; Catholicism; Choir singing; Churches; Clergy; Costumes; Effigies; Fanfare; Float; Handicrafts; Incense; Multiethnic societies; Reconstruction (buildings); Sculpture; Wood carving,https://ich.unesco.org/en/RL/00259
da73ab24-5eff-46b6-a2fe-b2b07baeaaaf,243,2009,Annual carnival bell ringers’ pageant from the Kastav area,HR,RL,Representative List,Carnival; Rituals,Beverages; Dance; Fertility ritual; Folk art; Food customs; Handicrafts; Hats; Humour (literary); Idiophones; Masks; Procession; Religious practice; Vocal music,https://ich.unesco.org/en/RL/00243
bb48659f-005d-4ad5-b46f-1abdc3273e85,232,2009,"Festivity of Saint Blaise, the patron of Dubrovnik",HR,RL,Representative List,Festivals; Religious practice; Saints,Beverages; Catholicism; Costumes; Fanfare; Fertility ritual; Festivity; Food; Handicrafts; Peace; Procession; Traditional medicine; Vocal music; Weapons,https://ich.unesco.org/en/RL/00232
40d2bf36-cd4b-4e1f-91fe-bff24efb4cfa,233,2009,Traditional manufacturing of children’s wooden toys in Hrvatsko Zagorje,HR,RL,Representative List,Toys; Wood carving,Craft workers; Educational toys; Fair; Family; Furniture; Handicrafts; Instrument making; Music education; Musical instruments; Natural pigments; Painting; Vehicles; Woodwind instruments,https://ich.unesco.org/en/RL/00233
08debfb4-47f6-478c-bb6a-5fd8c97c9c8c,173,2009,"Seto Leelo, Seto polyphonic singing tradition",EE,RL,Representative List,Polyphonic singing; Vocal music; Work songs,Calendars; Choir singing; Costumes; Dance; Everyday life; Funeral; Instrumental music; Orthodox Churches; Religious practice; Wedding,https://ich.unesco.org/en/RL/00173
75a951cf-6e80-4ba1-8851-cbfd5ac29314,563,2011,"Fado, urban popular song of Portugal",PT,RL,Representative List,Musical performances; Poetry; Vocal music,Dance; Emotions; Family; Multiculturalism; Musicology; Performers; Plucked string instruments; Urban spaces; Working class,https://ich.unesco.org/en/RL/00563
fe4d19aa-5eb0-4109-b4af-1b1056ce5275,250,2009,Aubusson tapestry,FR,RL,Representative List,Tapestry; Textile arts; Weaving,Antiquities; Conservation techniques; Craft workers; Furniture; Graphic arts; Museums; Natural dyes; Painting; Restoration,https://ich.unesco.org/en/RL/00250
fd9605c1-948c-4fb8-b245-9a647b42517c,249,2009,Maloya,FR,RL,Representative List,Dance; Instrumental music; Vocal music,Choir singing; Idiophones; Interethnic relations; Music education; Musical styles; Percussion instruments; Performers; Poetry; Politics; Slavery; Social participation; Trance; Veneration of the dead,https://ich.unesco.org/en/RL/00249
eb0112c4-e162-42ce-a30a-534c7a049632,251,2009,Scribing tradition in French timber framing,FR,RL,Representative List,Architecture; Building design; Carpentry,Apprenticeship; Craft workers; Drawing; Geometry; Guild; Initiation rites; Know-how transfer; Mortise and tenon; Secret society,https://ich.unesco.org/en/RL/00251
6c0986b0-8402-484d-9fd6-0fcaa4f48989,252,2009,Busó festivities at Mohács: masked end-of-winter carnival custom,HU,RL,Representative List,Carnival; Masks; Procession,Craft workers; Cultural exhibitions; Fair; Folk art; Food; Handicrafts; Idiophones; Instrumental music; Ritual items; Ships; Vocal music; Wood carving,https://ich.unesco.org/en/RL/00252
166c0247-d7f8-4774-b5a4-f5fba2e70dea,452,2011,"Taekkyeon, a traditional Korean martial art",KR,RL,Representative List,Health; Martial arts; Sport,Acrobatics; Aesthetics; Apprenticeship; Choreography; Everyday life; Health policy; Sports competitions; Talent; Training centres,https://ich.unesco.org/en/RL/00452
edafa57e-e450-403d-9ab5-99e065a8fcaf,453,2011,Weaving of Mosi (fine ramie) in the Hansan region,KR,RL,Representative List,Textile arts; Weaving,Clothing; Costumes; Craft workers; Drying; Funeral; Spinning; Technical skills; Traditional tools; Work songs,https://ich.unesco.org/en/RL/00453
5a93b081-8b10-4d1a-a323-7d792f4ebc1e,175,2009,Ritual ceremony of the Voladores,MX,RL,Representative List,Acrobatics; Fertility ritual; Ritual dance; Rituals,Cosmology; Mythology; Percussion instruments; Woodwind instruments,https://ich.unesco.org/en/RL/00175
72ab51a2-f18f-4811-a7f1-d8bacc1b0627,194,2009,Ijele masquerade,NG,RL,Representative List,Masks; Procession; Ritual items,Clans; Craft workers; Dance; Fertility ritual; Funeral; Idiophones; Instrumental music; Magic; Mythology; Percussion instruments; Social values; Spiritual retreat; Taboo; Vocal music; Woodwind instruments; Woodworking,https://ich.unesco.org/en/RL/00194
e53b55b7-edd0-4a39-a081-eaa9652233d7,189,2009,Cheoyongmu,KR,RL,Representative List,Masks; Ritual dance; Theatre,Aristocracy; Confucianism; Cosmology; Costumes; Hats; Legendary creatures; Moral values; Mythology; New year; Orchestras; Peace; Religious practice; Ritual purification; Vocal music,https://ich.unesco.org/en/RL/00189
663b9aed-c5f4-41ed-9b39-110cede60c4b,184,2009,Namsadang Nori,KR,RL,Representative List,Acrobatics; Performing arts; Theatre,Dance; Entertainment; Folk art; Humour (literary); Idiophones; Instrumental music; Masks; Nomads; Percussion instruments; Puppets; Rituals; Satire; Woodwind instruments,https://ich.unesco.org/en/RL/00184
489a0e7b-7881-4edc-a5cc-139f625548d0,186,2009,Yeongsanjae,KR,RL,Representative List,Buddhism; Religious practice; Rituals,Clergy; Costumes; Food; Handicrafts; Hats; Historical reenactment; Idiophones; Offering; Poetry; Ritual dance; Ritual purification; Veneration of the dead; Visual arts; Vocal music; Woodwind instruments,https://ich.unesco.org/en/RL/00186
5d55ed1a-3cfc-4237-aa07-31c0a792aef2,192,2009,Doina,RO,RL,Representative List,Instrumental music; Vocal music,Dance; Emotions; Everyday life; Farmers; Funeral; Improvisation; Oral tradition; Orchestras; Poetry; Throat singing; Wedding; Wind instruments,https://ich.unesco.org/en/RL/00192
5f933163-5979-443b-a0e8-8b78467a16cd,172,2009,"Whistled language of the island of La Gomera (Canary Islands), the Silbo Gomero",ES,RL,Representative List,Communication skills; Whistled language,Apprenticeship; Everyday life; Language instruction; Linguistics; Rural environment; Rural population; Talent,https://ich.unesco.org/en/RL/00172
32508686-c050-439e-8de2-71ac53849284,182,2009,Candombe and its socio-cultural space: a community practice,UY,RL,Representative List,Dance; Percussion instruments; Procession,Colonial history; Communities; Festivals; Instrument making; Instrumental music; Orchestras; Slavery,https://ich.unesco.org/en/RL/00182
3f8668e9-20da-43e3-b66c-d3c68d39c9ae,288,2009,Katta Ashula,UZ,RL,Representative List,Instrumental music; Theatre; Vocal music,Apprenticeship; Cosmology; Costumes; Emotions; Festivals; Improvisation; Multiethnic societies; Performing arts; Philosophy; Poetry; Rituals; Theology,https://ich.unesco.org/en/RL/00288
52314a56-fd29-4bdc-9572-13d0b7825680,315,2009,"Cantu in paghjella, a secular and liturgical oral tradition of Corsica",FR,USL,Urgent Safeguarding List,Polyphonic singing; Vocal music,Catholicism; Choir singing; Fair; Festivals; Improvisation; Nonformal education; Oral tradition; Performers; Procession; Religious art; Religious practice; Secular practice; Urban spaces,https://ich.unesco.org/en/USL/00315
c3ad887e-c11e-40b2-bfc0-dafc6f2dc710,313,2009,Traditions and practices associated with the Kayas in the sacred forests of the Mijikenda,KE,USL,Urgent Safeguarding List,Cultural space; Sacred sites,Animism; Dance; Funeral; Governance; Initiation rites; Instrumental music; Magic; Multiethnic societies; Oral history; Oral tradition; Rituals; Social inclusion; Spiritual knowledge; Traditional medicine; Veneration of the dead; Wedding,https://ich.unesco.org/en/USL/00313
ea556535-fd53-4fb1-889d-c58ad64c7f72,289,2009,"Sanké mon, collective fishing rite of the Sanké",ML,USL,Urgent Safeguarding List,Rituals,Animism; Choreography; Costumes; Dance; Festivals; Handicrafts; Masks; Offering; Percussion instruments; Sacred sites; Satire; Technical skills; Wells,https://ich.unesco.org/en/USL/00289
3992169c-1827-45cb-a912-a65820f7db04,311,2009,"Mongol Biyelgee, Mongolian traditional folk dance",MN,USL,Urgent Safeguarding List,Dance; Instrumental music,Apprenticeship; Bowed string instruments; Choreography; Costumes; Embroidery; Emotions; Family; Folk art; Handicrafts; Jewelry; Multiethnic societies; Nomads; Pattern; Throat singing; Vocal music; Wedding,https://ich.unesco.org/en/USL/00311
